Study_ID,response_var,Climate,Biome,Effect_size,Effect_size_pair,Time_Since_Fire,Effect_size_no_watershed,Site,year,Vegetation_year_pull,burn_percentage,comid,Forest,Urban,Grassland,Wetland,AG,BFIWs,totdasqkm,streamorde,maxelevraw,minelevraw,maxelevsmo,minelevsmo,elevfixed,slope,Precip9120Ws,Tmax9120Ws,Tmean9120Ws,Tmin9120Ws,PctFire2000Ws,PctFire2001Ws,PctFire2002Ws,PctFire2003Ws,PctFire2004Ws,PctFire2005Ws,PctFire2006Ws,PctFire2007Ws,PctFire2008Ws,PctFire2009Ws,PctFire2010Ws,rckdepws,wspctfull,catareasqkm,wsareasqkm,catareasqkmrp100,wsareasqkmrp100,PctCarbResidWs,PctNonCarbResidWs,PctAlkIntruVolWs,PctSilicicWs,PctExtruVolWs,PctColluvSedWs,PctGlacTilClayWs,PctGlacTilLoamWs,PctGlacTilCrsWs,PctGlacLakeCrsWs,PctGlacLakeFineWs,PctHydricWs,PctEolCrsWs,PctEolFineWs,PctSalLakeWs,PctAlluvCoastWs,PctCoastCrsWs,PctWaterWs,MAST_2008,MAST_2009,MAST_2013,MAST_2014,MSST_2008,MSST_2009,MSST_2013,MSST_2014,MWST_2008,MWST_2009,MWST_2013,MWST_2014,NO3_2008Ws,InorgNWetDep_2008Ws,NH4_2008Ws,RunoffWs,WtDepWs,OmWs,PermWs,RckDepWs,PctLow Burn SeverityWs_1984,PctModerate Burn SeverityWs_1984,PctHigh Burn SeverityWs_1984,PctLow Burn SeverityWs_1985,PctModerate Burn SeverityWs_1985,PctHigh Burn SeverityWs_1985,PctLow Burn SeverityWs_1986,PctModerate Burn SeverityWs_1986,PctHigh Burn SeverityWs_1986,PctLow Burn SeverityWs_1987,PctModerate Burn SeverityWs_1987,PctHigh Burn SeverityWs_1987,PctLow Burn SeverityWs_1988,PctModerate Burn SeverityWs_1988,PctHigh Burn SeverityWs_1988,PctLow Burn SeverityWs_1989,PctModerate Burn SeverityWs_1989,PctHigh Burn SeverityWs_1989,PctLow Burn SeverityWs_1990,PctModerate Burn SeverityWs_1990,PctHigh Burn SeverityWs_1990,PctLow Burn SeverityWs_1991,PctModerate Burn SeverityWs_1991,PctHigh Burn SeverityWs_1991,PctLow Burn SeverityWs_1992,PctModerate Burn SeverityWs_1992,PctHigh Burn SeverityWs_1992,PctLow Burn SeverityWs_1993,PctModerate Burn SeverityWs_1993,PctHigh Burn SeverityWs_1993,PctLow Burn SeverityWs_1994,PctModerate Burn SeverityWs_1994,PctHigh Burn SeverityWs_1994,PctLow Burn SeverityWs_1995,PctModerate Burn SeverityWs_1995,PctHigh Burn SeverityWs_1995,PctLow Burn SeverityWs_2002,PctModerate Burn SeverityWs_2002,PctHigh Burn SeverityWs_2002,PctLow Burn SeverityWs_2003,PctModerate Burn SeverityWs_2003,PctHigh Burn SeverityWs_2003,PctLow Burn SeverityWs_2004,PctModerate Burn SeverityWs_2004,PctHigh Burn SeverityWs_2004,PctLow Burn SeverityWs_2005,PctModerate Burn SeverityWs_2005,PctHigh Burn SeverityWs_2005,PctLow Burn SeverityWs_2006,PctModerate Burn SeverityWs_2006,PctHigh Burn SeverityWs_2006,PctLow Burn SeverityWs_2007,PctModerate Burn SeverityWs_2007,PctHigh Burn SeverityWs_2007,PctLow Burn SeverityWs_2008,PctModerate Burn SeverityWs_2008,PctHigh Burn SeverityWs_2008,PctLow Burn SeverityWs_2009,PctModerate Burn SeverityWs_2009,PctHigh Burn SeverityWs_2009,PctLow Burn SeverityWs_2010,PctModerate Burn SeverityWs_2010,PctHigh Burn SeverityWs_2010,PctLow Burn SeverityWs_2011,PctModerate Burn SeverityWs_2011,PctHigh Burn SeverityWs_2011,PctLow Burn SeverityWs_2012,PctModerate Burn SeverityWs_2012,PctHigh Burn SeverityWs_2012,PctLow Burn SeverityWs_2013,PctModerate Burn SeverityWs_2013,PctHigh Burn SeverityWs_2013,PctLow Burn SeverityWs_2014,PctModerate Burn SeverityWs_2014,PctHigh Burn SeverityWs_2014,PctLow Burn SeverityWs_2015,PctModerate Burn SeverityWs_2015,PctHigh Burn SeverityWs_2015,PctLow Burn SeverityWs_2016,PctModerate Burn SeverityWs_2016,PctHigh Burn SeverityWs_2016,PctLow Burn SeverityWs_2017,PctModerate Burn SeverityWs_2017,PctHigh Burn SeverityWs_2017,PctLow Burn SeverityWs_2018,PctModerate Burn SeverityWs_2018,PctHigh Burn SeverityWs_2018,geometry,mean_dnbr,burn_severity_category
Mast & Clow; 2008,DOC_Interp,Dfc,Cold,-0.09681026823499513,lnR1,1,0.6151856379851283,Coal,MTBS_2003Ws,2004,51,22957705,34.71,0,55.56,0.01,0,66.6211,96.5538,3,-9998,109592,115107,109637,0,0.02580188,1355.135729278453,8.085794114353023,2.7956171906009213,-2.4943834950626385,0,0,0,50.84,0,0,0,0,0,0,0,117.921326783617,100,2.5533,96.5538,0.4302,12.8727,1.09,94.37,0,0,0,0,0,0,3.14,0,0,0,0,0,0,1.4,0,0,7.428963886959999,7.4301384602,7.427802079789999,7.44127507167,13.5835597937,13.6160829025,14.8401769179,14.2359698217,1.4928191494299998,1.53013135699,1.85253053628,1.3983251001500001,5.3956,2.4437,1.5771000000000002,881,182.88,0.9657,5.3971,117.9213,0,3.0700000000000003,0,0,0,0,0,0,0,0,0,0,0,0,0,0,0,0,0,0,0,0,0,0,0,0,0,0,0,0,0,0,0,0,0,0,0,0,0,13.21,14.7,17.490000000000002,0,0,0,0,0,0,0,0,0,0,0,0,0,0,0,0,0,0,0,0,0,0,0,0,0,0,0,0,0,0,0,0,0,0,0,0,0,0,0,0,0,0,0,0,0,"c(-113.679003, 48.416329)",-2081.0693359375,NA
Mast & Clow; 2008,DOC_Interp,Dfc,Cold,-0.4369109394676362,lnR1,1,0.2750849666240246,Coal,MTBS_2003Ws,2004,51,22957705,34.71,0,55.56,0.01,0,66.6211,96.5538,3,-9998,109592,115107,109637,0,0.02580188,1355.135729278453,8.085794114353023,2.7956171906009213,-2.4943834950626385,0,0,0,50.84,0,0,0,0,0,0,0,117.921326783617,100,2.5533,96.5538,0.4302,12.8727,1.09,94.37,0,0,0,0,0,0,3.14,0,0,0,0,0,0,1.4,0,0,7.428963886959999,7.4301384602,7.427802079789999,7.44127507167,13.5835597937,13.6160829025,14.8401769179,14.2359698217,1.4928191494299998,1.53013135699,1.85253053628,1.3983251001500001,5.3956,2.4437,1.5771000000000002,881,182.88,0.9657,5.3971,117.9213,0,3.0700000000000003,0,0,0,0,0,0,0,0,0,0,0,0,0,0,0,0,0,0,0,0,0,0,0,0,0,0,0,0,0,0,0,0,0,0,0,0,0,13.21,14.7,17.490000000000002,0,0,0,0,0,0,0,0,0,0,0,0,0,0,0,0,0,0,0,0,0,0,0,0,0,0,0,0,0,0,0,0,0,0,0,0,0,0,0,0,0,0,0,0,0,"c(-113.679003, 48.416329)",-2081.0693359375,NA
Mast & Clow; 2008,DOC_Interp,Dfc,Cold,-0.06041612864308117,lnR1,2,0.6515797774440986,Coal,MTBS_2003Ws,2004,51,22957705,34.71,0,55.56,0.01,0,66.6211,96.5538,3,-9998,109592,115107,109637,0,0.02580188,1355.135729278453,8.085794114353023,2.7956171906009213,-2.4943834950626385,0,0,0,50.84,0,0,0,0,0,0,0,117.921326783617,100,2.5533,96.5538,0.4302,12.8727,1.09,94.37,0,0,0,0,0,0,3.14,0,0,0,0,0,0,1.4,0,0,7.428963886959999,7.4301384602,7.427802079789999,7.44127507167,13.5835597937,13.6160829025,14.8401769179,14.2359698217,1.4928191494299998,1.53013135699,1.85253053628,1.3983251001500001,5.3956,2.4437,1.5771000000000002,881,182.88,0.9657,5.3971,117.9213,0,3.0700000000000003,0,0,0,0,0,0,0,0,0,0,0,0,0,0,0,0,0,0,0,0,0,0,0,0,0,0,0,0,0,0,0,0,0,0,0,0,0,13.21,14.7,17.490000000000002,0,0,0,0,0,0,0,0,0,0,0,0,0,0,0,0,0,0,0,0,0,0,0,0,0,0,0,0,0,0,0,0,0,0,0,0,0,0,0,0,0,0,0,0,0,"c(-113.679003, 48.416329)",-2081.0693359375,NA
Mast & Clow; 2008,DOC_Interp,Dfc,Cold,-0.4029301248545442,lnR1,3,0.3090657812769872,Coal,MTBS_2003Ws,2004,51,22957705,34.71,0,55.56,0.01,0,66.6211,96.5538,3,-9998,109592,115107,109637,0,0.02580188,1355.135729278453,8.085794114353023,2.7956171906009213,-2.4943834950626385,0,0,0,50.84,0,0,0,0,0,0,0,117.921326783617,100,2.5533,96.5538,0.4302,12.8727,1.09,94.37,0,0,0,0,0,0,3.14,0,0,0,0,0,0,1.4,0,0,7.428963886959999,7.4301384602,7.427802079789999,7.44127507167,13.5835597937,13.6160829025,14.8401769179,14.2359698217,1.4928191494299998,1.53013135699,1.85253053628,1.3983251001500001,5.3956,2.4437,1.5771000000000002,881,182.88,0.9657,5.3971,117.9213,0,3.0700000000000003,0,0,0,0,0,0,0,0,0,0,0,0,0,0,0,0,0,0,0,0,0,0,0,0,0,0,0,0,0,0,0,0,0,0,0,0,0,13.21,14.7,17.490000000000002,0,0,0,0,0,0,0,0,0,0,0,0,0,0,0,0,0,0,0,0,0,0,0,0,0,0,0,0,0,0,0,0,0,0,0,0,0,0,0,0,0,0,0,0,0,"c(-113.679003, 48.416329)",-2081.0693359375,NA
Mast & Clow; 2008,DOC_Interp,Dfc,Cold,-0.04412605697997436,lnR1,4,0.6678698490821108,Coal,MTBS_2003Ws,2004,51,22957705,34.71,0,55.56,0.01,0,66.6211,96.5538,3,-9998,109592,115107,109637,0,0.02580188,1355.135729278453,8.085794114353023,2.7956171906009213,-2.4943834950626385,0,0,0,50.84,0,0,0,0,0,0,0,117.921326783617,100,2.5533,96.5538,0.4302,12.8727,1.09,94.37,0,0,0,0,0,0,3.14,0,0,0,0,0,0,1.4,0,0,7.428963886959999,7.4301384602,7.427802079789999,7.44127507167,13.5835597937,13.6160829025,14.8401769179,14.2359698217,1.4928191494299998,1.53013135699,1.85253053628,1.3983251001500001,5.3956,2.4437,1.5771000000000002,881,182.88,0.9657,5.3971,117.9213,0,3.0700000000000003,0,0,0,0,0,0,0,0,0,0,0,0,0,0,0,0,0,0,0,0,0,0,0,0,0,0,0,0,0,0,0,0,0,0,0,0,0,13.21,14.7,17.490000000000002,0,0,0,0,0,0,0,0,0,0,0,0,0,0,0,0,0,0,0,0,0,0,0,0,0,0,0,0,0,0,0,0,0,0,0,0,0,0,0,0,0,0,0,0,0,"c(-113.679003, 48.416329)",-2081.0693359375,NA
Mast & Clow; 2008,DOC_Interp,Dfc,Cold,-0.09681026823499513,lnR1,1,0.6151856379851283,Coal,MTBS_2003Ws,2008,51,22957705,33.57,0,56.699999999999996,0.01,0,66.6211,96.5538,3,-9998,109592,115107,109637,0,0.02580188,1355.135729278453,8.085794114353023,2.7956171906009213,-2.4943834950626385,0,0,0,50.84,0,0,0,0,0,0,0,117.921326783617,100,2.5533,96.5538,0.4302,12.8727,1.09,94.37,0,0,0,0,0,0,3.14,0,0,0,0,0,0,1.4,0,0,7.428963886959999,7.4301384602,7.427802079789999,7.44127507167,13.5835597937,13.6160829025,14.8401769179,14.2359698217,1.4928191494299998,1.53013135699,1.85253053628,1.3983251001500001,5.3956,2.4437,1.5771000000000002,881,182.88,0.9657,5.3971,117.9213,0,3.0700000000000003,0,0,0,0,0,0,0,0,0,0,0,0,0,0,0,0,0,0,0,0,0,0,0,0,0,0,0,0,0,0,0,0,0,0,0,0,0,13.21,14.7,17.490000000000002,0,0,0,0,0,0,0,0,0,0,0,0,0,0,0,0,0,0,0,0,0,0,0,0,0,0,0,0,0,0,0,0,0,0,0,0,0,0,0,0,0,0,0,0,0,"c(-113.679003, 48.416329)",-2081.0693359375,NA
Mast & Clow; 2008,DOC_Interp,Dfc,Cold,-0.4369109394676362,lnR1,1,0.2750849666240246,Coal,MTBS_2003Ws,2008,51,22957705,33.57,0,56.699999999999996,0.01,0,66.6211,96.5538,3,-9998,109592,115107,109637,0,0.02580188,1355.135729278453,8.085794114353023,2.7956171906009213,-2.4943834950626385,0,0,0,50.84,0,0,0,0,0,0,0,117.921326783617,100,2.5533,96.5538,0.4302,12.8727,1.09,94.37,0,0,0,0,0,0,3.14,0,0,0,0,0,0,1.4,0,0,7.428963886959999,7.4301384602,7.427802079789999,7.44127507167,13.5835597937,13.6160829025,14.8401769179,14.2359698217,1.4928191494299998,1.53013135699,1.85253053628,1.3983251001500001,5.3956,2.4437,1.5771000000000002,881,182.88,0.9657,5.3971,117.9213,0,3.0700000000000003,0,0,0,0,0,0,0,0,0,0,0,0,0,0,0,0,0,0,0,0,0,0,0,0,0,0,0,0,0,0,0,0,0,0,0,0,0,13.21,14.7,17.490000000000002,0,0,0,0,0,0,0,0,0,0,0,0,0,0,0,0,0,0,0,0,0,0,0,0,0,0,0,0,0,0,0,0,0,0,0,0,0,0,0,0,0,0,0,0,0,"c(-113.679003, 48.416329)",-2081.0693359375,NA
Mast & Clow; 2008,DOC_Interp,Dfc,Cold,-0.06041612864308117,lnR1,2,0.6515797774440986,Coal,MTBS_2003Ws,2008,51,22957705,33.57,0,56.699999999999996,0.01,0,66.6211,96.5538,3,-9998,109592,115107,109637,0,0.02580188,1355.135729278453,8.085794114353023,2.7956171906009213,-2.4943834950626385,0,0,0,50.84,0,0,0,0,0,0,0,117.921326783617,100,2.5533,96.5538,0.4302,12.8727,1.09,94.37,0,0,0,0,0,0,3.14,0,0,0,0,0,0,1.4,0,0,7.428963886959999,7.4301384602,7.427802079789999,7.44127507167,13.5835597937,13.6160829025,14.8401769179,14.2359698217,1.4928191494299998,1.53013135699,1.85253053628,1.3983251001500001,5.3956,2.4437,1.5771000000000002,881,182.88,0.9657,5.3971,117.9213,0,3.0700000000000003,0,0,0,0,0,0,0,0,0,0,0,0,0,0,0,0,0,0,0,0,0,0,0,0,0,0,0,0,0,0,0,0,0,0,0,0,0,13.21,14.7,17.490000000000002,0,0,0,0,0,0,0,0,0,0,0,0,0,0,0,0,0,0,0,0,0,0,0,0,0,0,0,0,0,0,0,0,0,0,0,0,0,0,0,0,0,0,0,0,0,"c(-113.679003, 48.416329)",-2081.0693359375,NA
Mast & Clow; 2008,DOC_Interp,Dfc,Cold,-0.4029301248545442,lnR1,3,0.3090657812769872,Coal,MTBS_2003Ws,2008,51,22957705,33.57,0,56.699999999999996,0.01,0,66.6211,96.5538,3,-9998,109592,115107,109637,0,0.02580188,1355.135729278453,8.085794114353023,2.7956171906009213,-2.4943834950626385,0,0,0,50.84,0,0,0,0,0,0,0,117.921326783617,100,2.5533,96.5538,0.4302,12.8727,1.09,94.37,0,0,0,0,0,0,3.14,0,0,0,0,0,0,1.4,0,0,7.428963886959999,7.4301384602,7.427802079789999,7.44127507167,13.5835597937,13.6160829025,14.8401769179,14.2359698217,1.4928191494299998,1.53013135699,1.85253053628,1.3983251001500001,5.3956,2.4437,1.5771000000000002,881,182.88,0.9657,5.3971,117.9213,0,3.0700000000000003,0,0,0,0,0,0,0,0,0,0,0,0,0,0,0,0,0,0,0,0,0,0,0,0,0,0,0,0,0,0,0,0,0,0,0,0,0,13.21,14.7,17.490000000000002,0,0,0,0,0,0,0,0,0,0,0,0,0,0,0,0,0,0,0,0,0,0,0,0,0,0,0,0,0,0,0,0,0,0,0,0,0,0,0,0,0,0,0,0,0,"c(-113.679003, 48.416329)",-2081.0693359375,NA
Mast & Clow; 2008,DOC_Interp,Dfc,Cold,-0.04412605697997436,lnR1,4,0.6678698490821108,Coal,MTBS_2003Ws,2008,51,22957705,33.57,0,56.699999999999996,0.01,0,66.6211,96.5538,3,-9998,109592,115107,109637,0,0.02580188,1355.135729278453,8.085794114353023,2.7956171906009213,-2.4943834950626385,0,0,0,50.84,0,0,0,0,0,0,0,117.921326783617,100,2.5533,96.5538,0.4302,12.8727,1.09,94.37,0,0,0,0,0,0,3.14,0,0,0,0,0,0,1.4,0,0,7.428963886959999,7.4301384602,7.427802079789999,7.44127507167,13.5835597937,13.6160829025,14.8401769179,14.2359698217,1.4928191494299998,1.53013135699,1.85253053628,1.3983251001500001,5.3956,2.4437,1.5771000000000002,881,182.88,0.9657,5.3971,117.9213,0,3.0700000000000003,0,0,0,0,0,0,0,0,0,0,0,0,0,0,0,0,0,0,0,0,0,0,0,0,0,0,0,0,0,0,0,0,0,0,0,0,0,13.21,14.7,17.490000000000002,0,0,0,0,0,0,0,0,0,0,0,0,0,0,0,0,0,0,0,0,0,0,0,0,0,0,0,0,0,0,0,0,0,0,0,0,0,0,0,0,0,0,0,0,0,"c(-113.679003, 48.416329)",-2081.0693359375,NA
Murphy et al. 2018,DOC_Interp,Cfb,Temperate,-0.15421132820740355,lnR1,1,0.2024636157332238,DS1,MTBS_2010Ws,2011,16.3095,2889268,70.06,1.85,27.39,0.52,0,68.4323,41.4918,2,-9998,200680,219187,201169,0,0.03861551,575.1299180658973,11.967059454296775,5.5185964333584225,-0.9299217869931892,0,0,0,0,0,0,0,0,0,0,19,108.31129408702442,100,8.0316,41.4918,1.0305,5.1687,0,0,0,100,0,0,0,0,0,0,0,0,0,0,0,0,0,0,6.8939004196400004,6.9260815318099995,6.87002371996,7.017174518829999,14.0557992435,13.3744614381,13.789159105,13.6581066284,1.3306086094599998,2.36993088228,1.43356203062,1.49144165678,4.155,1.9783,1.3423,91,173.8144,0.5266000000000001,12.8425,108.3113,0,0,0,0,0,0,0,0,0,0,0,0,0,0,0,0.05,0.01,0,0,0,0,0,0,0,0,0,0,0,0,0,0,0,0,0,0,0,0,0,0,0,0,0,0,0,0,0,0,0,0,0,0,0,0,0,0,0,0,0,0,0,2.74,5.66,5.67,0,0,0,0,0,0,0,0,0,0,0,0,0,0,0,0,0,0,0,0,0,0,0,0,"c(-105.419135, 40.03726)",319.860595703125,Moderate
Murphy et al. 2018,DOC_Interp,Cfb,Temperate,-0.34174627790214473,lnR2,1,0.3160337588267013,DS2,MTBS_2010Ws,2011,27.1144,2889346,64.94999999999999,1.96,32.49,0.39999999999999997,0,68.2947,62.9001,2,-9998,174832,201169,174884,0,0.03894074,567.5207179916725,13.136412093884449,6.538772875554953,-0.05888624115847978,0,0,0,0,0,0,0,0,0,0,30.68,91.90476541372747,100,14.9211,62.9001,1.4553,7.6518,0,0,0,100,0,0,0,0,0,0,0,0,0,0,0,0,0,0,7.736862229700001,7.7122726192,7.58552813598,7.80435086429,16.3271666153,14.8582374784,16.2871955677,15.8495982606,1.7588941085099998,2.91296100151,1.73537895582,1.81034189298,4.0251,1.9225,1.3082,91,175.2974,0.7733,12.8231,91.9048,0,0,0,0,0,0,0,0,0,0,0,0,0,0,0,0.03,0.01,0,0,0,0,0,0,0,0,0,0,0,0,0,0,0,0,0,0,0,0,0,0,0,0,0,0,0,0,0,0,0,0,0,0,0,0,0,0,0,0,0,0,0,5.64,8.98,9.23,0,0,0,0,0,0,0,0,0,0,0,0,0,0,0,0,0,0,0,0,0,0,0,0,"c(-105.372034, 40.05029)",301.2357482910156,Moderate
Murphy et al. 2018,DOC_Interp,Cfb,Temperate,-0.5958811005727815,lnR3,1,0.29459670027107165,DS3,MTBS_2010Ws,2011,27.1121,2889356,64.94999999999999,1.97,32.49,0.39999999999999997,0,68.2946,62.9055,2,-9998,174700,174884,174884,1,1e-5,567.5192122464987,13.13677221425912,6.539054760481682,-0.05868251768360101,0,0,0,0,0,0,0,0,0,0,30.68,91.90198798197297,100,0.0054,62.9055,0.0054,7.6572,0,0,0,100,0,0,0,0,0,0,0,0,0,0,0,0,0,0,7.736862229700001,7.7122726192,7.58552813598,7.80435086429,16.3273630121,14.8582374784,16.2873919646,15.8497946574,1.7588941085099998,2.91296100151,1.73537895582,1.81034189298,4.0251,1.9225,1.3082,91,175.29770000000002,0.7733,12.8232,91.902,0,0,0,0,0,0,0,0,0,0,0,0,0,0,0,0.03,0.01,0,0,0,0,0,0,0,0,0,0,0,0,0,0,0,0,0,0,0,0,0,0,0,0,0,0,0,0,0,0,0,0,0,0,0,0,0,0,0,0,0,0,0,5.64,8.98,9.23,0,0,0,0,0,0,0,0,0,0,0,0,0,0,0,0,0,0,0,0,0,0,0,0,"c(-105.324921, 40.015746)",301.2357482910156,Moderate
Murphy et al. 2018,DOC_Interp,Cfb,Temperate,-0.3927035443793147,lnR1,2,-0.03602860043776373,DS1,MTBS_2010Ws,2011,16.3095,2889268,70.06,1.85,27.39,0.52,0,68.4323,41.4918,2,-9998,200680,219187,201169,0,0.03861551,575.1299180658973,11.967059454296775,5.5185964333584225,-0.9299217869931892,0,0,0,0,0,0,0,0,0,0,19,108.31129408702442,100,8.0316,41.4918,1.0305,5.1687,0,0,0,100,0,0,0,0,0,0,0,0,0,0,0,0,0,0,6.8939004196400004,6.9260815318099995,6.87002371996,7.017174518829999,14.0557992435,13.3744614381,13.789159105,13.6581066284,1.3306086094599998,2.36993088228,1.43356203062,1.49144165678,4.155,1.9783,1.3423,91,173.8144,0.5266000000000001,12.8425,108.3113,0,0,0,0,0,0,0,0,0,0,0,0,0,0,0,0.05,0.01,0,0,0,0,0,0,0,0,0,0,0,0,0,0,0,0,0,0,0,0,0,0,0,0,0,0,0,0,0,0,0,0,0,0,0,0,0,0,0,0,0,0,0,2.74,5.66,5.67,0,0,0,0,0,0,0,0,0,0,0,0,0,0,0,0,0,0,0,0,0,0,0,0,"c(-105.419135, 40.03726)",319.860595703125,Moderate
Murphy et al. 2018,DOC_Interp,Cfb,Temperate,-0.42290817678560866,lnR2,2,0.2348718599264835,DS2,MTBS_2010Ws,2011,27.1144,2889346,64.94999999999999,1.96,32.49,0.39999999999999997,0,68.2947,62.9001,2,-9998,174832,201169,174884,0,0.03894074,567.5207179916725,13.136412093884449,6.538772875554953,-0.05888624115847978,0,0,0,0,0,0,0,0,0,0,30.68,91.90476541372747,100,14.9211,62.9001,1.4553,7.6518,0,0,0,100,0,0,0,0,0,0,0,0,0,0,0,0,0,0,7.736862229700001,7.7122726192,7.58552813598,7.80435086429,16.3271666153,14.8582374784,16.2871955677,15.8495982606,1.7588941085099998,2.91296100151,1.73537895582,1.81034189298,4.0251,1.9225,1.3082,91,175.2974,0.7733,12.8231,91.9048,0,0,0,0,0,0,0,0,0,0,0,0,0,0,0,0.03,0.01,0,0,0,0,0,0,0,0,0,0,0,0,0,0,0,0,0,0,0,0,0,0,0,0,0,0,0,0,0,0,0,0,0,0,0,0,0,0,0,0,0,0,0,5.64,8.98,9.23,0,0,0,0,0,0,0,0,0,0,0,0,0,0,0,0,0,0,0,0,0,0,0,0,"c(-105.372034, 40.05029)",301.2357482910156,Moderate
Murphy et al. 2018,DOC_Interp,Cfb,Temperate,-0.5323218443701297,lnR3,2,0.3581559564702898,DS3,MTBS_2010Ws,2011,27.1121,2889356,64.94999999999999,1.97,32.49,0.39999999999999997,0,68.2946,62.9055,2,-9998,174700,174884,174884,1,1e-5,567.5192122464987,13.13677221425912,6.539054760481682,-0.05868251768360101,0,0,0,0,0,0,0,0,0,0,30.68,91.90198798197297,100,0.0054,62.9055,0.0054,7.6572,0,0,0,100,0,0,0,0,0,0,0,0,0,0,0,0,0,0,7.736862229700001,7.7122726192,7.58552813598,7.80435086429,16.3273630121,14.8582374784,16.2873919646,15.8497946574,1.7588941085099998,2.91296100151,1.73537895582,1.81034189298,4.0251,1.9225,1.3082,91,175.29770000000002,0.7733,12.8232,91.902,0,0,0,0,0,0,0,0,0,0,0,0,0,0,0,0.03,0.01,0,0,0,0,0,0,0,0,0,0,0,0,0,0,0,0,0,0,0,0,0,0,0,0,0,0,0,0,0,0,0,0,0,0,0,0,0,0,0,0,0,0,0,5.64,8.98,9.23,0,0,0,0,0,0,0,0,0,0,0,0,0,0,0,0,0,0,0,0,0,0,0,0,"c(-105.324921, 40.015746)",301.2357482910156,Moderate
Murphy et al. 2018,DOC_Interp,Cfb,Temperate,-0.4606624896308272,lnR1,3,-0.10398754569559836,DS1,MTBS_2010Ws,2011,16.3095,2889268,70.06,1.85,27.39,0.52,0,68.4323,41.4918,2,-9998,200680,219187,201169,0,0.03861551,575.1299180658973,11.967059454296775,5.5185964333584225,-0.9299217869931892,0,0,0,0,0,0,0,0,0,0,19,108.31129408702442,100,8.0316,41.4918,1.0305,5.1687,0,0,0,100,0,0,0,0,0,0,0,0,0,0,0,0,0,0,6.8939004196400004,6.9260815318099995,6.87002371996,7.017174518829999,14.0557992435,13.3744614381,13.789159105,13.6581066284,1.3306086094599998,2.36993088228,1.43356203062,1.49144165678,4.155,1.9783,1.3423,91,173.8144,0.5266000000000001,12.8425,108.3113,0,0,0,0,0,0,0,0,0,0,0,0,0,0,0,0.05,0.01,0,0,0,0,0,0,0,0,0,0,0,0,0,0,0,0,0,0,0,0,0,0,0,0,0,0,0,0,0,0,0,0,0,0,0,0,0,0,0,0,0,0,0,2.74,5.66,5.67,0,0,0,0,0,0,0,0,0,0,0,0,0,0,0,0,0,0,0,0,0,0,0,0,"c(-105.419135, 40.03726)",319.860595703125,Moderate
Murphy et al. 2018,DOC_Interp,Cfb,Temperate,-0.5571906893974136,lnR2,3,0.10058934731626933,DS2,MTBS_2010Ws,2011,27.1144,2889346,64.94999999999999,1.96,32.49,0.39999999999999997,0,68.2947,62.9001,2,-9998,174832,201169,174884,0,0.03894074,567.5207179916725,13.136412093884449,6.538772875554953,-0.05888624115847978,0,0,0,0,0,0,0,0,0,0,30.68,91.90476541372747,100,14.9211,62.9001,1.4553,7.6518,0,0,0,100,0,0,0,0,0,0,0,0,0,0,0,0,0,0,7.736862229700001,7.7122726192,7.58552813598,7.80435086429,16.3271666153,14.8582374784,16.2871955677,15.8495982606,1.7588941085099998,2.91296100151,1.73537895582,1.81034189298,4.0251,1.9225,1.3082,91,175.2974,0.7733,12.8231,91.9048,0,0,0,0,0,0,0,0,0,0,0,0,0,0,0,0.03,0.01,0,0,0,0,0,0,0,0,0,0,0,0,0,0,0,0,0,0,0,0,0,0,0,0,0,0,0,0,0,0,0,0,0,0,0,0,0,0,0,0,0,0,0,5.64,8.98,9.23,0,0,0,0,0,0,0,0,0,0,0,0,0,0,0,0,0,0,0,0,0,0,0,0,"c(-105.372034, 40.05029)",301.2357482910156,Moderate
Murphy et al. 2018,DOC_Interp,Cfb,Temperate,-0.727693966065763,lnR3,3,0.16278383477984956,DS3,MTBS_2010Ws,2011,27.1121,2889356,64.94999999999999,1.97,32.49,0.39999999999999997,0,68.2946,62.9055,2,-9998,174700,174884,174884,1,1e-5,567.5192122464987,13.13677221425912,6.539054760481682,-0.05868251768360101,0,0,0,0,0,0,0,0,0,0,30.68,91.90198798197297,100,0.0054,62.9055,0.0054,7.6572,0,0,0,100,0,0,0,0,0,0,0,0,0,0,0,0,0,0,7.736862229700001,7.7122726192,7.58552813598,7.80435086429,16.3273630121,14.8582374784,16.2873919646,15.8497946574,1.7588941085099998,2.91296100151,1.73537895582,1.81034189298,4.0251,1.9225,1.3082,91,175.29770000000002,0.7733,12.8232,91.902,0,0,0,0,0,0,0,0,0,0,0,0,0,0,0,0.03,0.01,0,0,0,0,0,0,0,0,0,0,0,0,0,0,0,0,0,0,0,0,0,0,0,0,0,0,0,0,0,0,0,0,0,0,0,0,0,0,0,0,0,0,0,5.64,8.98,9.23,0,0,0,0,0,0,0,0,0,0,0,0,0,0,0,0,0,0,0,0,0,0,0,0,"c(-105.324921, 40.015746)",301.2357482910156,Moderate
Murphy et al. 2018,DOC_Interp,Cfb,Temperate,-0.4061224565735817,lnR1,4,-0.04944751262833994,DS1,MTBS_2010Ws,2011,16.3095,2889268,70.06,1.85,27.39,0.52,0,68.4323,41.4918,2,-9998,200680,219187,201169,0,0.03861551,575.1299180658973,11.967059454296775,5.5185964333584225,-0.9299217869931892,0,0,0,0,0,0,0,0,0,0,19,108.31129408702442,100,8.0316,41.4918,1.0305,5.1687,0,0,0,100,0,0,0,0,0,0,0,0,0,0,0,0,0,0,6.8939004196400004,6.9260815318099995,6.87002371996,7.017174518829999,14.0557992435,13.3744614381,13.789159105,13.6581066284,1.3306086094599998,2.36993088228,1.43356203062,1.49144165678,4.155,1.9783,1.3423,91,173.8144,0.5266000000000001,12.8425,108.3113,0,0,0,0,0,0,0,0,0,0,0,0,0,0,0,0.05,0.01,0,0,0,0,0,0,0,0,0,0,0,0,0,0,0,0,0,0,0,0,0,0,0,0,0,0,0,0,0,0,0,0,0,0,0,0,0,0,0,0,0,0,0,2.74,5.66,5.67,0,0,0,0,0,0,0,0,0,0,0,0,0,0,0,0,0,0,0,0,0,0,0,0,"c(-105.419135, 40.03726)",319.860595703125,Moderate
Murphy et al. 2018,DOC_Interp,Cfb,Temperate,-0.6474912132294607,lnR2,4,0.01028882350176032,DS2,MTBS_2010Ws,2011,27.1144,2889346,64.94999999999999,1.96,32.49,0.39999999999999997,0,68.2947,62.9001,2,-9998,174832,201169,174884,0,0.03894074,567.5207179916725,13.136412093884449,6.538772875554953,-0.05888624115847978,0,0,0,0,0,0,0,0,0,0,30.68,91.90476541372747,100,14.9211,62.9001,1.4553,7.6518,0,0,0,100,0,0,0,0,0,0,0,0,0,0,0,0,0,0,7.736862229700001,7.7122726192,7.58552813598,7.80435086429,16.3271666153,14.8582374784,16.2871955677,15.8495982606,1.7588941085099998,2.91296100151,1.73537895582,1.81034189298,4.0251,1.9225,1.3082,91,175.2974,0.7733,12.8231,91.9048,0,0,0,0,0,0,0,0,0,0,0,0,0,0,0,0.03,0.01,0,0,0,0,0,0,0,0,0,0,0,0,0,0,0,0,0,0,0,0,0,0,0,0,0,0,0,0,0,0,0,0,0,0,0,0,0,0,0,0,0,0,0,5.64,8.98,9.23,0,0,0,0,0,0,0,0,0,0,0,0,0,0,0,0,0,0,0,0,0,0,0,0,"c(-105.372034, 40.05029)",301.2357482910156,Moderate
Murphy et al. 2018,DOC_Interp,Cfb,Temperate,-0.8096478458169267,lnR3,4,0.08082995502057971,DS3,MTBS_2010Ws,2011,27.1121,2889356,64.94999999999999,1.97,32.49,0.39999999999999997,0,68.2946,62.9055,2,-9998,174700,174884,174884,1,1e-5,567.5192122464987,13.13677221425912,6.539054760481682,-0.05868251768360101,0,0,0,0,0,0,0,0,0,0,30.68,91.90198798197297,100,0.0054,62.9055,0.0054,7.6572,0,0,0,100,0,0,0,0,0,0,0,0,0,0,0,0,0,0,7.736862229700001,7.7122726192,7.58552813598,7.80435086429,16.3273630121,14.8582374784,16.2873919646,15.8497946574,1.7588941085099998,2.91296100151,1.73537895582,1.81034189298,4.0251,1.9225,1.3082,91,175.29770000000002,0.7733,12.8232,91.902,0,0,0,0,0,0,0,0,0,0,0,0,0,0,0,0.03,0.01,0,0,0,0,0,0,0,0,0,0,0,0,0,0,0,0,0,0,0,0,0,0,0,0,0,0,0,0,0,0,0,0,0,0,0,0,0,0,0,0,0,0,0,5.64,8.98,9.23,0,0,0,0,0,0,0,0,0,0,0,0,0,0,0,0,0,0,0,0,0,0,0,0,"c(-105.324921, 40.015746)",301.2357482910156,Moderate
Murphy et al. 2018,DOC_Interp,Cfb,Temperate,-0.35767914511751847,lnR1,5,-0.0010042011803589,DS1,MTBS_2010Ws,2011,16.3095,2889268,70.06,1.85,27.39,0.52,0,68.4323,41.4918,2,-9998,200680,219187,201169,0,0.03861551,575.1299180658973,11.967059454296775,5.5185964333584225,-0.9299217869931892,0,0,0,0,0,0,0,0,0,0,19,108.31129408702442,100,8.0316,41.4918,1.0305,5.1687,0,0,0,100,0,0,0,0,0,0,0,0,0,0,0,0,0,0,6.8939004196400004,6.9260815318099995,6.87002371996,7.017174518829999,14.0557992435,13.3744614381,13.789159105,13.6581066284,1.3306086094599998,2.36993088228,1.43356203062,1.49144165678,4.155,1.9783,1.3423,91,173.8144,0.5266000000000001,12.8425,108.3113,0,0,0,0,0,0,0,0,0,0,0,0,0,0,0,0.05,0.01,0,0,0,0,0,0,0,0,0,0,0,0,0,0,0,0,0,0,0,0,0,0,0,0,0,0,0,0,0,0,0,0,0,0,0,0,0,0,0,0,0,0,0,2.74,5.66,5.67,0,0,0,0,0,0,0,0,0,0,0,0,0,0,0,0,0,0,0,0,0,0,0,0,"c(-105.419135, 40.03726)",319.860595703125,Moderate
Murphy et al. 2018,DOC_Interp,Cfb,Temperate,-0.6284661832803651,lnR2,5,0.02931385345218518,DS2,MTBS_2010Ws,2011,27.1144,2889346,64.94999999999999,1.96,32.49,0.39999999999999997,0,68.2947,62.9001,2,-9998,174832,201169,174884,0,0.03894074,567.5207179916725,13.136412093884449,6.538772875554953,-0.05888624115847978,0,0,0,0,0,0,0,0,0,0,30.68,91.90476541372747,100,14.9211,62.9001,1.4553,7.6518,0,0,0,100,0,0,0,0,0,0,0,0,0,0,0,0,0,0,7.736862229700001,7.7122726192,7.58552813598,7.80435086429,16.3271666153,14.8582374784,16.2871955677,15.8495982606,1.7588941085099998,2.91296100151,1.73537895582,1.81034189298,4.0251,1.9225,1.3082,91,175.2974,0.7733,12.8231,91.9048,0,0,0,0,0,0,0,0,0,0,0,0,0,0,0,0.03,0.01,0,0,0,0,0,0,0,0,0,0,0,0,0,0,0,0,0,0,0,0,0,0,0,0,0,0,0,0,0,0,0,0,0,0,0,0,0,0,0,0,0,0,0,5.64,8.98,9.23,0,0,0,0,0,0,0,0,0,0,0,0,0,0,0,0,0,0,0,0,0,0,0,0,"c(-105.372034, 40.05029)",301.2357482910156,Moderate
Murphy et al. 2018,DOC_Interp,Cfb,Temperate,-0.7419088180307386,lnR3,5,0.14856898281005354,DS3,MTBS_2010Ws,2011,27.1121,2889356,64.94999999999999,1.97,32.49,0.39999999999999997,0,68.2946,62.9055,2,-9998,174700,174884,174884,1,1e-5,567.5192122464987,13.13677221425912,6.539054760481682,-0.05868251768360101,0,0,0,0,0,0,0,0,0,0,30.68,91.90198798197297,100,0.0054,62.9055,0.0054,7.6572,0,0,0,100,0,0,0,0,0,0,0,0,0,0,0,0,0,0,7.736862229700001,7.7122726192,7.58552813598,7.80435086429,16.3273630121,14.8582374784,16.2873919646,15.8497946574,1.7588941085099998,2.91296100151,1.73537895582,1.81034189298,4.0251,1.9225,1.3082,91,175.29770000000002,0.7733,12.8232,91.902,0,0,0,0,0,0,0,0,0,0,0,0,0,0,0,0.03,0.01,0,0,0,0,0,0,0,0,0,0,0,0,0,0,0,0,0,0,0,0,0,0,0,0,0,0,0,0,0,0,0,0,0,0,0,0,0,0,0,0,0,0,0,5.64,8.98,9.23,0,0,0,0,0,0,0,0,0,0,0,0,0,0,0,0,0,0,0,0,0,0,0,0,"c(-105.324921, 40.015746)",301.2357482910156,Moderate
Wagner et al. 2015,DOC_Interp,Dfb,Cold,-0.4217573948728868,lnR1,1,0.02133345300061498,PSF,MTBS_2012Ws,2013,1.5243,2899449,74.76,0.47000000000000003,21.19,0.92,0,63.340500000000006,693.8973,4,-9998,199741,205058,199985,0,0.01344909,696.1953147758546,8.422029390054115,1.7876784554679628,-4.8465501062491105,0,0,0,0,0,0,0,0,0,0,0,111.61280186563631,100,5.4972,693.8973,0.81,103.7871,0,0.01,0,91.85,0,0,0,0,8.14,0,0,0,0,0,0,0,0,0,7.990421265189999,8.01522368979,8.048816036469999,8.07402559617,16.165544147200002,15.0608470048,16.2178397158,15.1782304432,1.15979069141,1.7262113265,1.26946318436,1.27052044094,5.5217,2.4544,1.5566,39.7848,170.3603,0.5353,15.3915,111.6128,0,0,0,0,0,0,0,0,0,0,0,0,0,0,0,0,0,0,0,0,0,0,0,0,0,0,0,0,0,0,0,0,0,0,0,0,0,0,0,0,0,0,0,0,0,0,0,0,0,0,0,0,0,0,0,0,0,0,0,0,0,0,0,0,0,0,0.48,0.41,0.43,0,0,0,0,0,0,0,0,0,0,0,0,0,0,0,0,0,0,"c(-105.477698, 40.673904)",331.49774169921875,Moderate
Wagner et al. 2015,DOC_Interp,Dfb,Cold,-0.6091057775083416,lnR2,1,0.09867207177818114,PNF,MTBS_2012Ws,2013,16.7187,2900989,64.15,0.55,32.510000000000005,0.79,0,64.2162,1254.2697,5,-9998,163245,165529,163245,0,0.00900986,629.6743885693506,9.729551624060726,3.0749065512333646,-3.5795777383201783,0,0,0,0,0,0,0,0,0,0,0,109.2732020696984,100,2.016,1254.2697,0.5283,196.0245,0,0.31,0,93.84,0,0,0,0,5.8500000000000005,0,0,0,0,0,0,0,0,0,8.648534909479999,8.661799217739999,8.754185889739999,8.75480747308,18.0676130056,16.5739624437,18.0637129437,16.691463667,1.3833115243699998,2.16302236869,1.4947355917199998,1.43432559646,4.8283000000000005,2.1767000000000003,1.4007,39.4966,172.3005,0.5346000000000001,14.4029,109.2732,0,0,0,0,0,0,0,0,0,0,0,0,0,0,0,0,0,0,0,0,0,0,0,0,0,0,0,0,0,0,0,0,0,0,0,0,0,0,0,0,0,0,0,0,0,0,0,0,0,0,0,0,0,0,0,0,0,0,0,0,0,0,0,0,0,0,4.95,4.64,4.03,0,0,0,0,0,0,0,0,0,0,0,0,0,0,0,0,0,0,"c(-105.255326, 40.691783)",302.6097106933594,Moderate
Writer et al. 2014,DOC_Interp,Dfb,Cold,-0.19941718001851771,lnR1,0,0.5083606691759478,PNF,MTBS_2012Ws,2013,16.7187,2900989,64.15,0.55,32.510000000000005,0.79,0,64.2162,1254.2697,5,-9998,163245,165529,163245,0,0.00900986,629.6743885693506,9.729551624060726,3.0749065512333646,-3.5795777383201783,0,0,0,0,0,0,0,0,0,0,0,109.2732020696984,100,2.016,1254.2697,0.5283,196.0245,0,0.31,0,93.84,0,0,0,0,5.8500000000000005,0,0,0,0,0,0,0,0,0,8.648534909479999,8.661799217739999,8.754185889739999,8.75480747308,18.0676130056,16.5739624437,18.0637129437,16.691463667,1.3833115243699998,2.16302236869,1.4947355917199998,1.43432559646,4.8283000000000005,2.1767000000000003,1.4007,39.4966,172.3005,0.5346000000000001,14.4029,109.2732,0,0,0,0,0,0,0,0,0,0,0,0,0,0,0,0,0,0,0,0,0,0,0,0,0,0,0,0,0,0,0,0,0,0,0,0,0,0,0,0,0,0,0,0,0,0,0,0,0,0,0,0,0,0,0,0,0,0,0,0,0,0,0,0,0,0,4.95,4.64,4.03,0,0,0,0,0,0,0,0,0,0,0,0,0,0,0,0,0,0,"c(-105.255326, 40.691783)",302.6097106933594,Moderate
Writer et al. 2014,DOC_Interp,Dfb,Cold,-0.3966921164773185,lnR2,0,0.04639873147809367,PSF,MTBS_2012Ws,2013,1.5243,2899449,74.76,0.47000000000000003,21.19,0.92,0,63.340500000000006,693.8973,4,-9998,199741,205058,199985,0,0.01344909,696.1953147758546,8.422029390054115,1.7876784554679628,-4.8465501062491105,0,0,0,0,0,0,0,0,0,0,0,111.61280186563631,100,5.4972,693.8973,0.81,103.7871,0,0.01,0,91.85,0,0,0,0,8.14,0,0,0,0,0,0,0,0,0,7.990421265189999,8.01522368979,8.048816036469999,8.07402559617,16.165544147200002,15.0608470048,16.2178397158,15.1782304432,1.15979069141,1.7262113265,1.26946318436,1.27052044094,5.5217,2.4544,1.5566,39.7848,170.3603,0.5353,15.3915,111.6128,0,0,0,0,0,0,0,0,0,0,0,0,0,0,0,0,0,0,0,0,0,0,0,0,0,0,0,0,0,0,0,0,0,0,0,0,0,0,0,0,0,0,0,0,0,0,0,0,0,0,0,0,0,0,0,0,0,0,0,0,0,0,0,0,0,0,0.48,0.41,0.43,0,0,0,0,0,0,0,0,0,0,0,0,0,0,0,0,0,0,"c(-105.477698, 40.673904)",331.49774169921875,Moderate
Writer et al. 2014,DOC_Interp,Dfb,Cold,-0.4818619511761071,lnR1,1,0.22591589799996345,PNF,MTBS_2012Ws,2013,16.7187,2900989,64.15,0.55,32.510000000000005,0.79,0,64.2162,1254.2697,5,-9998,163245,165529,163245,0,0.00900986,629.6743885693506,9.729551624060726,3.0749065512333646,-3.5795777383201783,0,0,0,0,0,0,0,0,0,0,0,109.2732020696984,100,2.016,1254.2697,0.5283,196.0245,0,0.31,0,93.84,0,0,0,0,5.8500000000000005,0,0,0,0,0,0,0,0,0,8.648534909479999,8.661799217739999,8.754185889739999,8.75480747308,18.0676130056,16.5739624437,18.0637129437,16.691463667,1.3833115243699998,2.16302236869,1.4947355917199998,1.43432559646,4.8283000000000005,2.1767000000000003,1.4007,39.4966,172.3005,0.5346000000000001,14.4029,109.2732,0,0,0,0,0,0,0,0,0,0,0,0,0,0,0,0,0,0,0,0,0,0,0,0,0,0,0,0,0,0,0,0,0,0,0,0,0,0,0,0,0,0,0,0,0,0,0,0,0,0,0,0,0,0,0,0,0,0,0,0,0,0,0,0,0,0,4.95,4.64,4.03,0,0,0,0,0,0,0,0,0,0,0,0,0,0,0,0,0,0,"c(-105.255326, 40.691783)",302.6097106933594,Moderate
Writer et al. 2014,DOC_Interp,Dfb,Cold,-0.3181290606778442,lnR2,1,0.12496178715763465,PSF,MTBS_2012Ws,2013,1.5243,2899449,74.76,0.47000000000000003,21.19,0.92,0,63.340500000000006,693.8973,4,-9998,199741,205058,199985,0,0.01344909,696.1953147758546,8.422029390054115,1.7876784554679628,-4.8465501062491105,0,0,0,0,0,0,0,0,0,0,0,111.61280186563631,100,5.4972,693.8973,0.81,103.7871,0,0.01,0,91.85,0,0,0,0,8.14,0,0,0,0,0,0,0,0,0,7.990421265189999,8.01522368979,8.048816036469999,8.07402559617,16.165544147200002,15.0608470048,16.2178397158,15.1782304432,1.15979069141,1.7262113265,1.26946318436,1.27052044094,5.5217,2.4544,1.5566,39.7848,170.3603,0.5353,15.3915,111.6128,0,0,0,0,0,0,0,0,0,0,0,0,0,0,0,0,0,0,0,0,0,0,0,0,0,0,0,0,0,0,0,0,0,0,0,0,0,0,0,0,0,0,0,0,0,0,0,0,0,0,0,0,0,0,0,0,0,0,0,0,0,0,0,0,0,0,0.48,0.41,0.43,0,0,0,0,0,0,0,0,0,0,0,0,0,0,0,0,0,0,"c(-105.477698, 40.673904)",331.49774169921875,Moderate
Crandall et al. 2021,DOC_Interp,Csa,Temperate,-0.5012324665111016,lnR2,0,0.08655419838861785,Payson,MTBS_2008Ws,2019,90,10350360,41.31,1.91,55.55,0.02,0.03,74.6735,70.5753,3,-9998,156372,163694,156372,0,0.03599803,641.3220566701506,13.29808599169253,7.164412105008829,1.0309884947460108,0,0,0,0,0,0,0,0,0,0,0,121.54151153448868,100,3.7854,70.5753,0.4662,11.5371,18.81,56.7,0,17.13,0,0,0,0,0,0,0,0,0,0,7.37,0,0,0,7.30979894103,7.34929781609,7.197514280159999,7.870265445939999,15.9557899034,15.9151224027,15.9522127329,15.8615789455,2.06355705321,2.94186848835,1.81284085715,3.16921427144,5.575200000000001,2.8864,2.101,248,182.88,1.6187,3.8166,121.5415,0,0,0,0,0,0,0,0,0,0,0,0,0,0,0,0,0,0,0,0,0,0,0,0,0,0,0,0,0,0,0,0,0,0,0,0,0,0,0,0,0,0,0,0,0,0,0,0,0,0,0,0,0,0,0,0,0,0,0,0,0,0,0,0,0,0,0,0,0,0,0,0,0,0,0,0,0,0,0,0,0,0,0,0,16.02,21.11,16.91,"c(-111.697245, 39.98249)",419.645538330078,Moderate
