Column_or_Row_Name,Unit,Definition,Data_Type,header_count,files
AG,,,numeric,2,"doc_meta_random_forest.csv, no3_meta_random_forest.csv"
Area_unit,hectare_square_kilometer,"Unit of measurement that applies to the ""Area_watershed"" column in the data package.",text,19,"Abbott_et_al_2021.csv, Burd_et_al_2018.csv, Coombs_Melack_2013.csv, Crandall_et_al_2021.csv, Gerla_Galloway_1998.csv, Gluns_Toews_1989.csv, Hauer_Spencer_1998.csv, Hickenbottom_et_al_2023.csv, Mast_Clow_2008.csv, Murphy_et_al_2015.csv, Murphy_et_al_2018.csv, Neary_Currier_1982.csv, Oliver_et_al_2012.csv, Rhea_et_al_2021.csv, Tiedemann_1973.csv, Uzun_et_al_2020.csv, Wagner_et_al_2015.csv, Writer_et_al_2014.csv, gap_fill_take_two.csv"
Area_watershed,hectare_square_kilometer,The total upstream catchment area from downstream end of flowline.,numeric,20,"Fire_name_Lat_Long.csv, Abbott_et_al_2021.csv, Burd_et_al_2018.csv, Coombs_Melack_2013.csv, Crandall_et_al_2021.csv, Gerla_Galloway_1998.csv, Gluns_Toews_1989.csv, Hauer_Spencer_1998.csv, Hickenbottom_et_al_2023.csv, Mast_Clow_2008.csv, Murphy_et_al_2015.csv, Murphy_et_al_2018.csv, Neary_Currier_1982.csv, Oliver_et_al_2012.csv, Rhea_et_al_2021.csv, Tiedemann_1973.csv, Uzun_et_al_2020.csv, Wagner_et_al_2015.csv, Writer_et_al_2014.csv, gap_fill_take_two.csv"
Area_watershed_km,square_kilometer,The total upstream catchment area from downstream end of flowline in square kilometers.,numeric,14,"crandall_conc_fill.csv, crandall_temp_norm.csv, Abbott_conc_fill.csv, Abbott_temp_norm.csv, Rhea_conc_fill.csv, Rhea_temp_norm.csv, gap_fill.csv, gap_fill_10.csv, gap_fill_20.csv, gap_fill_30.csv, gap_fill_40.csv, gap_fill_take_two.csv, DOC_temp_norm_fig_data.csv, NO3_temp_norm_fig_data.csv"
BFIWs,,,numeric,5,"BFI.csv, random_forest_data.csv, random_forest_data_new.csv, doc_meta_random_forest.csv, no3_meta_random_forest.csv"
Biome,N/A,"The broad classification of a geographic area according to environmental conditions based on the Koppen climate classification as defined in the ""Climate"" column header.",text,17,"Climate_ES_Fig_data.csv, Effect_Size.csv, Effect_Size_10days.csv, Effect_Size_20days.csv, Effect_Size_30days.csv, Effect_Size_40days.csv, Effect_Size_UPDATED.csv, Percent_Difference.csv, TSF_ES_Fig_data.csv, TSF_PD_DOC_Fig_data.csv, TSF_PD_NO3_Fig_data.csv, Burn_percentage_ES_fig_data.csv, effect_size_geospatial_fire.csv, effect_size_geospatial_fire_lat_long.csv, doc_meta_random_forest.csv, no3_meta_random_forest.csv, Burn_severity_ES_fig_data.csv"
Burn_Severity,,,text,1,Fire_thresholds.csv
Burn_Type,N/A,Indicates what type of burn occurred in the publication (prescribed or natural).,text,1,Sites_meta_data.csv
Burn_Unburn,N/A,Indicates whether the site is affected by the wildfire or not.,text,37,"Abbott_et_al_2021.csv, Burd_et_al_2018.csv, Coombs_Melack_2013.csv, Crandall_et_al_2021.csv, Gerla_Galloway_1998.csv, Gluns_Toews_1989.csv, Hauer_Spencer_1998.csv, Hickenbottom_et_al_2023.csv, Mast_Clow_2008.csv, Murphy_et_al_2015.csv, Murphy_et_al_2018.csv, Neary_Currier_1982.csv, Oliver_et_al_2012.csv, Rhea_et_al_2021.csv, Tiedemann_1973.csv, Uzun_et_al_2020.csv, Wagner_et_al_2015.csv, Writer_et_al_2014.csv, Watershed_area.csv, crandall_conc_fill.csv, crandall_temp_norm.csv, Abbott_conc_fill.csv, Abbott_temp_norm.csv, Rhea_conc_fill.csv, Rhea_temp_norm.csv, gap_fill.csv, gap_fill_10.csv, gap_fill_20.csv, gap_fill_30.csv, gap_fill_40.csv, gap_fill_take_two.csv, DOC_CV_temp_norm_fig_data.csv, DOC_temp_norm_fig_data.csv, doc_yield_meta_random_forest.csv, NO3_CV_temp_norm_fig_data.csv, NO3_temp_norm_fig_data.csv, no3_yield_meta_random_forest.csv"
CVconc,miligrams_per_liter_carbon_miligrams_per_liter_nitrogen,The coefficient of variation (CV) for analyte concentrations (dissolved organic carbon or nitrate).,numeric,2,"DOC_CV_temp_norm_fig_data.csv, NO3_CV_temp_norm_fig_data.csv"
Climate,N/A,A three digit identifier from the Koppen climate classification.,text,56,"Abbott_et_al_2021.csv, Burd_et_al_2018.csv, Coombs_Melack_2013.csv, Crandall_et_al_2021.csv, Gerla_Galloway_1998.csv, Gluns_Toews_1989.csv, Hauer_Spencer_1998.csv, Hickenbottom_et_al_2023.csv, Mast_Clow_2008.csv, Murphy_et_al_2015.csv, Murphy_et_al_2018.csv, Neary_Currier_1982.csv, Oliver_et_al_2012.csv, Rhea_et_al_2021.csv, Tiedemann_1973.csv, Uzun_et_al_2020.csv, Wagner_et_al_2015.csv, Writer_et_al_2014.csv, crandall_conc_fill.csv, Crandall_effect_size.csv, crandall_temp_norm.csv, Abbott_conc_fill.csv, Abbott_effect_size.csv, Abbott_temp_norm.csv, Rhea_conc_fill.csv, Rhea_effect_size.csv, Rhea_temp_norm.csv, Climate_ES_CIs.csv, Climate_ES_Fig_data.csv, Effect_Size.csv, Effect_Size_10days.csv, Effect_Size_20days.csv, Effect_Size_30days.csv, Effect_Size_40days.csv, Effect_Size_UPDATED.csv, gap_fill.csv, gap_fill_10.csv, gap_fill_20.csv, gap_fill_30.csv, gap_fill_40.csv, gap_fill_take_two.csv, Percent_Difference.csv, TSF_ES_Fig_data.csv, TSF_PD_DOC_Fig_data.csv, TSF_PD_NO3_Fig_data.csv, Burn_percentage_ES_fig_data.csv, doc_meta_random_forest 1.39.32 PM.csv, effect_size_geospatial_fire.csv, effect_size_geospatial_fire_lat_long.csv, doc_meta_random_forest.csv, no3_meta_random_forest.csv, DOC_temp_norm_fig_data.csv, doc_yield_meta_random_forest.csv, NO3_temp_norm_fig_data.csv, no3_yield_meta_random_forest.csv, Burn_severity_ES_fig_data.csv"
Closest_USGS_gauge,N/A,Indicates where the closes United States Geological Survey (USGS) stream gauge is located relative to the site monitored in the publication.,text,1,Sites_meta_data.csv
Column_or_Row_Name,N/A,Column or row headers from each csv file in the dataset.,text,1,Cavaiani_2024_Metaanalysis_dd.csv
Count,,,numeric,1,watershed_count_per_year.csv
DOC,N/A,"The reported dissolved organic carbon (DOC) concentrations from the publication. See ""DOC_unit"" for the unit of the dissolved organic carbon value.",text; numeric,20,"Abbott_et_al_2021.csv, Burd_et_al_2018.csv, Coombs_Melack_2013.csv, Crandall_et_al_2021.csv, Gerla_Galloway_1998.csv, Gluns_Toews_1989.csv, Hauer_Spencer_1998.csv, Hickenbottom_et_al_2023.csv, Mast_Clow_2008.csv, Murphy_et_al_2015.csv, Murphy_et_al_2018.csv, Neary_Currier_1982.csv, Oliver_et_al_2012.csv, Rhea_et_al_2021.csv, Tiedemann_1973.csv, Uzun_et_al_2020.csv, Wagner_et_al_2015.csv, Writer_et_al_2014.csv, Sites_meta_data.csv, gap_fill_take_two.csv"
DOC_Interp,miligrams_per_liter_carbon,The interpolated dissolved organic carbon concentration using the gap_fill function within R.,numeric,10,"mast_iteration.csv, crandall_conc_fill.csv, Abbott_conc_fill.csv, Rhea_conc_fill.csv, gap_fill.csv, gap_fill_10.csv, gap_fill_20.csv, gap_fill_30.csv, gap_fill_40.csv, gap_fill_take_two.csv"
DOC_mg_C_L,miligrams_per_liter_carbon,The reported dissolved organic carbon concentrations as milligrams per liter as carbon (C).,numeric,9,"crandall_conc_fill.csv, Abbott_conc_fill.csv, Rhea_conc_fill.csv, gap_fill.csv, gap_fill_10.csv, gap_fill_20.csv, gap_fill_30.csv, gap_fill_40.csv, gap_fill_take_two.csv"
DOC_uM_C,,,numeric,1,gap_fill_take_two.csv
DOC_unit,N/A,"The unit of measurement that the publication reports and applies to the ""DOC"" column in the data package.",text,19,"Abbott_et_al_2021.csv, Burd_et_al_2018.csv, Coombs_Melack_2013.csv, Crandall_et_al_2021.csv, Gerla_Galloway_1998.csv, Gluns_Toews_1989.csv, Hauer_Spencer_1998.csv, Hickenbottom_et_al_2023.csv, Mast_Clow_2008.csv, Murphy_et_al_2015.csv, Murphy_et_al_2018.csv, Neary_Currier_1982.csv, Oliver_et_al_2012.csv, Rhea_et_al_2021.csv, Tiedemann_1973.csv, Uzun_et_al_2020.csv, Wagner_et_al_2015.csv, Writer_et_al_2014.csv, gap_fill_take_two.csv"
DOI,N/A,"The Digital Object Identifier (DOI) is used to uniquely identify an article or document, and to provide it with a permanent web address (URL).",text,20,"Abbott_et_al_2021.csv, Burd_et_al_2018.csv, Coombs_Melack_2013.csv, Crandall_et_al_2021.csv, Gerla_Galloway_1998.csv, Gluns_Toews_1989.csv, Hauer_Spencer_1998.csv, Hickenbottom_et_al_2023.csv, Mast_Clow_2008.csv, Murphy_et_al_2015.csv, Murphy_et_al_2018.csv, Neary_Currier_1982.csv, Oliver_et_al_2012.csv, Rhea_et_al_2021.csv, Tiedemann_1973.csv, Uzun_et_al_2020.csv, Wagner_et_al_2015.csv, Writer_et_al_2014.csv, Sites_meta_data.csv, gap_fill_take_two.csv"
Data_Found,N/A,A designation to where the data were found within the publication.,text,19,"Abbott_et_al_2021.csv, Burd_et_al_2018.csv, Coombs_Melack_2013.csv, Crandall_et_al_2021.csv, Gerla_Galloway_1998.csv, Gluns_Toews_1989.csv, Hauer_Spencer_1998.csv, Hickenbottom_et_al_2023.csv, Mast_Clow_2008.csv, Murphy_et_al_2015.csv, Murphy_et_al_2018.csv, Neary_Currier_1982.csv, Oliver_et_al_2012.csv, Rhea_et_al_2021.csv, Tiedemann_1973.csv, Uzun_et_al_2020.csv, Wagner_et_al_2015.csv, Writer_et_al_2014.csv, gap_fill_take_two.csv"
Data_Type,N/A,Type of data (numeric; text; date; time; datetime).,text,1,Cavaiani_2024_Metaanalysis_dd.csv
Data_citations,N/A,Indicates where the data used within in the publication are located/published or where data were extracted from within a publication if it was not originally reported by the authors.,text,1,Sites_meta_data.csv
Data_collection_years,,,text,1,Fire_name_Lat_Long.csv
Days_Between_Samples,,,numeric,1,gap_fill_take_two.csv
Definition,N/A,Description of the information in a given column or row in the dataset.,text,1,Cavaiani_2024_Metaanalysis_dd.csv
Design_Control_Burn_Pre_Post,N/A,"The methodological study design for the publication which can either be a ""Control_Burn"" approach or a ""Pre_Post"" approach.",text,19,"Abbott_et_al_2021.csv, Burd_et_al_2018.csv, Coombs_Melack_2013.csv, Crandall_et_al_2021.csv, Gerla_Galloway_1998.csv, Gluns_Toews_1989.csv, Hauer_Spencer_1998.csv, Hickenbottom_et_al_2023.csv, Mast_Clow_2008.csv, Murphy_et_al_2015.csv, Murphy_et_al_2018.csv, Neary_Currier_1982.csv, Oliver_et_al_2012.csv, Rhea_et_al_2021.csv, Tiedemann_1973.csv, Uzun_et_al_2020.csv, Wagner_et_al_2015.csv, Writer_et_al_2014.csv, gap_fill_take_two.csv"
Discharge,N/A,Indicates whether the publication includes or reports discharge data within their publication.,text,1,Sites_meta_data.csv
Discharge_notes,N/A,Free text field to record notes related to discharge data reported the publication.,text,1,Sites_meta_data.csv
Ecosystem,N/A,The ecosystem type where the study was conducted.,text,1,Sites_meta_data.csv
Effect_size,N/A,The proportional differences between burned and unburned in-stream solute concentrations. This is a calculation and the response variable in many of our statistical analyses.,numeric,25,"Crandall_effect_size.csv, Abbott_effect_size.csv, Rhea_effect_size.csv, Climate_ES_CIs.csv, Climate_ES_Fig_data.csv, Effect_Size.csv, Effect_Size_10days.csv, Effect_Size_20days.csv, Effect_Size_30days.csv, Effect_Size_40days.csv, Effect_Size_UPDATED.csv, Percent_Difference.csv, TSF_ES_CIs.csv, TSF_ES_Fig_data.csv, TSF_PD_DOC_Fig_data.csv, TSF_PD_NO3_Fig_data.csv, Burn_percentage_ES_CIs.csv, Burn_percentage_ES_fig_data.csv, doc_meta_random_forest 1.39.32 PM.csv, effect_size_geospatial_fire.csv, effect_size_geospatial_fire_lat_long.csv, doc_meta_random_forest.csv, no3_meta_random_forest.csv, Burn_severity_ES_CIs.csv, Burn_severity_ES_fig_data.csv"
Effect_size_pair,N/A,Indicates which watershed pair was used for the effect size calculation.,text,20,"Fire_name_Lat_Long.csv, Crandall_effect_size.csv, Abbott_effect_size.csv, Rhea_effect_size.csv, Climate_ES_Fig_data.csv, Effect_Size.csv, Effect_Size_10days.csv, Effect_Size_20days.csv, Effect_Size_30days.csv, Effect_Size_40days.csv, Effect_Size_UPDATED.csv, Percent_Difference.csv, TSF_ES_Fig_data.csv, TSF_PD_DOC_Fig_data.csv, TSF_PD_NO3_Fig_data.csv, Burn_percentage_ES_fig_data.csv, severity_clip.csv, doc_meta_random_forest.csv, no3_meta_random_forest.csv, Burn_severity_ES_fig_data.csv"
Exact_Date_Extracted,N/A,Designates if the publication reported exact dates associated with their water sampling or not. Results that are included in a figure with coarse time-frames would be designated as no.,text,1,Sites_meta_data.csv
Exclusion,N/A,Explains why a publication was not included in the final analysis.,text,1,Sites_meta_data.csv
File_Description,N/A,A brief description of the files in the data package.,text,1,Cavaiani_2024_Metaanalysis_flmd.csv
File_Name,N/A,Name of files in the data package.,text,1,Cavaiani_2024_Metaanalysis_flmd.csv
File_Path,N/A,File path within the data package.,text,1,Cavaiani_2024_Metaanalysis_flmd.csv
Fire_N/Ame,,,text,1,Fire_name_Lat_Long.csv
Fire_name,N/A,The name of the fire that was investigated in each publication.,text,5,"Map_input.csv, Sites_meta_data.csv, Watershed_area.csv, effect_size_geospatial_fire.csv, effect_size_geospatial_fire_lat_long.csv"
Fire_year,YYYY,The year the fire occurred that was investigated in each publication.,text,4,"Fire_name_Lat_Long.csv, Sites_meta_data.csv, effect_size_geospatial_fire.csv, effect_size_geospatial_fire_lat_long.csv"
Forest,,,numeric,2,"doc_meta_random_forest.csv, no3_meta_random_forest.csv"
Grassland,,,numeric,2,"doc_meta_random_forest.csv, no3_meta_random_forest.csv"
Have_HUC,N/A,Denotes if the watershed that is being monitored in the publication has an associated hydrologic unit code (HUC).,text,1,Fire_name_Lat_Long.csv
High_Severity,,,numeric,1,severity_clip.csv
In_git_studies_folder,N/A,Denotes if the publication was used and exported into the final publication analysis.,text,1,Sites_meta_data.csv
Included,N/A,Indicates whether a study was incorporated in the final analysis or not.,logical,1,Sites_meta_data.csv
InorgNWetDep_2008Ws,,,numeric,5,"NWetdep_2008.csv, random_forest_data.csv, random_forest_data_new.csv, doc_meta_random_forest.csv, no3_meta_random_forest.csv"
Large_Gap_Flag,,,logical,1,gap_fill_take_two.csv
Low_Severity,,,numeric,1,severity_clip.csv
MAST_2008,,,numeric,5,"random_forest_data.csv, random_forest_data_new.csv, stream_temp.csv, doc_meta_random_forest.csv, no3_meta_random_forest.csv"
MAST_2009,,,numeric,5,"random_forest_data.csv, random_forest_data_new.csv, stream_temp.csv, doc_meta_random_forest.csv, no3_meta_random_forest.csv"
MAST_2013,,,numeric,5,"random_forest_data.csv, random_forest_data_new.csv, stream_temp.csv, doc_meta_random_forest.csv, no3_meta_random_forest.csv"
MAST_2014,,,numeric,5,"random_forest_data.csv, random_forest_data_new.csv, stream_temp.csv, doc_meta_random_forest.csv, no3_meta_random_forest.csv"
MSST_2008,,,numeric,5,"random_forest_data.csv, random_forest_data_new.csv, stream_temp.csv, doc_meta_random_forest.csv, no3_meta_random_forest.csv"
MSST_2009,,,numeric,5,"random_forest_data.csv, random_forest_data_new.csv, stream_temp.csv, doc_meta_random_forest.csv, no3_meta_random_forest.csv"
MSST_2013,,,numeric,5,"random_forest_data.csv, random_forest_data_new.csv, stream_temp.csv, doc_meta_random_forest.csv, no3_meta_random_forest.csv"
MSST_2014,,,numeric,5,"random_forest_data.csv, random_forest_data_new.csv, stream_temp.csv, doc_meta_random_forest.csv, no3_meta_random_forest.csv"
MTBS_1986Ws,percentage,Monitoring trends in burn severity for a watershed in 1986.,numeric,4,"burn_percentage.csv, Geospatial_data_2024-02-15.csv, random_forest_data.csv, random_forest_data_new.csv"
MTBS_1987Ws,percentage,Monitoring trends in burn severity for a watershed in 1987.,numeric,4,"burn_percentage.csv, Geospatial_data_2024-02-15.csv, random_forest_data.csv, random_forest_data_new.csv"
MTBS_1988Ws,percentage,Monitoring trends in burn severity for a watershed in 1988.,numeric,4,"burn_percentage.csv, Geospatial_data_2024-02-15.csv, random_forest_data.csv, random_forest_data_new.csv"
MTBS_1989Ws,percentage,Monitoring trends in burn severity for a watershed in 1989.,numeric,4,"burn_percentage.csv, Geospatial_data_2024-02-15.csv, random_forest_data.csv, random_forest_data_new.csv"
MTBS_1990Ws,percentage,Monitoring trends in burn severity for a watershed in 1990.,numeric,4,"burn_percentage.csv, Geospatial_data_2024-02-15.csv, random_forest_data.csv, random_forest_data_new.csv"
MTBS_1991Ws,percentage,Monitoring trends in burn severity for a watershed in 1991.,numeric,4,"burn_percentage.csv, Geospatial_data_2024-02-15.csv, random_forest_data.csv, random_forest_data_new.csv"
MTBS_1992Ws,percentage,Monitoring trends in burn severity for a watershed in 1992.,numeric,4,"burn_percentage.csv, Geospatial_data_2024-02-15.csv, random_forest_data.csv, random_forest_data_new.csv"
MTBS_1993Ws,percentage,Monitoring trends in burn severity for a watershed in 1993.,numeric,4,"burn_percentage.csv, Geospatial_data_2024-02-15.csv, random_forest_data.csv, random_forest_data_new.csv"
MTBS_1994Ws,percentage,Monitoring trends in burn severity for a watershed in 1994.,numeric,4,"burn_percentage.csv, Geospatial_data_2024-02-15.csv, random_forest_data.csv, random_forest_data_new.csv"
MTBS_1995Ws,percentage,Monitoring trends in burn severity for a watershed in 1995.,numeric,4,"burn_percentage.csv, Geospatial_data_2024-02-15.csv, random_forest_data.csv, random_forest_data_new.csv"
MTBS_1996Ws,percentage,Monitoring trends in burn severity for a watershed in 1996.,numeric,4,"burn_percentage.csv, Geospatial_data_2024-02-15.csv, random_forest_data.csv, random_forest_data_new.csv"
MTBS_1997Ws,percentage,Monitoring trends in burn severity for a watershed in 1997.,numeric,4,"burn_percentage.csv, Geospatial_data_2024-02-15.csv, random_forest_data.csv, random_forest_data_new.csv"
MTBS_1998Ws,percentage,Monitoring trends in burn severity for a watershed in 1998.,numeric,4,"burn_percentage.csv, Geospatial_data_2024-02-15.csv, random_forest_data.csv, random_forest_data_new.csv"
MTBS_1999Ws,percentage,Monitoring trends in burn severity for a watershed in 1999.,numeric,4,"burn_percentage.csv, Geospatial_data_2024-02-15.csv, random_forest_data.csv, random_forest_data_new.csv"
MTBS_2000Ws,percentage,Monitoring trends in burn severity for a watershed in 2000.,numeric,4,"burn_percentage.csv, Geospatial_data_2024-02-15.csv, random_forest_data.csv, random_forest_data_new.csv"
MTBS_2001Ws,percentage,Monitoring trends in burn severity for a watershed in 2001.,numeric,4,"burn_percentage.csv, Geospatial_data_2024-02-15.csv, random_forest_data.csv, random_forest_data_new.csv"
MTBS_2002Ws,percentage,Monitoring trends in burn severity for a watershed in 2002.,numeric,4,"burn_percentage.csv, Geospatial_data_2024-02-15.csv, random_forest_data.csv, random_forest_data_new.csv"
MTBS_2003Ws,percentage,Monitoring trends in burn severity for a watershed in 2003.,numeric,4,"burn_percentage.csv, Geospatial_data_2024-02-15.csv, random_forest_data.csv, random_forest_data_new.csv"
MTBS_2004Ws,percentage,Monitoring trends in burn severity for a watershed in 2004.,numeric,4,"burn_percentage.csv, Geospatial_data_2024-02-15.csv, random_forest_data.csv, random_forest_data_new.csv"
MTBS_2005Ws,percentage,Monitoring trends in burn severity for a watershed in 2005.,numeric,4,"burn_percentage.csv, Geospatial_data_2024-02-15.csv, random_forest_data.csv, random_forest_data_new.csv"
MTBS_2006Ws,percentage,Monitoring trends in burn severity for a watershed in 2006.,numeric,4,"burn_percentage.csv, Geospatial_data_2024-02-15.csv, random_forest_data.csv, random_forest_data_new.csv"
MTBS_2007Ws,percentage,Monitoring trends in burn severity for a watershed in 2007.,numeric,4,"burn_percentage.csv, Geospatial_data_2024-02-15.csv, random_forest_data.csv, random_forest_data_new.csv"
MTBS_2008Ws,percentage,Monitoring trends in burn severity for a watershed in 2008.,numeric,4,"burn_percentage.csv, Geospatial_data_2024-02-15.csv, random_forest_data.csv, random_forest_data_new.csv"
MTBS_2009Ws,percentage,Monitoring trends in burn severity for a watershed in 2009.,numeric,4,"burn_percentage.csv, Geospatial_data_2024-02-15.csv, random_forest_data.csv, random_forest_data_new.csv"
MTBS_2010Ws,percentage,Monitoring trends in burn severity for a watershed in 2010.,numeric,4,"burn_percentage.csv, Geospatial_data_2024-02-15.csv, random_forest_data.csv, random_forest_data_new.csv"
MTBS_2011Ws,percentage,Monitoring trends in burn severity for a watershed in 2011.,numeric,4,"burn_percentage.csv, Geospatial_data_2024-02-15.csv, random_forest_data.csv, random_forest_data_new.csv"
MTBS_2012Ws,percentage,Monitoring trends in burn severity for a watershed in 2012.,numeric,4,"burn_percentage.csv, Geospatial_data_2024-02-15.csv, random_forest_data.csv, random_forest_data_new.csv"
MTBS_2013Ws,percentage,Monitoring trends in burn severity for a watershed in 2013.,numeric,4,"burn_percentage.csv, Geospatial_data_2024-02-15.csv, random_forest_data.csv, random_forest_data_new.csv"
MTBS_2014Ws,percentage,Monitoring trends in burn severity for a watershed in 2014.,numeric,4,"burn_percentage.csv, Geospatial_data_2024-02-15.csv, random_forest_data.csv, random_forest_data_new.csv"
MTBS_2015Ws,percentage,Monitoring trends in burn severity for a watershed in 2015.,numeric,4,"burn_percentage.csv, Geospatial_data_2024-02-15.csv, random_forest_data.csv, random_forest_data_new.csv"
MTBS_2016Ws,percentage,Monitoring trends in burn severity for a watershed in 2016.,numeric,4,"burn_percentage.csv, Geospatial_data_2024-02-15.csv, random_forest_data.csv, random_forest_data_new.csv"
MTBS_2017Ws,percentage,Monitoring trends in burn severity for a watershed in 2017.,numeric,4,"burn_percentage.csv, Geospatial_data_2024-02-15.csv, random_forest_data.csv, random_forest_data_new.csv"
MWST_2008,,,numeric,5,"random_forest_data.csv, random_forest_data_new.csv, stream_temp.csv, doc_meta_random_forest.csv, no3_meta_random_forest.csv"
MWST_2009,,,numeric,5,"random_forest_data.csv, random_forest_data_new.csv, stream_temp.csv, doc_meta_random_forest.csv, no3_meta_random_forest.csv"
MWST_2013,,,numeric,5,"random_forest_data.csv, random_forest_data_new.csv, stream_temp.csv, doc_meta_random_forest.csv, no3_meta_random_forest.csv"
MWST_2014,,,numeric,5,"random_forest_data.csv, random_forest_data_new.csv, stream_temp.csv, doc_meta_random_forest.csv, no3_meta_random_forest.csv"
Mean_Median_or_IndividualSample,N/A,Identifies if the solute concentration reported in the publication was a mean; median or an individual sample.,text,19,"Abbott_et_al_2021.csv, Burd_et_al_2018.csv, Coombs_Melack_2013.csv, Crandall_et_al_2021.csv, Gerla_Galloway_1998.csv, Gluns_Toews_1989.csv, Hauer_Spencer_1998.csv, Hickenbottom_et_al_2023.csv, Mast_Clow_2008.csv, Murphy_et_al_2015.csv, Murphy_et_al_2018.csv, Neary_Currier_1982.csv, Oliver_et_al_2012.csv, Rhea_et_al_2021.csv, Tiedemann_1973.csv, Uzun_et_al_2020.csv, Wagner_et_al_2015.csv, Writer_et_al_2014.csv, gap_fill_take_two.csv"
Missing_Value_Codes,N/A,"Cells with missing data are represented with a missing value code rather than an empty cell. This column describes which missing value codes were used. The recommendation for numeric data is ""-9999"" and for character data is ""N/A"".",text,1,Cavaiani_2024_Metaanalysis_flmd.csv
Moderate_Severity,,,numeric,1,severity_clip.csv
NH4_2008Ws,,,numeric,5,"NWetdep_2008.csv, random_forest_data.csv, random_forest_data_new.csv, doc_meta_random_forest.csv, no3_meta_random_forest.csv"
NO3,N/A,"The reported nitrate (NO3) concentrations from each publication. See ""NO3_unit"" for the unit of the nitrate value.",text; numeric,20,"Abbott_et_al_2021.csv, Burd_et_al_2018.csv, Coombs_Melack_2013.csv, Crandall_et_al_2021.csv, Gerla_Galloway_1998.csv, Gluns_Toews_1989.csv, Hauer_Spencer_1998.csv, Hickenbottom_et_al_2023.csv, Mast_Clow_2008.csv, Murphy_et_al_2015.csv, Murphy_et_al_2018.csv, Neary_Currier_1982.csv, Oliver_et_al_2012.csv, Rhea_et_al_2021.csv, Tiedemann_1973.csv, Uzun_et_al_2020.csv, Wagner_et_al_2015.csv, Writer_et_al_2014.csv, Sites_meta_data.csv, gap_fill_take_two.csv"
NO3_2008Ws,,,numeric,5,"NWetdep_2008.csv, random_forest_data.csv, random_forest_data_new.csv, doc_meta_random_forest.csv, no3_meta_random_forest.csv"
NO3_Interp,miligrams_per_liter_nitrogen,The interpolated nitrate concentration using the gap_fill function within R.,numeric,11,"coombs_iteration.csv, mast_iteration.csv, crandall_conc_fill.csv, Abbott_conc_fill.csv, Rhea_conc_fill.csv, gap_fill.csv, gap_fill_10.csv, gap_fill_20.csv, gap_fill_30.csv, gap_fill_40.csv, gap_fill_take_two.csv"
NO3_mg_N_L,miligrams_per_liter_nitrogen,The reported nitrate concentrations as milligrams per liter as nitrogen (N).,numeric,9,"crandall_conc_fill.csv, Abbott_conc_fill.csv, Rhea_conc_fill.csv, gap_fill.csv, gap_fill_10.csv, gap_fill_20.csv, gap_fill_30.csv, gap_fill_40.csv, gap_fill_take_two.csv"
NO3_uM_N,,,numeric,1,gap_fill_take_two.csv
NO3_unit,N/A,"The unit of measurement that the publication reports and applies to the ""NO3"" column in the data package.",text,19,"Abbott_et_al_2021.csv, Burd_et_al_2018.csv, Coombs_Melack_2013.csv, Crandall_et_al_2021.csv, Gerla_Galloway_1998.csv, Gluns_Toews_1989.csv, Hauer_Spencer_1998.csv, Hickenbottom_et_al_2023.csv, Mast_Clow_2008.csv, Murphy_et_al_2015.csv, Murphy_et_al_2018.csv, Neary_Currier_1982.csv, Oliver_et_al_2012.csv, Rhea_et_al_2021.csv, Tiedemann_1973.csv, Uzun_et_al_2020.csv, Wagner_et_al_2015.csv, Writer_et_al_2014.csv, gap_fill_take_two.csv"
Notes,N/A,Free text field to record notes related to data extraction process.,text,20,"Abbott_et_al_2021.csv, Burd_et_al_2018.csv, Coombs_Melack_2013.csv, Crandall_et_al_2021.csv, Gerla_Galloway_1998.csv, Gluns_Toews_1989.csv, Hauer_Spencer_1998.csv, Hickenbottom_et_al_2023.csv, Mast_Clow_2008.csv, Murphy_et_al_2015.csv, Murphy_et_al_2018.csv, Neary_Currier_1982.csv, Oliver_et_al_2012.csv, Rhea_et_al_2021.csv, Tiedemann_1973.csv, Uzun_et_al_2020.csv, Wagner_et_al_2015.csv, Writer_et_al_2014.csv, Sites_meta_data.csv, gap_fill_take_two.csv"
Number_of_Study_Sites,,,numeric,1,Sites_meta_data.csv
OmWs,,,numeric,5,"OM_perm.csv, random_forest_data.csv, random_forest_data_new.csv, doc_meta_random_forest.csv, no3_meta_random_forest.csv"
Pair,N/A,The designation for each site to identify if it was a burned watershed or an unburned watershed and which site it is being compared to.,text,34,"coombs_iteration.csv, mast_iteration.csv, Abbott_et_al_2021.csv, Burd_et_al_2018.csv, Coombs_Melack_2013.csv, Crandall_et_al_2021.csv, Gerla_Galloway_1998.csv, Gluns_Toews_1989.csv, Hauer_Spencer_1998.csv, Hickenbottom_et_al_2023.csv, Mast_Clow_2008.csv, Murphy_et_al_2015.csv, Murphy_et_al_2018.csv, Neary_Currier_1982.csv, Oliver_et_al_2012.csv, Rhea_et_al_2021.csv, Tiedemann_1973.csv, Uzun_et_al_2020.csv, Wagner_et_al_2015.csv, Writer_et_al_2014.csv, crandall_conc_fill.csv, crandall_temp_norm.csv, Abbott_conc_fill.csv, Abbott_temp_norm.csv, Rhea_conc_fill.csv, Rhea_temp_norm.csv, gap_fill.csv, gap_fill_10.csv, gap_fill_20.csv, gap_fill_30.csv, gap_fill_40.csv, gap_fill_take_two.csv, DOC_temp_norm_fig_data.csv, NO3_temp_norm_fig_data.csv"
PctAlkIntruVolWs,,,numeric,6,"lithology.csv, lithology_2.0.csv, random_forest_data.csv, random_forest_data_new.csv, doc_meta_random_forest.csv, no3_meta_random_forest.csv"
PctAlluvCoastWs,,,numeric,6,"lithology.csv, lithology_2.0.csv, random_forest_data.csv, random_forest_data_new.csv, doc_meta_random_forest.csv, no3_meta_random_forest.csv"
PctBl2001,,,numeric,3,"NLCD_2001_2019.csv, random_forest_data.csv, random_forest_data_new.csv"
PctBl2004,,,numeric,3,"NLCD_2001_2019.csv, random_forest_data.csv, random_forest_data_new.csv"
PctBl2006,,,numeric,3,"NLCD_2001_2019.csv, random_forest_data.csv, random_forest_data_new.csv"
PctBl2008,,,numeric,3,"NLCD_2001_2019.csv, random_forest_data.csv, random_forest_data_new.csv"
PctBl2011,,,numeric,3,"NLCD_2001_2019.csv, random_forest_data.csv, random_forest_data_new.csv"
PctBl2013,,,numeric,3,"NLCD_2001_2019.csv, random_forest_data.csv, random_forest_data_new.csv"
PctBl2016,,,numeric,3,"NLCD_2001_2019.csv, random_forest_data.csv, random_forest_data_new.csv"
PctBl2019,,,numeric,3,"NLCD_2001_2019.csv, random_forest_data.csv, random_forest_data_new.csv"
PctCarbResidWs,,,numeric,6,"lithology.csv, lithology_2.0.csv, random_forest_data.csv, random_forest_data_new.csv, doc_meta_random_forest.csv, no3_meta_random_forest.csv"
PctCoastCrsWs,,,numeric,6,"lithology.csv, lithology_2.0.csv, random_forest_data.csv, random_forest_data_new.csv, doc_meta_random_forest.csv, no3_meta_random_forest.csv"
PctColluvSedWs,,,numeric,6,"lithology.csv, lithology_2.0.csv, random_forest_data.csv, random_forest_data_new.csv, doc_meta_random_forest.csv, no3_meta_random_forest.csv"
PctConif2001,,,numeric,3,"NLCD_2001_2019.csv, random_forest_data.csv, random_forest_data_new.csv"
PctConif2004,,,numeric,3,"NLCD_2001_2019.csv, random_forest_data.csv, random_forest_data_new.csv"
PctConif2006,,,numeric,3,"NLCD_2001_2019.csv, random_forest_data.csv, random_forest_data_new.csv"
PctConif2008,,,numeric,3,"NLCD_2001_2019.csv, random_forest_data.csv, random_forest_data_new.csv"
PctConif2011,,,numeric,3,"NLCD_2001_2019.csv, random_forest_data.csv, random_forest_data_new.csv"
PctConif2013,,,numeric,3,"NLCD_2001_2019.csv, random_forest_data.csv, random_forest_data_new.csv"
PctConif2016,,,numeric,3,"NLCD_2001_2019.csv, random_forest_data.csv, random_forest_data_new.csv"
PctConif2019,,,numeric,3,"NLCD_2001_2019.csv, random_forest_data.csv, random_forest_data_new.csv"
PctCrop2001,,,numeric,3,"NLCD_2001_2019.csv, random_forest_data.csv, random_forest_data_new.csv"
PctCrop2004,,,numeric,3,"NLCD_2001_2019.csv, random_forest_data.csv, random_forest_data_new.csv"
PctCrop2006,,,numeric,3,"NLCD_2001_2019.csv, random_forest_data.csv, random_forest_data_new.csv"
PctCrop2008,,,numeric,3,"NLCD_2001_2019.csv, random_forest_data.csv, random_forest_data_new.csv"
PctCrop2011,,,numeric,3,"NLCD_2001_2019.csv, random_forest_data.csv, random_forest_data_new.csv"
PctCrop2013,,,numeric,3,"NLCD_2001_2019.csv, random_forest_data.csv, random_forest_data_new.csv"
PctCrop2016,,,numeric,3,"NLCD_2001_2019.csv, random_forest_data.csv, random_forest_data_new.csv"
PctCrop2019,,,numeric,3,"NLCD_2001_2019.csv, random_forest_data.csv, random_forest_data_new.csv"
PctDecid2001,,,numeric,3,"NLCD_2001_2019.csv, random_forest_data.csv, random_forest_data_new.csv"
PctDecid2004,,,numeric,3,"NLCD_2001_2019.csv, random_forest_data.csv, random_forest_data_new.csv"
PctDecid2006,,,numeric,3,"NLCD_2001_2019.csv, random_forest_data.csv, random_forest_data_new.csv"
PctDecid2008,,,numeric,3,"NLCD_2001_2019.csv, random_forest_data.csv, random_forest_data_new.csv"
PctDecid2011,,,numeric,3,"NLCD_2001_2019.csv, random_forest_data.csv, random_forest_data_new.csv"
PctDecid2013,,,numeric,3,"NLCD_2001_2019.csv, random_forest_data.csv, random_forest_data_new.csv"
PctDecid2016,,,numeric,3,"NLCD_2001_2019.csv, random_forest_data.csv, random_forest_data_new.csv"
PctDecid2019,,,numeric,3,"NLCD_2001_2019.csv, random_forest_data.csv, random_forest_data_new.csv"
PctEolCrsWs,,,numeric,6,"lithology.csv, lithology_2.0.csv, random_forest_data.csv, random_forest_data_new.csv, doc_meta_random_forest.csv, no3_meta_random_forest.csv"
PctEolFineWs,,,numeric,6,"lithology.csv, lithology_2.0.csv, random_forest_data.csv, random_forest_data_new.csv, doc_meta_random_forest.csv, no3_meta_random_forest.csv"
PctExtruVolWs,,,numeric,6,"lithology.csv, lithology_2.0.csv, random_forest_data.csv, random_forest_data_new.csv, doc_meta_random_forest.csv, no3_meta_random_forest.csv"
PctFire2000Ws,,,numeric,5,"forest_lost.csv, random_forest_data.csv, random_forest_data_new.csv, doc_meta_random_forest.csv, no3_meta_random_forest.csv"
PctFire2001Ws,,,numeric,5,"forest_lost.csv, random_forest_data.csv, random_forest_data_new.csv, doc_meta_random_forest.csv, no3_meta_random_forest.csv"
PctFire2002Ws,,,numeric,5,"forest_lost.csv, random_forest_data.csv, random_forest_data_new.csv, doc_meta_random_forest.csv, no3_meta_random_forest.csv"
PctFire2003Ws,,,numeric,5,"forest_lost.csv, random_forest_data.csv, random_forest_data_new.csv, doc_meta_random_forest.csv, no3_meta_random_forest.csv"
PctFire2004Ws,,,numeric,5,"forest_lost.csv, random_forest_data.csv, random_forest_data_new.csv, doc_meta_random_forest.csv, no3_meta_random_forest.csv"
PctFire2005Ws,,,numeric,5,"forest_lost.csv, random_forest_data.csv, random_forest_data_new.csv, doc_meta_random_forest.csv, no3_meta_random_forest.csv"
PctFire2006Ws,,,numeric,5,"forest_lost.csv, random_forest_data.csv, random_forest_data_new.csv, doc_meta_random_forest.csv, no3_meta_random_forest.csv"
PctFire2007Ws,,,numeric,5,"forest_lost.csv, random_forest_data.csv, random_forest_data_new.csv, doc_meta_random_forest.csv, no3_meta_random_forest.csv"
PctFire2008Ws,,,numeric,5,"forest_lost.csv, random_forest_data.csv, random_forest_data_new.csv, doc_meta_random_forest.csv, no3_meta_random_forest.csv"
PctFire2009Ws,,,numeric,5,"forest_lost.csv, random_forest_data.csv, random_forest_data_new.csv, doc_meta_random_forest.csv, no3_meta_random_forest.csv"
PctFire2010Ws,,,numeric,5,"forest_lost.csv, random_forest_data.csv, random_forest_data_new.csv, doc_meta_random_forest.csv, no3_meta_random_forest.csv"
PctGlacLakeCrsWs,,,numeric,6,"lithology.csv, lithology_2.0.csv, random_forest_data.csv, random_forest_data_new.csv, doc_meta_random_forest.csv, no3_meta_random_forest.csv"
PctGlacLakeFineWs,,,numeric,6,"lithology.csv, lithology_2.0.csv, random_forest_data.csv, random_forest_data_new.csv, doc_meta_random_forest.csv, no3_meta_random_forest.csv"
PctGlacTilClayWs,,,numeric,6,"lithology.csv, lithology_2.0.csv, random_forest_data.csv, random_forest_data_new.csv, doc_meta_random_forest.csv, no3_meta_random_forest.csv"
PctGlacTilCrsWs,,,numeric,6,"lithology.csv, lithology_2.0.csv, random_forest_data.csv, random_forest_data_new.csv, doc_meta_random_forest.csv, no3_meta_random_forest.csv"
PctGlacTilLoamWs,,,numeric,6,"lithology.csv, lithology_2.0.csv, random_forest_data.csv, random_forest_data_new.csv, doc_meta_random_forest.csv, no3_meta_random_forest.csv"
PctGrs2001,,,numeric,3,"NLCD_2001_2019.csv, random_forest_data.csv, random_forest_data_new.csv"
PctGrs2004,,,numeric,3,"NLCD_2001_2019.csv, random_forest_data.csv, random_forest_data_new.csv"
PctGrs2006,,,numeric,3,"NLCD_2001_2019.csv, random_forest_data.csv, random_forest_data_new.csv"
PctGrs2008,,,numeric,3,"NLCD_2001_2019.csv, random_forest_data.csv, random_forest_data_new.csv"
PctGrs2011,,,numeric,3,"NLCD_2001_2019.csv, random_forest_data.csv, random_forest_data_new.csv"
PctGrs2013,,,numeric,3,"NLCD_2001_2019.csv, random_forest_data.csv, random_forest_data_new.csv"
PctGrs2016,,,numeric,3,"NLCD_2001_2019.csv, random_forest_data.csv, random_forest_data_new.csv"
PctGrs2019,,,numeric,3,"NLCD_2001_2019.csv, random_forest_data.csv, random_forest_data_new.csv"
PctHbWet2001,,,numeric,3,"NLCD_2001_2019.csv, random_forest_data.csv, random_forest_data_new.csv"
PctHbWet2004,,,numeric,3,"NLCD_2001_2019.csv, random_forest_data.csv, random_forest_data_new.csv"
PctHbWet2006,,,numeric,3,"NLCD_2001_2019.csv, random_forest_data.csv, random_forest_data_new.csv"
PctHbWet2008,,,numeric,3,"NLCD_2001_2019.csv, random_forest_data.csv, random_forest_data_new.csv"
PctHbWet2011,,,numeric,3,"NLCD_2001_2019.csv, random_forest_data.csv, random_forest_data_new.csv"
PctHbWet2013,,,numeric,3,"NLCD_2001_2019.csv, random_forest_data.csv, random_forest_data_new.csv"
PctHbWet2016,,,numeric,3,"NLCD_2001_2019.csv, random_forest_data.csv, random_forest_data_new.csv"
PctHbWet2019,,,numeric,3,"NLCD_2001_2019.csv, random_forest_data.csv, random_forest_data_new.csv"
PctHigh Burn SeverityWs_1984,,,numeric,6,"MTBS_severity_1984_1989.csv, MTBS_severity.csv, random_forest_data.csv, random_forest_data_new.csv, doc_meta_random_forest.csv, no3_meta_random_forest.csv"
PctHigh Burn SeverityWs_1985,,,numeric,6,"MTBS_severity_1984_1989.csv, MTBS_severity.csv, random_forest_data.csv, random_forest_data_new.csv, doc_meta_random_forest.csv, no3_meta_random_forest.csv"
PctHigh Burn SeverityWs_1986,,,numeric,6,"MTBS_severity_1984_1989.csv, MTBS_severity.csv, random_forest_data.csv, random_forest_data_new.csv, doc_meta_random_forest.csv, no3_meta_random_forest.csv"
PctHigh Burn SeverityWs_1987,,,numeric,6,"MTBS_severity_1984_1989.csv, MTBS_severity.csv, random_forest_data.csv, random_forest_data_new.csv, doc_meta_random_forest.csv, no3_meta_random_forest.csv"
PctHigh Burn SeverityWs_1988,,,numeric,6,"MTBS_severity_1984_1989.csv, MTBS_severity.csv, random_forest_data.csv, random_forest_data_new.csv, doc_meta_random_forest.csv, no3_meta_random_forest.csv"
PctHigh Burn SeverityWs_1989,,,numeric,6,"MTBS_severity_1984_1989.csv, MTBS_severity.csv, random_forest_data.csv, random_forest_data_new.csv, doc_meta_random_forest.csv, no3_meta_random_forest.csv"
PctHigh Burn SeverityWs_1990,,,numeric,6,"MTBS_severity_1990_1995.csv, MTBS_severity.csv, random_forest_data.csv, random_forest_data_new.csv, doc_meta_random_forest.csv, no3_meta_random_forest.csv"
PctHigh Burn SeverityWs_1991,,,numeric,6,"MTBS_severity_1990_1995.csv, MTBS_severity.csv, random_forest_data.csv, random_forest_data_new.csv, doc_meta_random_forest.csv, no3_meta_random_forest.csv"
PctHigh Burn SeverityWs_1992,,,numeric,6,"MTBS_severity_1990_1995.csv, MTBS_severity.csv, random_forest_data.csv, random_forest_data_new.csv, doc_meta_random_forest.csv, no3_meta_random_forest.csv"
PctHigh Burn SeverityWs_1993,,,numeric,6,"MTBS_severity_1990_1995.csv, MTBS_severity.csv, random_forest_data.csv, random_forest_data_new.csv, doc_meta_random_forest.csv, no3_meta_random_forest.csv"
PctHigh Burn SeverityWs_1994,,,numeric,6,"MTBS_severity_1990_1995.csv, MTBS_severity.csv, random_forest_data.csv, random_forest_data_new.csv, doc_meta_random_forest.csv, no3_meta_random_forest.csv"
PctHigh Burn SeverityWs_1995,,,numeric,6,"MTBS_severity_1990_1995.csv, MTBS_severity.csv, random_forest_data.csv, random_forest_data_new.csv, doc_meta_random_forest.csv, no3_meta_random_forest.csv"
PctHigh Burn SeverityWs_1996,,,numeric,1,MTBS_severity_1996_2001.csv
PctHigh Burn SeverityWs_1997,,,numeric,1,MTBS_severity_1996_2001.csv
PctHigh Burn SeverityWs_1998,,,numeric,1,MTBS_severity_1996_2001.csv
PctHigh Burn SeverityWs_1999,,,numeric,1,MTBS_severity_1996_2001.csv
PctHigh Burn SeverityWs_2000,,,numeric,1,MTBS_severity_1996_2001.csv
PctHigh Burn SeverityWs_2001,,,numeric,1,MTBS_severity_1996_2001.csv
PctHigh Burn SeverityWs_2002,,,numeric,6,"MTBS_severity_2007_2002.csv, MTBS_severity.csv, random_forest_data.csv, random_forest_data_new.csv, doc_meta_random_forest.csv, no3_meta_random_forest.csv"
PctHigh Burn SeverityWs_2003,,,numeric,6,"MTBS_severity_2007_2002.csv, MTBS_severity.csv, random_forest_data.csv, random_forest_data_new.csv, doc_meta_random_forest.csv, no3_meta_random_forest.csv"
PctHigh Burn SeverityWs_2004,,,numeric,6,"MTBS_severity_2007_2002.csv, MTBS_severity.csv, random_forest_data.csv, random_forest_data_new.csv, doc_meta_random_forest.csv, no3_meta_random_forest.csv"
PctHigh Burn SeverityWs_2005,,,numeric,6,"MTBS_severity_2007_2002.csv, MTBS_severity.csv, random_forest_data.csv, random_forest_data_new.csv, doc_meta_random_forest.csv, no3_meta_random_forest.csv"
PctHigh Burn SeverityWs_2006,,,numeric,6,"MTBS_severity_2007_2002.csv, MTBS_severity.csv, random_forest_data.csv, random_forest_data_new.csv, doc_meta_random_forest.csv, no3_meta_random_forest.csv"
PctHigh Burn SeverityWs_2007,,,numeric,6,"MTBS_severity_2007_2002.csv, MTBS_severity.csv, random_forest_data.csv, random_forest_data_new.csv, doc_meta_random_forest.csv, no3_meta_random_forest.csv"
PctHigh Burn SeverityWs_2008,,,numeric,6,"MTBS_severity_2008_2013.csv, MTBS_severity.csv, random_forest_data.csv, random_forest_data_new.csv, doc_meta_random_forest.csv, no3_meta_random_forest.csv"
PctHigh Burn SeverityWs_2009,,,numeric,6,"MTBS_severity_2008_2013.csv, MTBS_severity.csv, random_forest_data.csv, random_forest_data_new.csv, doc_meta_random_forest.csv, no3_meta_random_forest.csv"
PctHigh Burn SeverityWs_2010,,,numeric,6,"MTBS_severity_2008_2013.csv, MTBS_severity.csv, random_forest_data.csv, random_forest_data_new.csv, doc_meta_random_forest.csv, no3_meta_random_forest.csv"
PctHigh Burn SeverityWs_2011,,,numeric,6,"MTBS_severity_2008_2013.csv, MTBS_severity.csv, random_forest_data.csv, random_forest_data_new.csv, doc_meta_random_forest.csv, no3_meta_random_forest.csv"
PctHigh Burn SeverityWs_2012,,,numeric,6,"MTBS_severity_2008_2013.csv, MTBS_severity.csv, random_forest_data.csv, random_forest_data_new.csv, doc_meta_random_forest.csv, no3_meta_random_forest.csv"
PctHigh Burn SeverityWs_2013,,,numeric,6,"MTBS_severity_2008_2013.csv, MTBS_severity.csv, random_forest_data.csv, random_forest_data_new.csv, doc_meta_random_forest.csv, no3_meta_random_forest.csv"
PctHigh Burn SeverityWs_2014,,,numeric,6,"MTBS_severity_2014_2017.csv, MTBS_severity.csv, random_forest_data.csv, random_forest_data_new.csv, doc_meta_random_forest.csv, no3_meta_random_forest.csv"
PctHigh Burn SeverityWs_2015,,,numeric,6,"MTBS_severity_2014_2017.csv, MTBS_severity.csv, random_forest_data.csv, random_forest_data_new.csv, doc_meta_random_forest.csv, no3_meta_random_forest.csv"
PctHigh Burn SeverityWs_2016,,,numeric,6,"MTBS_severity_2014_2017.csv, MTBS_severity.csv, random_forest_data.csv, random_forest_data_new.csv, doc_meta_random_forest.csv, no3_meta_random_forest.csv"
PctHigh Burn SeverityWs_2017,,,numeric,6,"MTBS_severity_2014_2017.csv, MTBS_severity.csv, random_forest_data.csv, random_forest_data_new.csv, doc_meta_random_forest.csv, no3_meta_random_forest.csv"
PctHigh Burn SeverityWs_2018,,,numeric,6,"MTBS_severity_2018.csv, MTBS_severity.csv, random_forest_data.csv, random_forest_data_new.csv, doc_meta_random_forest.csv, no3_meta_random_forest.csv"
PctHydricWs,,,numeric,6,"lithology.csv, lithology_2.0.csv, random_forest_data.csv, random_forest_data_new.csv, doc_meta_random_forest.csv, no3_meta_random_forest.csv"
PctIce2001,,,numeric,3,"NLCD_2001_2019.csv, random_forest_data.csv, random_forest_data_new.csv"
PctIce2004,,,numeric,3,"NLCD_2001_2019.csv, random_forest_data.csv, random_forest_data_new.csv"
PctIce2006,,,numeric,3,"NLCD_2001_2019.csv, random_forest_data.csv, random_forest_data_new.csv"
PctIce2008,,,numeric,3,"NLCD_2001_2019.csv, random_forest_data.csv, random_forest_data_new.csv"
PctIce2011,,,numeric,3,"NLCD_2001_2019.csv, random_forest_data.csv, random_forest_data_new.csv"
PctIce2013,,,numeric,3,"NLCD_2001_2019.csv, random_forest_data.csv, random_forest_data_new.csv"
PctIce2016,,,numeric,3,"NLCD_2001_2019.csv, random_forest_data.csv, random_forest_data_new.csv"
PctIce2019,,,numeric,3,"NLCD_2001_2019.csv, random_forest_data.csv, random_forest_data_new.csv"
PctLow Burn SeverityWs_1984,,,numeric,6,"MTBS_severity_1984_1989.csv, MTBS_severity.csv, random_forest_data.csv, random_forest_data_new.csv, doc_meta_random_forest.csv, no3_meta_random_forest.csv"
PctLow Burn SeverityWs_1985,,,numeric,6,"MTBS_severity_1984_1989.csv, MTBS_severity.csv, random_forest_data.csv, random_forest_data_new.csv, doc_meta_random_forest.csv, no3_meta_random_forest.csv"
PctLow Burn SeverityWs_1986,,,numeric,6,"MTBS_severity_1984_1989.csv, MTBS_severity.csv, random_forest_data.csv, random_forest_data_new.csv, doc_meta_random_forest.csv, no3_meta_random_forest.csv"
PctLow Burn SeverityWs_1987,,,numeric,6,"MTBS_severity_1984_1989.csv, MTBS_severity.csv, random_forest_data.csv, random_forest_data_new.csv, doc_meta_random_forest.csv, no3_meta_random_forest.csv"
PctLow Burn SeverityWs_1988,,,numeric,6,"MTBS_severity_1984_1989.csv, MTBS_severity.csv, random_forest_data.csv, random_forest_data_new.csv, doc_meta_random_forest.csv, no3_meta_random_forest.csv"
PctLow Burn SeverityWs_1989,,,numeric,6,"MTBS_severity_1984_1989.csv, MTBS_severity.csv, random_forest_data.csv, random_forest_data_new.csv, doc_meta_random_forest.csv, no3_meta_random_forest.csv"
PctLow Burn SeverityWs_1990,,,numeric,6,"MTBS_severity_1990_1995.csv, MTBS_severity.csv, random_forest_data.csv, random_forest_data_new.csv, doc_meta_random_forest.csv, no3_meta_random_forest.csv"
PctLow Burn SeverityWs_1991,,,numeric,6,"MTBS_severity_1990_1995.csv, MTBS_severity.csv, random_forest_data.csv, random_forest_data_new.csv, doc_meta_random_forest.csv, no3_meta_random_forest.csv"
PctLow Burn SeverityWs_1992,,,numeric,6,"MTBS_severity_1990_1995.csv, MTBS_severity.csv, random_forest_data.csv, random_forest_data_new.csv, doc_meta_random_forest.csv, no3_meta_random_forest.csv"
PctLow Burn SeverityWs_1993,,,numeric,6,"MTBS_severity_1990_1995.csv, MTBS_severity.csv, random_forest_data.csv, random_forest_data_new.csv, doc_meta_random_forest.csv, no3_meta_random_forest.csv"
PctLow Burn SeverityWs_1994,,,numeric,6,"MTBS_severity_1990_1995.csv, MTBS_severity.csv, random_forest_data.csv, random_forest_data_new.csv, doc_meta_random_forest.csv, no3_meta_random_forest.csv"
PctLow Burn SeverityWs_1995,,,numeric,6,"MTBS_severity_1990_1995.csv, MTBS_severity.csv, random_forest_data.csv, random_forest_data_new.csv, doc_meta_random_forest.csv, no3_meta_random_forest.csv"
PctLow Burn SeverityWs_1996,,,numeric,1,MTBS_severity_1996_2001.csv
PctLow Burn SeverityWs_1997,,,numeric,1,MTBS_severity_1996_2001.csv
PctLow Burn SeverityWs_1998,,,numeric,1,MTBS_severity_1996_2001.csv
PctLow Burn SeverityWs_1999,,,numeric,1,MTBS_severity_1996_2001.csv
PctLow Burn SeverityWs_2000,,,numeric,1,MTBS_severity_1996_2001.csv
PctLow Burn SeverityWs_2001,,,numeric,1,MTBS_severity_1996_2001.csv
PctLow Burn SeverityWs_2002,,,numeric,6,"MTBS_severity_2007_2002.csv, MTBS_severity.csv, random_forest_data.csv, random_forest_data_new.csv, doc_meta_random_forest.csv, no3_meta_random_forest.csv"
PctLow Burn SeverityWs_2003,,,numeric,6,"MTBS_severity_2007_2002.csv, MTBS_severity.csv, random_forest_data.csv, random_forest_data_new.csv, doc_meta_random_forest.csv, no3_meta_random_forest.csv"
PctLow Burn SeverityWs_2004,,,numeric,6,"MTBS_severity_2007_2002.csv, MTBS_severity.csv, random_forest_data.csv, random_forest_data_new.csv, doc_meta_random_forest.csv, no3_meta_random_forest.csv"
PctLow Burn SeverityWs_2005,,,numeric,6,"MTBS_severity_2007_2002.csv, MTBS_severity.csv, random_forest_data.csv, random_forest_data_new.csv, doc_meta_random_forest.csv, no3_meta_random_forest.csv"
PctLow Burn SeverityWs_2006,,,numeric,6,"MTBS_severity_2007_2002.csv, MTBS_severity.csv, random_forest_data.csv, random_forest_data_new.csv, doc_meta_random_forest.csv, no3_meta_random_forest.csv"
PctLow Burn SeverityWs_2007,,,numeric,6,"MTBS_severity_2007_2002.csv, MTBS_severity.csv, random_forest_data.csv, random_forest_data_new.csv, doc_meta_random_forest.csv, no3_meta_random_forest.csv"
PctLow Burn SeverityWs_2008,,,numeric,6,"MTBS_severity_2008_2013.csv, MTBS_severity.csv, random_forest_data.csv, random_forest_data_new.csv, doc_meta_random_forest.csv, no3_meta_random_forest.csv"
PctLow Burn SeverityWs_2009,,,numeric,6,"MTBS_severity_2008_2013.csv, MTBS_severity.csv, random_forest_data.csv, random_forest_data_new.csv, doc_meta_random_forest.csv, no3_meta_random_forest.csv"
PctLow Burn SeverityWs_2010,,,numeric,6,"MTBS_severity_2008_2013.csv, MTBS_severity.csv, random_forest_data.csv, random_forest_data_new.csv, doc_meta_random_forest.csv, no3_meta_random_forest.csv"
PctLow Burn SeverityWs_2011,,,numeric,6,"MTBS_severity_2008_2013.csv, MTBS_severity.csv, random_forest_data.csv, random_forest_data_new.csv, doc_meta_random_forest.csv, no3_meta_random_forest.csv"
PctLow Burn SeverityWs_2012,,,numeric,6,"MTBS_severity_2008_2013.csv, MTBS_severity.csv, random_forest_data.csv, random_forest_data_new.csv, doc_meta_random_forest.csv, no3_meta_random_forest.csv"
PctLow Burn SeverityWs_2013,,,numeric,6,"MTBS_severity_2008_2013.csv, MTBS_severity.csv, random_forest_data.csv, random_forest_data_new.csv, doc_meta_random_forest.csv, no3_meta_random_forest.csv"
PctLow Burn SeverityWs_2014,,,numeric,6,"MTBS_severity_2014_2017.csv, MTBS_severity.csv, random_forest_data.csv, random_forest_data_new.csv, doc_meta_random_forest.csv, no3_meta_random_forest.csv"
PctLow Burn SeverityWs_2015,,,numeric,6,"MTBS_severity_2014_2017.csv, MTBS_severity.csv, random_forest_data.csv, random_forest_data_new.csv, doc_meta_random_forest.csv, no3_meta_random_forest.csv"
PctLow Burn SeverityWs_2016,,,numeric,6,"MTBS_severity_2014_2017.csv, MTBS_severity.csv, random_forest_data.csv, random_forest_data_new.csv, doc_meta_random_forest.csv, no3_meta_random_forest.csv"
PctLow Burn SeverityWs_2017,,,numeric,6,"MTBS_severity_2014_2017.csv, MTBS_severity.csv, random_forest_data.csv, random_forest_data_new.csv, doc_meta_random_forest.csv, no3_meta_random_forest.csv"
PctLow Burn SeverityWs_2018,,,numeric,6,"MTBS_severity_2018.csv, MTBS_severity.csv, random_forest_data.csv, random_forest_data_new.csv, doc_meta_random_forest.csv, no3_meta_random_forest.csv"
PctModerate Burn SeverityWs_1984,,,numeric,6,"MTBS_severity_1984_1989.csv, MTBS_severity.csv, random_forest_data.csv, random_forest_data_new.csv, doc_meta_random_forest.csv, no3_meta_random_forest.csv"
PctModerate Burn SeverityWs_1985,,,numeric,6,"MTBS_severity_1984_1989.csv, MTBS_severity.csv, random_forest_data.csv, random_forest_data_new.csv, doc_meta_random_forest.csv, no3_meta_random_forest.csv"
PctModerate Burn SeverityWs_1986,,,numeric,6,"MTBS_severity_1984_1989.csv, MTBS_severity.csv, random_forest_data.csv, random_forest_data_new.csv, doc_meta_random_forest.csv, no3_meta_random_forest.csv"
PctModerate Burn SeverityWs_1987,,,numeric,6,"MTBS_severity_1984_1989.csv, MTBS_severity.csv, random_forest_data.csv, random_forest_data_new.csv, doc_meta_random_forest.csv, no3_meta_random_forest.csv"
PctModerate Burn SeverityWs_1988,,,numeric,6,"MTBS_severity_1984_1989.csv, MTBS_severity.csv, random_forest_data.csv, random_forest_data_new.csv, doc_meta_random_forest.csv, no3_meta_random_forest.csv"
PctModerate Burn SeverityWs_1989,,,numeric,6,"MTBS_severity_1984_1989.csv, MTBS_severity.csv, random_forest_data.csv, random_forest_data_new.csv, doc_meta_random_forest.csv, no3_meta_random_forest.csv"
PctModerate Burn SeverityWs_1990,,,numeric,6,"MTBS_severity_1990_1995.csv, MTBS_severity.csv, random_forest_data.csv, random_forest_data_new.csv, doc_meta_random_forest.csv, no3_meta_random_forest.csv"
PctModerate Burn SeverityWs_1991,,,numeric,6,"MTBS_severity_1990_1995.csv, MTBS_severity.csv, random_forest_data.csv, random_forest_data_new.csv, doc_meta_random_forest.csv, no3_meta_random_forest.csv"
PctModerate Burn SeverityWs_1992,,,numeric,6,"MTBS_severity_1990_1995.csv, MTBS_severity.csv, random_forest_data.csv, random_forest_data_new.csv, doc_meta_random_forest.csv, no3_meta_random_forest.csv"
PctModerate Burn SeverityWs_1993,,,numeric,6,"MTBS_severity_1990_1995.csv, MTBS_severity.csv, random_forest_data.csv, random_forest_data_new.csv, doc_meta_random_forest.csv, no3_meta_random_forest.csv"
PctModerate Burn SeverityWs_1994,,,numeric,6,"MTBS_severity_1990_1995.csv, MTBS_severity.csv, random_forest_data.csv, random_forest_data_new.csv, doc_meta_random_forest.csv, no3_meta_random_forest.csv"
PctModerate Burn SeverityWs_1995,,,numeric,6,"MTBS_severity_1990_1995.csv, MTBS_severity.csv, random_forest_data.csv, random_forest_data_new.csv, doc_meta_random_forest.csv, no3_meta_random_forest.csv"
PctModerate Burn SeverityWs_1996,,,numeric,1,MTBS_severity_1996_2001.csv
PctModerate Burn SeverityWs_1997,,,numeric,1,MTBS_severity_1996_2001.csv
PctModerate Burn SeverityWs_1998,,,numeric,1,MTBS_severity_1996_2001.csv
PctModerate Burn SeverityWs_1999,,,numeric,1,MTBS_severity_1996_2001.csv
PctModerate Burn SeverityWs_2000,,,numeric,1,MTBS_severity_1996_2001.csv
PctModerate Burn SeverityWs_2001,,,numeric,1,MTBS_severity_1996_2001.csv
PctModerate Burn SeverityWs_2002,,,numeric,6,"MTBS_severity_2007_2002.csv, MTBS_severity.csv, random_forest_data.csv, random_forest_data_new.csv, doc_meta_random_forest.csv, no3_meta_random_forest.csv"
PctModerate Burn SeverityWs_2003,,,numeric,6,"MTBS_severity_2007_2002.csv, MTBS_severity.csv, random_forest_data.csv, random_forest_data_new.csv, doc_meta_random_forest.csv, no3_meta_random_forest.csv"
PctModerate Burn SeverityWs_2004,,,numeric,6,"MTBS_severity_2007_2002.csv, MTBS_severity.csv, random_forest_data.csv, random_forest_data_new.csv, doc_meta_random_forest.csv, no3_meta_random_forest.csv"
PctModerate Burn SeverityWs_2005,,,numeric,6,"MTBS_severity_2007_2002.csv, MTBS_severity.csv, random_forest_data.csv, random_forest_data_new.csv, doc_meta_random_forest.csv, no3_meta_random_forest.csv"
PctModerate Burn SeverityWs_2006,,,numeric,6,"MTBS_severity_2007_2002.csv, MTBS_severity.csv, random_forest_data.csv, random_forest_data_new.csv, doc_meta_random_forest.csv, no3_meta_random_forest.csv"
PctModerate Burn SeverityWs_2007,,,numeric,6,"MTBS_severity_2007_2002.csv, MTBS_severity.csv, random_forest_data.csv, random_forest_data_new.csv, doc_meta_random_forest.csv, no3_meta_random_forest.csv"
PctModerate Burn SeverityWs_2008,,,numeric,6,"MTBS_severity_2008_2013.csv, MTBS_severity.csv, random_forest_data.csv, random_forest_data_new.csv, doc_meta_random_forest.csv, no3_meta_random_forest.csv"
PctModerate Burn SeverityWs_2009,,,numeric,6,"MTBS_severity_2008_2013.csv, MTBS_severity.csv, random_forest_data.csv, random_forest_data_new.csv, doc_meta_random_forest.csv, no3_meta_random_forest.csv"
PctModerate Burn SeverityWs_2010,,,numeric,6,"MTBS_severity_2008_2013.csv, MTBS_severity.csv, random_forest_data.csv, random_forest_data_new.csv, doc_meta_random_forest.csv, no3_meta_random_forest.csv"
PctModerate Burn SeverityWs_2011,,,numeric,6,"MTBS_severity_2008_2013.csv, MTBS_severity.csv, random_forest_data.csv, random_forest_data_new.csv, doc_meta_random_forest.csv, no3_meta_random_forest.csv"
PctModerate Burn SeverityWs_2012,,,numeric,6,"MTBS_severity_2008_2013.csv, MTBS_severity.csv, random_forest_data.csv, random_forest_data_new.csv, doc_meta_random_forest.csv, no3_meta_random_forest.csv"
PctModerate Burn SeverityWs_2013,,,numeric,6,"MTBS_severity_2008_2013.csv, MTBS_severity.csv, random_forest_data.csv, random_forest_data_new.csv, doc_meta_random_forest.csv, no3_meta_random_forest.csv"
PctModerate Burn SeverityWs_2014,,,numeric,6,"MTBS_severity_2014_2017.csv, MTBS_severity.csv, random_forest_data.csv, random_forest_data_new.csv, doc_meta_random_forest.csv, no3_meta_random_forest.csv"
PctModerate Burn SeverityWs_2015,,,numeric,6,"MTBS_severity_2014_2017.csv, MTBS_severity.csv, random_forest_data.csv, random_forest_data_new.csv, doc_meta_random_forest.csv, no3_meta_random_forest.csv"
PctModerate Burn SeverityWs_2016,,,numeric,6,"MTBS_severity_2014_2017.csv, MTBS_severity.csv, random_forest_data.csv, random_forest_data_new.csv, doc_meta_random_forest.csv, no3_meta_random_forest.csv"
PctModerate Burn SeverityWs_2017,,,numeric,6,"MTBS_severity_2014_2017.csv, MTBS_severity.csv, random_forest_data.csv, random_forest_data_new.csv, doc_meta_random_forest.csv, no3_meta_random_forest.csv"
PctModerate Burn SeverityWs_2018,,,numeric,6,"MTBS_severity_2018.csv, MTBS_severity.csv, random_forest_data.csv, random_forest_data_new.csv, doc_meta_random_forest.csv, no3_meta_random_forest.csv"
PctNonCarbResidWs,,,numeric,6,"lithology.csv, lithology_2.0.csv, random_forest_data.csv, random_forest_data_new.csv, doc_meta_random_forest.csv, no3_meta_random_forest.csv"
PctOw2001,,,numeric,3,"NLCD_2001_2019.csv, random_forest_data.csv, random_forest_data_new.csv"
PctOw2004,,,numeric,3,"NLCD_2001_2019.csv, random_forest_data.csv, random_forest_data_new.csv"
PctOw2006,,,numeric,3,"NLCD_2001_2019.csv, random_forest_data.csv, random_forest_data_new.csv"
PctOw2008,,,numeric,3,"NLCD_2001_2019.csv, random_forest_data.csv, random_forest_data_new.csv"
PctOw2011,,,numeric,3,"NLCD_2001_2019.csv, random_forest_data.csv, random_forest_data_new.csv"
PctOw2013,,,numeric,3,"NLCD_2001_2019.csv, random_forest_data.csv, random_forest_data_new.csv"
PctOw2016,,,numeric,3,"NLCD_2001_2019.csv, random_forest_data.csv, random_forest_data_new.csv"
PctOw2019,,,numeric,3,"NLCD_2001_2019.csv, random_forest_data.csv, random_forest_data_new.csv"
PctSalLakeWs,,,numeric,6,"lithology.csv, lithology_2.0.csv, random_forest_data.csv, random_forest_data_new.csv, doc_meta_random_forest.csv, no3_meta_random_forest.csv"
PctShrb2001,,,numeric,3,"NLCD_2001_2019.csv, random_forest_data.csv, random_forest_data_new.csv"
PctShrb2004,,,numeric,3,"NLCD_2001_2019.csv, random_forest_data.csv, random_forest_data_new.csv"
PctShrb2006,,,numeric,3,"NLCD_2001_2019.csv, random_forest_data.csv, random_forest_data_new.csv"
PctShrb2008,,,numeric,3,"NLCD_2001_2019.csv, random_forest_data.csv, random_forest_data_new.csv"
PctShrb2011,,,numeric,3,"NLCD_2001_2019.csv, random_forest_data.csv, random_forest_data_new.csv"
PctShrb2013,,,numeric,3,"NLCD_2001_2019.csv, random_forest_data.csv, random_forest_data_new.csv"
PctShrb2016,,,numeric,3,"NLCD_2001_2019.csv, random_forest_data.csv, random_forest_data_new.csv"
PctShrb2019,,,numeric,3,"NLCD_2001_2019.csv, random_forest_data.csv, random_forest_data_new.csv"
PctSilicicWs,,,numeric,6,"lithology.csv, lithology_2.0.csv, random_forest_data.csv, random_forest_data_new.csv, doc_meta_random_forest.csv, no3_meta_random_forest.csv"
PctUrbHi2001,,,numeric,3,"NLCD_2001_2019.csv, random_forest_data.csv, random_forest_data_new.csv"
PctUrbHi2004,,,numeric,3,"NLCD_2001_2019.csv, random_forest_data.csv, random_forest_data_new.csv"
PctUrbHi2006,,,numeric,3,"NLCD_2001_2019.csv, random_forest_data.csv, random_forest_data_new.csv"
PctUrbHi2008,,,numeric,3,"NLCD_2001_2019.csv, random_forest_data.csv, random_forest_data_new.csv"
PctUrbHi2011,,,numeric,3,"NLCD_2001_2019.csv, random_forest_data.csv, random_forest_data_new.csv"
PctUrbHi2013,,,numeric,3,"NLCD_2001_2019.csv, random_forest_data.csv, random_forest_data_new.csv"
PctUrbHi2016,,,numeric,3,"NLCD_2001_2019.csv, random_forest_data.csv, random_forest_data_new.csv"
PctUrbHi2019,,,numeric,3,"NLCD_2001_2019.csv, random_forest_data.csv, random_forest_data_new.csv"
PctUrbLo2001,,,numeric,3,"NLCD_2001_2019.csv, random_forest_data.csv, random_forest_data_new.csv"
PctUrbLo2004,,,numeric,3,"NLCD_2001_2019.csv, random_forest_data.csv, random_forest_data_new.csv"
PctUrbLo2006,,,numeric,3,"NLCD_2001_2019.csv, random_forest_data.csv, random_forest_data_new.csv"
PctUrbLo2008,,,numeric,3,"NLCD_2001_2019.csv, random_forest_data.csv, random_forest_data_new.csv"
PctUrbLo2011,,,numeric,3,"NLCD_2001_2019.csv, random_forest_data.csv, random_forest_data_new.csv"
PctUrbLo2013,,,numeric,3,"NLCD_2001_2019.csv, random_forest_data.csv, random_forest_data_new.csv"
PctUrbLo2016,,,numeric,3,"NLCD_2001_2019.csv, random_forest_data.csv, random_forest_data_new.csv"
PctUrbLo2019,,,numeric,3,"NLCD_2001_2019.csv, random_forest_data.csv, random_forest_data_new.csv"
PctUrbMd2001,,,numeric,3,"NLCD_2001_2019.csv, random_forest_data.csv, random_forest_data_new.csv"
PctUrbMd2004,,,numeric,3,"NLCD_2001_2019.csv, random_forest_data.csv, random_forest_data_new.csv"
PctUrbMd2006,,,numeric,3,"NLCD_2001_2019.csv, random_forest_data.csv, random_forest_data_new.csv"
PctUrbMd2008,,,numeric,3,"NLCD_2001_2019.csv, random_forest_data.csv, random_forest_data_new.csv"
PctUrbMd2011,,,numeric,3,"NLCD_2001_2019.csv, random_forest_data.csv, random_forest_data_new.csv"
PctUrbMd2013,,,numeric,3,"NLCD_2001_2019.csv, random_forest_data.csv, random_forest_data_new.csv"
PctUrbMd2016,,,numeric,3,"NLCD_2001_2019.csv, random_forest_data.csv, random_forest_data_new.csv"
PctUrbMd2019,,,numeric,3,"NLCD_2001_2019.csv, random_forest_data.csv, random_forest_data_new.csv"
PctUrbOp2001,,,numeric,3,"NLCD_2001_2019.csv, random_forest_data.csv, random_forest_data_new.csv"
PctUrbOp2004,,,numeric,3,"NLCD_2001_2019.csv, random_forest_data.csv, random_forest_data_new.csv"
PctUrbOp2006,,,numeric,3,"NLCD_2001_2019.csv, random_forest_data.csv, random_forest_data_new.csv"
PctUrbOp2008,,,numeric,3,"NLCD_2001_2019.csv, random_forest_data.csv, random_forest_data_new.csv"
PctUrbOp2011,,,numeric,3,"NLCD_2001_2019.csv, random_forest_data.csv, random_forest_data_new.csv"
PctUrbOp2013,,,numeric,3,"NLCD_2001_2019.csv, random_forest_data.csv, random_forest_data_new.csv"
PctUrbOp2016,,,numeric,3,"NLCD_2001_2019.csv, random_forest_data.csv, random_forest_data_new.csv"
PctUrbOp2019,,,numeric,3,"NLCD_2001_2019.csv, random_forest_data.csv, random_forest_data_new.csv"
PctWaterWs,,,numeric,6,"lithology.csv, lithology_2.0.csv, random_forest_data.csv, random_forest_data_new.csv, doc_meta_random_forest.csv, no3_meta_random_forest.csv"
PctWdWet2001,,,numeric,3,"NLCD_2001_2019.csv, random_forest_data.csv, random_forest_data_new.csv"
PctWdWet2004,,,numeric,3,"NLCD_2001_2019.csv, random_forest_data.csv, random_forest_data_new.csv"
PctWdWet2006,,,numeric,3,"NLCD_2001_2019.csv, random_forest_data.csv, random_forest_data_new.csv"
PctWdWet2008,,,numeric,3,"NLCD_2001_2019.csv, random_forest_data.csv, random_forest_data_new.csv"
PctWdWet2011,,,numeric,3,"NLCD_2001_2019.csv, random_forest_data.csv, random_forest_data_new.csv"
PctWdWet2013,,,numeric,3,"NLCD_2001_2019.csv, random_forest_data.csv, random_forest_data_new.csv"
PctWdWet2016,,,numeric,3,"NLCD_2001_2019.csv, random_forest_data.csv, random_forest_data_new.csv"
PctWdWet2019,,,numeric,3,"NLCD_2001_2019.csv, random_forest_data.csv, random_forest_data_new.csv"
Percent_Difference,percentage,The percent difference in analyte concentration between the burned and the unburned watershed.,numeric,4,"Percent_Difference.csv, TSF_PD_CIs.csv, TSF_PD_DOC_Fig_data.csv, TSF_PD_NO3_Fig_data.csv"
PermWs,,,numeric,5,"OM_perm.csv, random_forest_data.csv, random_forest_data_new.csv, doc_meta_random_forest.csv, no3_meta_random_forest.csv"
Precip9120Ws,,,numeric,5,"random_forest_data.csv, random_forest_data_new.csv, temp_precip.csv, doc_meta_random_forest.csv, no3_meta_random_forest.csv"
Publication_Year,YYYY,The year the publication was published and released.,numeric,1,Sites_meta_data.csv
Q_Extracted,N/A,Indicates how and where discharge (Q) data were extracted from.,text,1,Sites_meta_data.csv
Q_df_in_git,N/A,Indicates whether the discharge (Q) data frame is included within the repository.,text,1,Sites_meta_data.csv
RckDepWs,,,numeric,5,"OM_perm.csv, random_forest_data.csv, random_forest_data_new.csv, doc_meta_random_forest.csv, no3_meta_random_forest.csv"
Reports_Burn_Percentage,N/A,Indicates whether the publication reports burn percentage for each watershed they include in their study.,text,1,Fire_name_Lat_Long.csv
Reports_Coords,N/A,Indicates whether the publication reports latitude and longitude coordinates for each watersheds they include in their study.,text,1,Fire_name_Lat_Long.csv
Reports_Size,N/A,Indicates whether the publication reports watershed area for each watershed they include in their study.,text,1,Fire_name_Lat_Long.csv
RunoffWs,,,numeric,5,"random_forest_data.csv, random_forest_data_new.csv, runoff.csv, doc_meta_random_forest.csv, no3_meta_random_forest.csv"
STDEV_DOC,,,numeric,19,"Abbott_et_al_2021.csv, Burd_et_al_2018.csv, Coombs_Melack_2013.csv, Crandall_et_al_2021.csv, Gerla_Galloway_1998.csv, Gluns_Toews_1989.csv, Hauer_Spencer_1998.csv, Hickenbottom_et_al_2023.csv, Mast_Clow_2008.csv, Murphy_et_al_2015.csv, Murphy_et_al_2018.csv, Neary_Currier_1982.csv, Oliver_et_al_2012.csv, Rhea_et_al_2021.csv, Tiedemann_1973.csv, Uzun_et_al_2020.csv, Wagner_et_al_2015.csv, Writer_et_al_2014.csv, gap_fill_take_two.csv"
STDEV_NO3,,,text,19,"Abbott_et_al_2021.csv, Burd_et_al_2018.csv, Coombs_Melack_2013.csv, Crandall_et_al_2021.csv, Gerla_Galloway_1998.csv, Gluns_Toews_1989.csv, Hauer_Spencer_1998.csv, Hickenbottom_et_al_2023.csv, Mast_Clow_2008.csv, Murphy_et_al_2015.csv, Murphy_et_al_2018.csv, Neary_Currier_1982.csv, Oliver_et_al_2012.csv, Rhea_et_al_2021.csv, Tiedemann_1973.csv, Uzun_et_al_2020.csv, Wagner_et_al_2015.csv, Writer_et_al_2014.csv, gap_fill_take_two.csv"
STDEV_NO3,,,logical,19,"Abbott_et_al_2021.csv, Burd_et_al_2018.csv, Coombs_Melack_2013.csv, Crandall_et_al_2021.csv, Gerla_Galloway_1998.csv, Gluns_Toews_1989.csv, Hauer_Spencer_1998.csv, Hickenbottom_et_al_2023.csv, Mast_Clow_2008.csv, Murphy_et_al_2015.csv, Murphy_et_al_2018.csv, Neary_Currier_1982.csv, Oliver_et_al_2012.csv, Rhea_et_al_2021.csv, Tiedemann_1973.csv, Uzun_et_al_2020.csv, Wagner_et_al_2015.csv, Writer_et_al_2014.csv, gap_fill_take_two.csv"
STER_DOC,,,numeric,19,"Abbott_et_al_2021.csv, Burd_et_al_2018.csv, Coombs_Melack_2013.csv, Crandall_et_al_2021.csv, Gerla_Galloway_1998.csv, Gluns_Toews_1989.csv, Hauer_Spencer_1998.csv, Hickenbottom_et_al_2023.csv, Mast_Clow_2008.csv, Murphy_et_al_2015.csv, Murphy_et_al_2018.csv, Neary_Currier_1982.csv, Oliver_et_al_2012.csv, Rhea_et_al_2021.csv, Tiedemann_1973.csv, Uzun_et_al_2020.csv, Wagner_et_al_2015.csv, Writer_et_al_2014.csv, gap_fill_take_two.csv"
STER_NO3,,,numeric,19,"Abbott_et_al_2021.csv, Burd_et_al_2018.csv, Coombs_Melack_2013.csv, Crandall_et_al_2021.csv, Gerla_Galloway_1998.csv, Gluns_Toews_1989.csv, Hauer_Spencer_1998.csv, Hickenbottom_et_al_2023.csv, Mast_Clow_2008.csv, Murphy_et_al_2015.csv, Murphy_et_al_2018.csv, Neary_Currier_1982.csv, Oliver_et_al_2012.csv, Rhea_et_al_2021.csv, Tiedemann_1973.csv, Uzun_et_al_2020.csv, Wagner_et_al_2015.csv, Writer_et_al_2014.csv, gap_fill_take_two.csv"
Sample_Freq,N/A,Indicates the frequency at which samples were taken within each publication.,text,1,Sites_meta_data.csv
Sampling_Date,YYYY-MM-DD,Date of discrete sampling events.,Date,29,"coombs_iteration.csv, mast_iteration.csv, Abbott_et_al_2021.csv, Burd_et_al_2018.csv, Coombs_Melack_2013.csv, Crandall_et_al_2021.csv, Gerla_Galloway_1998.csv, Gluns_Toews_1989.csv, Hauer_Spencer_1998.csv, Hickenbottom_et_al_2023.csv, Mast_Clow_2008.csv, Murphy_et_al_2015.csv, Murphy_et_al_2018.csv, Neary_Currier_1982.csv, Oliver_et_al_2012.csv, Rhea_et_al_2021.csv, Tiedemann_1973.csv, Uzun_et_al_2020.csv, Wagner_et_al_2015.csv, Writer_et_al_2014.csv, crandall_conc_fill.csv, Abbott_conc_fill.csv, Rhea_conc_fill.csv, gap_fill.csv, gap_fill_10.csv, gap_fill_20.csv, gap_fill_30.csv, gap_fill_40.csv, gap_fill_take_two.csv"
Sampling_Resolution,N/A,Indicates how often water samples were taken in each publication.,text,1,Sites_meta_data.csv
Sampling_exact_days,N/A,Indicates whether discrete water sampling days were reported in individual publications.,text,1,Sites_meta_data.csv
Severity_Category,,,text,1,severity_clip.csv
Site,N/A,Name of site that was monitored or sampled from the publication.,text,77,"coombs_iteration.csv, mast_iteration.csv, Fire_name_Lat_Long.csv, fire_watershed_lat_long_comids.csv, meta_lat_long_comids.csv, watershed_lat_long.csv, Abbott_et_al_2021.csv, Burd_et_al_2018.csv, Coombs_Melack_2013.csv, Crandall_et_al_2021.csv, Gerla_Galloway_1998.csv, Gluns_Toews_1989.csv, Hauer_Spencer_1998.csv, Hickenbottom_et_al_2023.csv, Mast_Clow_2008.csv, Murphy_et_al_2015.csv, Murphy_et_al_2018.csv, Neary_Currier_1982.csv, Oliver_et_al_2012.csv, Rhea_et_al_2021.csv, Tiedemann_1973.csv, Uzun_et_al_2020.csv, Wagner_et_al_2015.csv, Writer_et_al_2014.csv, Watershed_area.csv, crandall_conc_fill.csv, crandall_temp_norm.csv, Abbott_conc_fill.csv, Abbott_temp_norm.csv, Rhea_conc_fill.csv, Rhea_temp_norm.csv, gap_fill.csv, gap_fill_10.csv, gap_fill_20.csv, gap_fill_30.csv, gap_fill_40.csv, gap_fill_take_two.csv, geospatial_data.csv, meta_comids.csv, MTBS_severity_1984_1989.csv, MTBS_severity_1990_1995.csv, MTBS_severity_1996_2001.csv, MTBS_severity_2007_2002.csv, MTBS_severity_2008_2013.csv, MTBS_severity_2014_2017.csv, MTBS_severity_2018.csv, BFI.csv, burn_percentage.csv, forest_lost.csv, Geospatial_data_2024-02-15.csv, lithology.csv, lithology_2.0.csv, MTBS_severity.csv, NLCD_2001_2019.csv, NWetdep_2008.csv, OM_perm.csv, random_forest_data.csv, random_forest_data_new.csv, runoff.csv, stream_temp.csv, temp_precip.csv, Burn_percentage_ES_fig_data.csv, doc_meta_random_forest 1.39.32 PM.csv, effect_size_geospatial_fire.csv, effect_size_geospatial_fire_lat_long.csv, severity_clip.csv, doc_meta_random_forest.csv, meta_summary.csv, no3_meta_random_forest.csv, DOC_temp_norm_fig_data.csv, doc_yield_meta_random_forest.csv, NO3_temp_norm_fig_data.csv, no3_yield_meta_random_forest.csv, Burn_severity_ES_fig_data.csv, DNBR_Severity.csv, watershed_count_per_year.csv, placeholder.csv"
Standard,N/A,ESS-DIVE Reporting Format or other standard applied to the data file.,text,1,Cavaiani_2024_Metaanalysis_flmd.csv
State,N/A,Indicates which state the publication was located in.,text,2,"Map_input.csv, effect_size_geospatial_fire_lat_long.csv"
Study_Duration_yrs,years,The length of the study duration in years.,numeric,1,Sites_meta_data.csv
Study_ID,N/A,The shorthand in-text citation of the publication.,text,63,"coombs_iteration.csv, mast_iteration.csv, Fire_name_Lat_Long.csv, Abbott_et_al_2021.csv, Burd_et_al_2018.csv, Coombs_Melack_2013.csv, Crandall_et_al_2021.csv, Gerla_Galloway_1998.csv, Gluns_Toews_1989.csv, Hauer_Spencer_1998.csv, Hickenbottom_et_al_2023.csv, Mast_Clow_2008.csv, Murphy_et_al_2015.csv, Murphy_et_al_2018.csv, Neary_Currier_1982.csv, Oliver_et_al_2012.csv, Rhea_et_al_2021.csv, Tiedemann_1973.csv, Uzun_et_al_2020.csv, Wagner_et_al_2015.csv, Writer_et_al_2014.csv, Map_input.csv, Sites_meta_data.csv, Watershed_area.csv, crandall_conc_fill.csv, Crandall_effect_size.csv, crandall_temp_norm.csv, Abbott_conc_fill.csv, Abbott_effect_size.csv, Abbott_temp_norm.csv, Rhea_conc_fill.csv, Rhea_effect_size.csv, Rhea_temp_norm.csv, Climate_ES_Fig_data.csv, Effect_Size.csv, Effect_Size_10days.csv, Effect_Size_20days.csv, Effect_Size_30days.csv, Effect_Size_40days.csv, Effect_Size_UPDATED.csv, gap_fill.csv, gap_fill_10.csv, gap_fill_20.csv, gap_fill_30.csv, gap_fill_40.csv, gap_fill_take_two.csv, Percent_Difference.csv, TSF_ES_Fig_data.csv, TSF_PD_DOC_Fig_data.csv, TSF_PD_NO3_Fig_data.csv, Burn_percentage_ES_fig_data.csv, doc_meta_random_forest 1.39.32 PM.csv, effect_size_geospatial_fire.csv, effect_size_geospatial_fire_lat_long.csv, severity_clip.csv, doc_meta_random_forest.csv, meta_summary.csv, no3_meta_random_forest.csv, DOC_CV_temp_norm_fig_data.csv, DOC_temp_norm_fig_data.csv, NO3_CV_temp_norm_fig_data.csv, NO3_temp_norm_fig_data.csv, Burn_severity_ES_fig_data.csv"
Study_design,N/A,Indicates which study design was used within each publication. Examples include: pre_post; control_burn.,text,1,Sites_meta_data.csv
TSF,years,Time-lag (time-since-fire; TSF) between when sampling and the wildfire occurred.,text,1,Sites_meta_data.csv
TempNorm,miligrams_analyte_per_liter_per_square_kilometer_per_year,Pseudo yield metric we calculated that normalized for watershed area by year for each watershed.,numeric,7,"crandall_temp_norm.csv, Abbott_temp_norm.csv, Rhea_temp_norm.csv, DOC_temp_norm_fig_data.csv, doc_yield_meta_random_forest.csv, NO3_temp_norm_fig_data.csv, no3_yield_meta_random_forest.csv"
Time_Since_Fire,years,The lag time between when sampling occurred relative to when the wildfire occurred.,text; numeric,46,"Abbott_et_al_2021.csv, Burd_et_al_2018.csv, Coombs_Melack_2013.csv, Crandall_et_al_2021.csv, Gerla_Galloway_1998.csv, Gluns_Toews_1989.csv, Hauer_Spencer_1998.csv, Hickenbottom_et_al_2023.csv, Mast_Clow_2008.csv, Murphy_et_al_2015.csv, Murphy_et_al_2018.csv, Neary_Currier_1982.csv, Oliver_et_al_2012.csv, Rhea_et_al_2021.csv, Tiedemann_1973.csv, Uzun_et_al_2020.csv, Wagner_et_al_2015.csv, Writer_et_al_2014.csv, crandall_conc_fill.csv, Abbott_conc_fill.csv, Rhea_conc_fill.csv, Climate_ES_Fig_data.csv, Effect_Size.csv, Effect_Size_10days.csv, Effect_Size_20days.csv, Effect_Size_30days.csv, Effect_Size_40days.csv, Effect_Size_UPDATED.csv, gap_fill_take_two.csv, Percent_Difference.csv, TSF_ES_CIs.csv, TSF_ES_Fig_data.csv, TSF_PD_CIs.csv, TSF_PD_DOC_Fig_data.csv, TSF_PD_NO3_Fig_data.csv, Burn_percentage_ES_fig_data.csv, doc_meta_random_forest 1.39.32 PM.csv, effect_size_geospatial_fire.csv, effect_size_geospatial_fire_lat_long.csv, doc_meta_random_forest.csv, meta_summary.csv, no3_meta_random_forest.csv, doc_yield_meta_random_forest.csv, no3_yield_meta_random_forest.csv, Burn_severity_ES_fig_data.csv, watershed_count_per_year.csv"
Title,N/A,The title of the publication.,text,1,Sites_meta_data.csv
Tmax9120Ws,,,numeric,5,"random_forest_data.csv, random_forest_data_new.csv, temp_precip.csv, doc_meta_random_forest.csv, no3_meta_random_forest.csv"
Tmean9120Ws,,,numeric,5,"random_forest_data.csv, random_forest_data_new.csv, temp_precip.csv, doc_meta_random_forest.csv, no3_meta_random_forest.csv"
Tmin9120Ws,,,numeric,5,"random_forest_data.csv, random_forest_data_new.csv, temp_precip.csv, doc_meta_random_forest.csv, no3_meta_random_forest.csv"
Type,N/A,The study design type.,text,1,Sites_meta_data.csv
Unit,N/A,Unit of measurement that applies to a given column in the data package.,text,1,Cavaiani_2024_Metaanalysis_dd.csv
Urban,,,numeric,2,"doc_meta_random_forest.csv, no3_meta_random_forest.csv"
Vegetation,N/A,General type of vegetation present in the study site area reported within the publication,text,1,Sites_meta_data.csv
Vegetation_year_pull,,,text; date,3,"Fire_name_Lat_Long.csv, doc_meta_random_forest.csv, no3_meta_random_forest.csv"
Watershed_Area,N/A,Indicates whether studies reported watershed area within the publication.,text,1,Sites_meta_data.csv
Watershed_Size_km,km2,Size of the watershed in square kilometers.,numeric,1,Watershed_area.csv
Wetland,,,numeric,2,"doc_meta_random_forest.csv, no3_meta_random_forest.csv"
Where,N/A,A generalizable location of where the study took place. Examples include: states; territories; countries.,text,1,Sites_meta_data.csv
WtDepWs,,,numeric,5,"OM_perm.csv, random_forest_data.csv, random_forest_data_new.csv, doc_meta_random_forest.csv, no3_meta_random_forest.csv"
Xc,N/A,Pseudo yield metric calculated for the reference watershed when a publication only included one reference.,numeric,11,"Crandall_effect_size.csv, Abbott_effect_size.csv, Rhea_effect_size.csv, Climate_ES_Fig_data.csv, Effect_Size.csv, Effect_Size_10days.csv, Effect_Size_20days.csv, Effect_Size_30days.csv, Effect_Size_40days.csv, Effect_Size_UPDATED.csv, TSF_ES_Fig_data.csv"
Xc2,N/A,Pseudo yield metric calculated for the second reference watershed and compared to a specific burned watershed when the publication included more than one reference site.,numeric,9,"Crandall_effect_size.csv, Climate_ES_Fig_data.csv, Effect_Size.csv, Effect_Size_10days.csv, Effect_Size_20days.csv, Effect_Size_30days.csv, Effect_Size_40days.csv, Effect_Size_UPDATED.csv, TSF_ES_Fig_data.csv"
Xc34,N/A,Pseudo yield metric calculated for the reference watershed and compared to two burned watersheds when a publication compared multiple burns to one reference watershed.,numeric,9,"Crandall_effect_size.csv, Climate_ES_Fig_data.csv, Effect_Size.csv, Effect_Size_10days.csv, Effect_Size_20days.csv, Effect_Size_30days.csv, Effect_Size_40days.csv, Effect_Size_UPDATED.csv, TSF_ES_Fig_data.csv"
Xc345,N/A,Pseudo yield metric calculated for the reference watershed and compared to multiple burned watersheds when a publication compared multiple burns to one reference watershed.,numeric,8,"Climate_ES_Fig_data.csv, Effect_Size.csv, Effect_Size_10days.csv, Effect_Size_20days.csv, Effect_Size_30days.csv, Effect_Size_40days.csv, Effect_Size_UPDATED.csv, TSF_ES_Fig_data.csv"
Xe1,N/A,Pseudo yield metric calculated for the first burned watershed.,numeric,11,"Crandall_effect_size.csv, Abbott_effect_size.csv, Rhea_effect_size.csv, Climate_ES_Fig_data.csv, Effect_Size.csv, Effect_Size_10days.csv, Effect_Size_20days.csv, Effect_Size_30days.csv, Effect_Size_40days.csv, Effect_Size_UPDATED.csv, TSF_ES_Fig_data.csv"
Xe2,N/A,Pseudo yield metric calculated for the second burned watershed if included.,numeric,10,"Crandall_effect_size.csv, Rhea_effect_size.csv, Climate_ES_Fig_data.csv, Effect_Size.csv, Effect_Size_10days.csv, Effect_Size_20days.csv, Effect_Size_30days.csv, Effect_Size_40days.csv, Effect_Size_UPDATED.csv, TSF_ES_Fig_data.csv"
Xe3,N/A,Pseudo yield metric calculated for the third burned watershed if included.,numeric,10,"Crandall_effect_size.csv, Rhea_effect_size.csv, Climate_ES_Fig_data.csv, Effect_Size.csv, Effect_Size_10days.csv, Effect_Size_20days.csv, Effect_Size_30days.csv, Effect_Size_40days.csv, Effect_Size_UPDATED.csv, TSF_ES_Fig_data.csv"
Xe4,N/A,Pseudo yield metric calculated for the fourth burned watershed if included.,numeric,9,"Crandall_effect_size.csv, Climate_ES_Fig_data.csv, Effect_Size.csv, Effect_Size_10days.csv, Effect_Size_20days.csv, Effect_Size_30days.csv, Effect_Size_40days.csv, Effect_Size_UPDATED.csv, TSF_ES_Fig_data.csv"
Xe5,N/A,Pseudo yield metric calculated for the fifth burned watershed if included.,numeric,8,"Climate_ES_Fig_data.csv, Effect_Size.csv, Effect_Size_10days.csv, Effect_Size_20days.csv, Effect_Size_30days.csv, Effect_Size_40days.csv, Effect_Size_UPDATED.csv, TSF_ES_Fig_data.csv"
analyte,N/A,Indicates which analyte is being measured (Dissolved organic carbon (DOC) or nitrate (NO3)).,text,2,"meta_summary.csv, Random_Forest_Effect_Size_Fig_data.csv"
burn_percentage,percentage,The proportion of the watershed that was burned by a wildfire.,numeric,11,"Fire_name_Lat_Long.csv, Watershed_area.csv, Burn_percentage_ES_fig_data.csv, doc_meta_random_forest 1.39.32 PM.csv, effect_size_geospatial_fire.csv, effect_size_geospatial_fire_lat_long.csv, doc_meta_random_forest.csv, no3_meta_random_forest.csv, doc_yield_meta_random_forest.csv, no3_yield_meta_random_forest.csv, Burn_severity_ES_fig_data.csv"
burn_percentage_group,percentage,Grouped burn percentages in 10% intervals.,numeric,2,"Burn_percentage_ES_CIs.csv, Burn_percentage_ES_fig_data.csv"
burn_severity_category,,,text,5,"doc_meta_random_forest.csv, no3_meta_random_forest.csv, Burn_severity_ES_CIs.csv, Burn_severity_ES_fig_data.csv, DNBR_Severity.csv"
catareasqkm,,,numeric,4,"lithology_2.0.csv, random_forest_data_new.csv, doc_meta_random_forest.csv, no3_meta_random_forest.csv"
catareasqkmrp100,,,numeric,4,"lithology_2.0.csv, random_forest_data_new.csv, doc_meta_random_forest.csv, no3_meta_random_forest.csv"
comid,N/A,The NHDPlus Version 2 common identifier (COMID) which is a unique identifier for the watershed associated with the location of the water sample.,numeric,32,"fire_watershed_lat_long_comids.csv, meta_lat_long_comids.csv, watershed_lat_long.csv, geospatial_data.csv, meta_comids.csv, MTBS_severity_1984_1989.csv, MTBS_severity_1990_1995.csv, MTBS_severity_1996_2001.csv, MTBS_severity_2007_2002.csv, MTBS_severity_2008_2013.csv, MTBS_severity_2014_2017.csv, MTBS_severity_2018.csv, BFI.csv, burn_percentage.csv, forest_lost.csv, Geospatial_data_2024-02-15.csv, lithology.csv, lithology_2.0.csv, MTBS_severity.csv, NLCD_2001_2019.csv, NWetdep_2008.csv, OM_perm.csv, random_forest_data.csv, random_forest_data_new.csv, runoff.csv, stream_temp.csv, temp_precip.csv, effect_size_geospatial_fire.csv, effect_size_geospatial_fire_lat_long.csv, doc_meta_random_forest.csv, no3_meta_random_forest.csv, placeholder.csv"
day,,,numeric,6,"gap_fill.csv, gap_fill_10.csv, gap_fill_20.csv, gap_fill_30.csv, gap_fill_40.csv, gap_fill_take_two.csv"
elevfixed,N/A,Flag indicating that the downstream elevation is fixed (i.e. not smoothed).,numeric,10,"geospatial_data.csv, burn_percentage.csv, Geospatial_data_2024-02-15.csv, random_forest_data.csv, random_forest_data_new.csv, doc_meta_random_forest 1.39.32 PM.csv, effect_size_geospatial_fire.csv, effect_size_geospatial_fire_lat_long.csv, doc_meta_random_forest.csv, no3_meta_random_forest.csv"
fi,percentage,Feature Importance (FI) determined by Random Forest models.,numeric,1,Random_Forest_Effect_Size_Fig_data.csv
fi100,,,numeric,1,Random_Forest_Effect_Size_Fig_data.csv
fire_name,,,text,4,"fire_watershed_lat_long_comids.csv, Fire_thresholds.csv, Burn_severity_ES_fig_data.csv, DNBR_Severity.csv"
fire_year,,,numeric,1,fire_watershed_lat_long_comids.csv
geometry,decimal_degrees_WGS1984,Geographic coordinates of each study site.,text,11,"fire_watershed_lat_long_comids.csv, meta_lat_long_comids.csv, geospatial_data.csv, meta_comids.csv, MTBS_severity_2018.csv, Geospatial_data_2024-02-15.csv, MTBS_severity.csv, random_forest_data.csv, random_forest_data_new.csv, doc_meta_random_forest.csv, no3_meta_random_forest.csv"
group,N/A,A unique number identifier that is associated with a United States state.,numeric,2,"Map_input.csv, effect_size_geospatial_fire_lat_long.csv"
grouped_percentage,N/A,A unique number indicating which 10% interval the burn_percentage_group falls into (1-10). For example a 5% burn extent falls within the 0-10% burn_percentage_group which would be indicated in this column as 1.,numeric,1,Burn_percentage_ES_fig_data.csv
iteration,,,numeric,2,"coombs_iteration.csv, mast_iteration.csv"
latitude,decimal_degrees_WGS1984,Site latitude.,numeric,40,"Fire_name_Lat_Long.csv, fire_watershed_lat_long_comids.csv, meta_lat_long_comids.csv, watershed_lat_long.csv, Abbott_et_al_2021.csv, Burd_et_al_2018.csv, Coombs_Melack_2013.csv, Crandall_et_al_2021.csv, Gerla_Galloway_1998.csv, Gluns_Toews_1989.csv, Hauer_Spencer_1998.csv, Hickenbottom_et_al_2023.csv, Mast_Clow_2008.csv, Murphy_et_al_2015.csv, Murphy_et_al_2018.csv, Neary_Currier_1982.csv, Oliver_et_al_2012.csv, Rhea_et_al_2021.csv, Tiedemann_1973.csv, Uzun_et_al_2020.csv, Wagner_et_al_2015.csv, Writer_et_al_2014.csv, Map_input.csv, Sites_meta_data.csv, crandall_conc_fill.csv, crandall_temp_norm.csv, Abbott_conc_fill.csv, Abbott_temp_norm.csv, Rhea_conc_fill.csv, Rhea_temp_norm.csv, gap_fill.csv, gap_fill_10.csv, gap_fill_20.csv, gap_fill_30.csv, gap_fill_40.csv, gap_fill_take_two.csv, effect_size_geospatial_fire_lat_long.csv, DOC_temp_norm_fig_data.csv, NO3_temp_norm_fig_data.csv, placeholder.csv"
logTempNorm,,,numeric,2,"DOC_temp_norm_fig_data.csv, NO3_temp_norm_fig_data.csv"
longitude,decimal_degrees_WGS1984,Site longitude.,numeric,40,"Fire_name_Lat_Long.csv, fire_watershed_lat_long_comids.csv, meta_lat_long_comids.csv, watershed_lat_long.csv, Abbott_et_al_2021.csv, Burd_et_al_2018.csv, Coombs_Melack_2013.csv, Crandall_et_al_2021.csv, Gerla_Galloway_1998.csv, Gluns_Toews_1989.csv, Hauer_Spencer_1998.csv, Hickenbottom_et_al_2023.csv, Mast_Clow_2008.csv, Murphy_et_al_2015.csv, Murphy_et_al_2018.csv, Neary_Currier_1982.csv, Oliver_et_al_2012.csv, Rhea_et_al_2021.csv, Tiedemann_1973.csv, Uzun_et_al_2020.csv, Wagner_et_al_2015.csv, Writer_et_al_2014.csv, Map_input.csv, Sites_meta_data.csv, crandall_conc_fill.csv, crandall_temp_norm.csv, Abbott_conc_fill.csv, Abbott_temp_norm.csv, Rhea_conc_fill.csv, Rhea_temp_norm.csv, gap_fill.csv, gap_fill_10.csv, gap_fill_20.csv, gap_fill_30.csv, gap_fill_40.csv, gap_fill_take_two.csv, effect_size_geospatial_fire_lat_long.csv, DOC_temp_norm_fig_data.csv, NO3_temp_norm_fig_data.csv, placeholder.csv"
lower_ci_effect,N/A,Lower confidence interval (ci) effect. The lower end of the 95 percent confidence interval calculated within each variable bin (climates; burn percentage; time since fire bins),numeric,5,"Climate_ES_CIs.csv, TSF_ES_CIs.csv, TSF_PD_CIs.csv, Burn_percentage_ES_CIs.csv, Burn_severity_ES_CIs.csv"
max,,,numeric,1,Fire_thresholds.csv
maxelevraw,centimeters,Maximum elevation (unsmoothed) in centimeters extracted from the national hydrography dataset (NHD; https://www.epa.gov/waterdata/nhdplus-national-hydrography-dataset-plus).,numeric,8,"burn_percentage.csv, Geospatial_data_2024-02-15.csv, random_forest_data.csv, random_forest_data_new.csv, effect_size_geospatial_fire.csv, effect_size_geospatial_fire_lat_long.csv, doc_meta_random_forest.csv, no3_meta_random_forest.csv"
maxelevsmo,centimeters,Maximum elevation (smoothed) in centimeters extracted from the national hydrography dataset (NHD; https://www.epa.gov/waterdata/nhdplus-national-hydrography-dataset-plus).,numeric,12,"geospatial_data.csv, burn_percentage.csv, Geospatial_data_2024-02-15.csv, random_forest_data.csv, random_forest_data_new.csv, doc_meta_random_forest 1.39.32 PM.csv, effect_size_geospatial_fire.csv, effect_size_geospatial_fire_lat_long.csv, doc_meta_random_forest.csv, no3_meta_random_forest.csv, doc_yield_meta_random_forest.csv, no3_yield_meta_random_forest.csv"
meanConc,miligrams_per_liter_carbon_miligrams_per_liter_nitrogen,Mean concentration of analytes (dissolved organic carbon or nitrate) for each publication.,numeric,7,"crandall_temp_norm.csv, Abbott_temp_norm.csv, Rhea_temp_norm.csv, DOC_CV_temp_norm_fig_data.csv, DOC_temp_norm_fig_data.csv, NO3_CV_temp_norm_fig_data.csv, NO3_temp_norm_fig_data.csv"
mean_dnbr,,,numeric,4,"doc_meta_random_forest.csv, no3_meta_random_forest.csv, Burn_severity_ES_fig_data.csv, DNBR_Severity.csv"
mean_effect,N/A,The mean effect size within each variable bin (climates; burn percentage groups; or time since fire bins).,numeric,5,"Climate_ES_CIs.csv, TSF_ES_CIs.csv, TSF_PD_CIs.csv, Burn_percentage_ES_CIs.csv, Burn_severity_ES_CIs.csv"
min,,,numeric,1,Fire_thresholds.csv
minelevraw,centimeters,Minimum elevation (unsmoothed) in centimeters extracted from the national hydrography dataset (NHD; https://www.epa.gov/waterdata/nhdplus-national-hydrography-dataset-plus).,numeric,10,"geospatial_data.csv, burn_percentage.csv, Geospatial_data_2024-02-15.csv, random_forest_data.csv, random_forest_data_new.csv, doc_meta_random_forest 1.39.32 PM.csv, effect_size_geospatial_fire.csv, effect_size_geospatial_fire_lat_long.csv, doc_meta_random_forest.csv, no3_meta_random_forest.csv"
minelevsmo,centimeters,Maximum elevation (smoothed) in centimeters extracted from the national hydrography dataset (NHD; https://www.epa.gov/waterdata/nhdplus-national-hydrography-dataset-plus).,numeric,12,"geospatial_data.csv, burn_percentage.csv, Geospatial_data_2024-02-15.csv, random_forest_data.csv, random_forest_data_new.csv, doc_meta_random_forest 1.39.32 PM.csv, effect_size_geospatial_fire.csv, effect_size_geospatial_fire_lat_long.csv, doc_meta_random_forest.csv, no3_meta_random_forest.csv, doc_yield_meta_random_forest.csv, no3_yield_meta_random_forest.csv"
month,,,numeric,6,"gap_fill.csv, gap_fill_10.csv, gap_fill_20.csv, gap_fill_30.csv, gap_fill_40.csv, gap_fill_take_two.csv"
mtbs_id,,,text,1,fire_watershed_lat_long_comids.csv
n,,,numeric,1,meta_summary.csv
n_effect,N/A,Number of observations within each variable class (climate; time since fire; burn percentage).,numeric,5,"Climate_ES_CIs.csv, TSF_ES_CIs.csv, TSF_PD_CIs.csv, Burn_percentage_ES_CIs.csv, Burn_severity_ES_CIs.csv"
number_of_burn,N/A,Number of burned watersheds included and monitored in each publication.,numeric,2,"Map_input.csv, effect_size_geospatial_fire_lat_long.csv"
number_of_pairs,N/A,Number of paired watersheds included in each publication.,numeric,1,Map_input.csv
number_of_reference,N/A,Number of unburned watersheds included and monitored in each publication.,numeric,1,Map_input.csv
number_of_sites,N/A,Number of total sites included and monitored in each publication.,numeric,1,Map_input.csv
predictor,N/A,Predictor variables included in the random forest model (climate; totdasqkm; maxelevsmo; slope; burn_percentage; time_since_fire).,text,1,Random_Forest_Effect_Size_Fig_data.csv
raw_fi,percentage,Raw feature importance (FI) output from the random forest model.,numeric,1,Random_Forest_Effect_Size_Fig_data.csv
rckdepws,,,numeric,4,"lithology_2.0.csv, random_forest_data_new.csv, doc_meta_random_forest.csv, no3_meta_random_forest.csv"
response_var,N/A,Associates effect size with the proper analyte (dissolved organic carbon or nitrate).,text,32,"Crandall_effect_size.csv, crandall_temp_norm.csv, Abbott_effect_size.csv, Abbott_temp_norm.csv, Rhea_effect_size.csv, Rhea_temp_norm.csv, Climate_ES_CIs.csv, Climate_ES_Fig_data.csv, Effect_Size.csv, Effect_Size_10days.csv, Effect_Size_20days.csv, Effect_Size_30days.csv, Effect_Size_40days.csv, Effect_Size_UPDATED.csv, Percent_Difference.csv, TSF_ES_CIs.csv, TSF_ES_Fig_data.csv, TSF_PD_CIs.csv, TSF_PD_DOC_Fig_data.csv, TSF_PD_NO3_Fig_data.csv, Burn_percentage_ES_CIs.csv, Burn_percentage_ES_fig_data.csv, effect_size_geospatial_fire.csv, effect_size_geospatial_fire_lat_long.csv, doc_meta_random_forest.csv, no3_meta_random_forest.csv, DOC_CV_temp_norm_fig_data.csv, DOC_temp_norm_fig_data.csv, NO3_CV_temp_norm_fig_data.csv, NO3_temp_norm_fig_data.csv, Burn_severity_ES_CIs.csv, Burn_severity_ES_fig_data.csv"
sd_effect,N/A,Standard deviation of the effect within each variable class.,numeric,5,"Climate_ES_CIs.csv, TSF_ES_CIs.csv, TSF_PD_CIs.csv, Burn_percentage_ES_CIs.csv, Burn_severity_ES_CIs.csv"
sdconc,miligrams_per_liter_carbon_miligrams_per_liter_nitrogen,Standard deviation of the concentration for each analyte and within each watershed.,numeric,2,"DOC_CV_temp_norm_fig_data.csv, NO3_CV_temp_norm_fig_data.csv"
se_effect,N/A,Standard error of the effect within each variable class.,numeric,5,"Climate_ES_CIs.csv, TSF_ES_CIs.csv, TSF_PD_CIs.csv, Burn_percentage_ES_CIs.csv, Burn_severity_ES_CIs.csv"
slope,degrees,Slope of flowline (meters/meters) based on smoothed elevations extracted from the national hydrography dataset (NHD; https://www.epa.gov/waterdata/nhdplus-national-hydrography-dataset-plus).,numeric,12,"geospatial_data.csv, burn_percentage.csv, Geospatial_data_2024-02-15.csv, random_forest_data.csv, random_forest_data_new.csv, doc_meta_random_forest 1.39.32 PM.csv, effect_size_geospatial_fire.csv, effect_size_geospatial_fire_lat_long.csv, doc_meta_random_forest.csv, no3_meta_random_forest.csv, doc_yield_meta_random_forest.csv, no3_yield_meta_random_forest.csv"
streamorde,N/A,Modified Strahler Stream Order extracted from the national hydrography dataset (NHD; https://www.epa.gov/waterdata/nhdplus-national-hydrography-dataset-plus).,numeric,8,"burn_percentage.csv, Geospatial_data_2024-02-15.csv, random_forest_data.csv, random_forest_data_new.csv, effect_size_geospatial_fire.csv, effect_size_geospatial_fire_lat_long.csv, doc_meta_random_forest.csv, no3_meta_random_forest.csv"
totdasqkm,km2,Total upstream catchment area from downstream end of flowline extracted from the national hydrography dataset (NHD; https://www.epa.gov/waterdata/nhdplus-national-hydrography-dataset-plus).,numeric,12,"geospatial_data.csv, burn_percentage.csv, Geospatial_data_2024-02-15.csv, random_forest_data.csv, random_forest_data_new.csv, doc_meta_random_forest 1.39.32 PM.csv, effect_size_geospatial_fire.csv, effect_size_geospatial_fire_lat_long.csv, doc_meta_random_forest.csv, no3_meta_random_forest.csv, doc_yield_meta_random_forest.csv, no3_yield_meta_random_forest.csv"
upper_ci_effect,N/A,Upper confidence interval (ci) effect. The upper end of the 95 percent confidence interval calculated within each variable bin (climates; burn percentage; time since fire bins),numeric,5,"Climate_ES_CIs.csv, TSF_ES_CIs.csv, TSF_PD_CIs.csv, Burn_percentage_ES_CIs.csv, Burn_severity_ES_CIs.csv"
wsareasqkm,,,numeric,4,"lithology_2.0.csv, random_forest_data_new.csv, doc_meta_random_forest.csv, no3_meta_random_forest.csv"
wsareasqkmrp100,,,numeric,4,"lithology_2.0.csv, random_forest_data_new.csv, doc_meta_random_forest.csv, no3_meta_random_forest.csv"
wspctfull,,,numeric,4,"lithology_2.0.csv, random_forest_data_new.csv, doc_meta_random_forest.csv, no3_meta_random_forest.csv"
year,YYYY,Year when the fire took place.,text; date,27,"Crandall_effect_size.csv, crandall_temp_norm.csv, Abbott_effect_size.csv, Abbott_temp_norm.csv, Rhea_effect_size.csv, Rhea_temp_norm.csv, Climate_ES_Fig_data.csv, Effect_Size.csv, Effect_Size_10days.csv, Effect_Size_20days.csv, Effect_Size_30days.csv, Effect_Size_40days.csv, Effect_Size_UPDATED.csv, gap_fill.csv, gap_fill_10.csv, gap_fill_20.csv, gap_fill_30.csv, gap_fill_40.csv, gap_fill_take_two.csv, TSF_ES_Fig_data.csv, Burn_percentage_ES_fig_data.csv, severity_clip.csv, doc_meta_random_forest.csv, no3_meta_random_forest.csv, DOC_temp_norm_fig_data.csv, NO3_temp_norm_fig_data.csv, Burn_severity_ES_fig_data.csv"
zone,,,numeric,1,Fire_thresholds.csv
