Study_ID,response_var,Climate,year,Xe1,Xe2,Xe3,Xe4,Xe5,Xc,Xc2,Xc34,Xc345,Biome,Effect_size_pair,Effect_size,Time_Since_Fire
Burd et al 2018,DOC_Interp,Dfc,2016,0.077220152018,0,0,0,0,0.173144613596,-9999,-9999,-9999,Cold,lnR1,-0.8074667025846229,3
Coombs & Melack; 2013,NO3_Interp,BSk,2004,1.224279758665,0.027378528807,0.173148177529,0,0,0.212120756244,-9999,-9999,-9999,Arid,lnR1,1.75295228052377,0
Coombs & Melack; 2013,NO3_Interp,BSk,2004,1.224279758665,0.027378528807,0.173148177529,0,0,0.212120756244,-9999,-9999,-9999,Arid,lnR2,-2.0473966314124756,0
Coombs & Melack; 2013,NO3_Interp,BSk,2004,1.224279758665,0.027378528807,0.173148177529,0,0,0.212120756244,-9999,-9999,-9999,Arid,lnR3,-0.2030079720285851,0
Coombs & Melack; 2013,NO3_Interp,BSk,2005,0.813292143084,0.023150835,0.176264086085,0,0,0.148210097029,-9999,-9999,-9999,Arid,lnR1,1.702459542946486,1
Coombs & Melack; 2013,NO3_Interp,BSk,2005,0.813292143084,0.023150835,0.176264086085,0,0,0.148210097029,-9999,-9999,-9999,Arid,lnR2,-1.8565999926447945,1
Coombs & Melack; 2013,NO3_Interp,BSk,2005,0.813292143084,0.023150835,0.176264086085,0,0,0.148210097029,-9999,-9999,-9999,Arid,lnR3,0.17335251790747283,1
Gerla & Galloway; 1998,NO3_Interp,Dfc,1989,0.021379125201,0,0,0,0,0.127553626158,-9999,-9999,-9999,Cold,lnR1,-1.78612188542793,1
Gerla & Galloway; 1998,NO3_Interp,Dfc,1990,0.108242190653,0,0,0,0,0.074902407151,-9999,-9999,-9999,Cold,lnR1,0.3681851943022345,2
Gerla & Galloway; 1998,NO3_Interp,Dfc,1991,0.104556976901,0,0,0,0,0.032272935788,-9999,-9999,-9999,Cold,lnR1,1.1755031786286863,3
Gerla & Galloway; 1998,NO3_Interp,Dfc,1992,0.133283792347,0,0,0,0,0.024966845389,-9999,-9999,-9999,Cold,lnR1,1.6749318717304593,4
Gerla & Galloway; 1998,NO3_Interp,Dfc,1993,0.077970727595,0,0,0,0,0.020194467915,-9999,-9999,-9999,Cold,lnR1,1.3509247677030511,5
Gluns & Toews; 1989,NO3_Interp,Dfc,1985,0.004397170161,0.002400939836,0,0,0,5.29100529e-4,-9999,-9999,-9999,Cold,lnR1,2.1175380180518832,0
Gluns & Toews; 1989,NO3_Interp,Dfc,1985,0.004397170161,0.002400939836,0,0,0,5.29100529e-4,-9999,-9999,-9999,Cold,lnR2,1.5124370882941682,0
Gluns & Toews; 1989,NO3_Interp,Dfc,1986,0.004347594495,0.003264804088,0,0,0,5.53147329e-4,-9999,-9999,-9999,Cold,lnR1,2.0617535977114323,1
Gluns & Toews; 1989,NO3_Interp,Dfc,1986,0.004347594495,0.003264804088,0,0,0,5.53147329e-4,-9999,-9999,-9999,Cold,lnR2,1.7753306524739396,1
Gluns & Toews; 1989,NO3_Interp,Dfc,1987,0.006354685179,0.00485638175,0,0,0,5.29100529e-4,-9999,-9999,-9999,Cold,lnR1,2.485769193572798,2
Gluns & Toews; 1989,NO3_Interp,Dfc,1987,0.006354685179,0.00485638175,0,0,0,5.29100529e-4,-9999,-9999,-9999,Cold,lnR2,2.2168704940144903,2
Gluns & Toews; 1989,NO3_Interp,Dfc,1988,0.004663951015,0.004490125812,0,0,0,5.58693059e-4,-9999,-9999,-9999,Cold,lnR1,2.1220179922830216,3
Gluns & Toews; 1989,NO3_Interp,Dfc,1988,0.004663951015,0.004490125812,0,0,0,5.58693059e-4,-9999,-9999,-9999,Cold,lnR2,2.084035767928866,3
Mast & Clow; 2008,DOC_Interp,Dfc,2003,0.0075094714,0,0,0,0,0.008272819197,-9999,-9999,-9999,Cold,lnR1,-0.09681026823499511,1
Mast & Clow; 2008,DOC_Interp,Dfc,2004,0.012401256535,0,0,0,0,0.018406003884,-9999,-9999,-9999,Cold,lnR1,-0.394879108489945,1
Mast & Clow; 2008,DOC_Interp,Dfc,2005,0.010566594545,0,0,0,0,0.011224974633,-9999,-9999,-9999,Cold,lnR1,-0.060443606961884444,2
Mast & Clow; 2008,DOC_Interp,Dfc,2006,0.011700192434,0,0,0,0,0.017055768076,-9999,-9999,-9999,Cold,lnR1,-0.3768831610766043,3
Mast & Clow; 2008,DOC_Interp,Dfc,2007,0.008738942923,0,0,0,0,0.0091963984750000009,-9999,-9999,-9999,Cold,lnR1,-0.051022701974281444,4
Mast & Clow; 2008,NO3_Interp,Dfc,2004,7.67151427e-4,0,0,0,0,3.46364765e-4,-9999,-9999,-9999,Cold,lnR1,0.7951917556738899,1
Mast & Clow; 2008,NO3_Interp,Dfc,2005,5.61064185e-4,0,0,0,0,3.19546082e-4,-9999,-9999,-9999,Cold,lnR1,0.5629338157137714,2
Mast & Clow; 2008,NO3_Interp,Dfc,2006,3.47012899e-4,0,0,0,0,1.86495812e-4,-9999,-9999,-9999,Cold,lnR1,0.6209531690989658,3
Mast & Clow; 2008,NO3_Interp,Dfc,2007,3.10180046e-4,0,0,0,0,2.44908535e-4,-9999,-9999,-9999,Cold,lnR1,0.2362681081218656,4
Murphy et al. 2018,DOC_Interp,Cfb,2011,0.067434322185,0.055903062827,0.043357701549,0,0,0.07867814744,-9999,-9999,-9999,Temperate,lnR1,-0.15421132820740355,1
Murphy et al. 2018,DOC_Interp,Cfb,2011,0.067434322185,0.055903062827,0.043357701549,0,0,0.07867814744,-9999,-9999,-9999,Temperate,lnR2,-0.34174627790214473,1
Murphy et al. 2018,DOC_Interp,Cfb,2011,0.067434322185,0.055903062827,0.043357701549,0,0,0.07867814744,-9999,-9999,-9999,Temperate,lnR3,-0.5958811005727815,1
Murphy et al. 2018,DOC_Interp,Cfb,2012,0.047284441909,0.046247547771,0.041845720573,0,0,0.070489648302,-9999,-9999,-9999,Temperate,lnR1,-0.3992845487506839,2
Murphy et al. 2018,DOC_Interp,Cfb,2012,0.047284441909,0.046247547771,0.041845720573,0,0,0.070489648302,-9999,-9999,-9999,Temperate,lnR2,-0.42145742505632255,2
Murphy et al. 2018,DOC_Interp,Cfb,2012,0.047284441909,0.046247547771,0.041845720573,0,0,0.070489648302,-9999,-9999,-9999,Temperate,lnR3,-0.5214763310547581,2
Murphy et al. 2018,DOC_Interp,Cfb,2013,0.07117992993,0.064630258303,0.05449884012,0,0,0.112828998543,-9999,-9999,-9999,Temperate,lnR1,-0.4606624896308272,3
Murphy et al. 2018,DOC_Interp,Cfb,2013,0.07117992993,0.064630258303,0.05449884012,0,0,0.112828998543,-9999,-9999,-9999,Temperate,lnR2,-0.5571906893974136,3
Murphy et al. 2018,DOC_Interp,Cfb,2013,0.07117992993,0.064630258303,0.05449884012,0,0,0.112828998543,-9999,-9999,-9999,Temperate,lnR3,-0.727693966065763,3
Murphy et al. 2018,DOC_Interp,Cfb,2014,0.060315315315,0.048537593985,0.041698739718,0,0,0.090497881509,-9999,-9999,-9999,Temperate,lnR1,-0.40574038488384917,4
Murphy et al. 2018,DOC_Interp,Cfb,2014,0.060315315315,0.048537593985,0.041698739718,0,0,0.090497881509,-9999,-9999,-9999,Temperate,lnR2,-0.6229878102977661,4
Murphy et al. 2018,DOC_Interp,Cfb,2014,0.060315315315,0.048537593985,0.041698739718,0,0,0.090497881509,-9999,-9999,-9999,Temperate,lnR3,-0.774855535933444,4
Murphy et al. 2018,DOC_Interp,Cfb,2015,0.069395351874,0.052933311688,0.047256500277,0,0,0.099235819671,-9999,-9999,-9999,Temperate,lnR1,-0.35767914511751847,5
Murphy et al. 2018,DOC_Interp,Cfb,2015,0.069395351874,0.052933311688,0.047256500277,0,0,0.099235819671,-9999,-9999,-9999,Temperate,lnR2,-0.6284661832803651,5
Murphy et al. 2018,DOC_Interp,Cfb,2015,0.069395351874,0.052933311688,0.047256500277,0,0,0.099235819671,-9999,-9999,-9999,Temperate,lnR3,-0.7419088180307386,5
Murphy et al. 2018,NO3_Interp,Cfb,2011,0.001596957073,0.001846561815,6.59739686e-4,0,0,7.41396356e-4,-9999,-9999,-9999,Temperate,lnR1,0.7673198924002416,1
Murphy et al. 2018,NO3_Interp,Cfb,2011,0.001596957073,0.001846561815,6.59739686e-4,0,0,7.41396356e-4,-9999,-9999,-9999,Temperate,lnR2,0.912545334901446,1
Murphy et al. 2018,NO3_Interp,Cfb,2011,0.001596957073,0.001846561815,6.59739686e-4,0,0,7.41396356e-4,-9999,-9999,-9999,Temperate,lnR3,-0.11669003361208387,1
Murphy et al. 2018,NO3_Interp,Cfb,2012,0.001676282991,0.002786591845,0.001921470059,0,0,8.01571265e-4,-9999,-9999,-9999,Temperate,lnR1,0.7377602332017879,2
Murphy et al. 2018,NO3_Interp,Cfb,2012,0.001676282991,0.002786591845,0.001921470059,0,0,8.01571265e-4,-9999,-9999,-9999,Temperate,lnR2,1.2460006845375993,2
Murphy et al. 2018,NO3_Interp,Cfb,2012,0.001676282991,0.002786591845,0.001921470059,0,0,8.01571265e-4,-9999,-9999,-9999,Temperate,lnR3,0.8742719451539857,2
Murphy et al. 2018,NO3_Interp,Cfb,2013,0.003550546513,0.004512712773,0.003134147808,0,0,0.001236223823,-9999,-9999,-9999,Temperate,lnR1,1.0550401097517101,3
Murphy et al. 2018,NO3_Interp,Cfb,2013,0.003550546513,0.004512712773,0.003134147808,0,0,0.001236223823,-9999,-9999,-9999,Temperate,lnR2,1.2948370452478555,3
Murphy et al. 2018,NO3_Interp,Cfb,2013,0.003550546513,0.004512712773,0.003134147808,0,0,0.001236223823,-9999,-9999,-9999,Temperate,lnR3,0.9302958763421515,3
Murphy et al. 2018,NO3_Interp,Cfb,2014,0.001211889677,0.001537521224,0.001063274782,0,0,0.001074289233,-9999,-9999,-9999,Temperate,lnR1,0.12052159362647849,4
Murphy et al. 2018,NO3_Interp,Cfb,2014,0.001211889677,0.001537521224,0.001063274782,0,0,0.001074289233,-9999,-9999,-9999,Temperate,lnR2,0.3585122605308935,4
Murphy et al. 2018,NO3_Interp,Cfb,2014,0.001211889677,0.001537521224,0.001063274782,0,0,0.001074289233,-9999,-9999,-9999,Temperate,lnR3,-0.01030570163728176,4
Murphy et al. 2018,NO3_Interp,Cfb,2015,0.001584389438,0.001664516131,0.001410958582,0,0,7.58121376e-4,-9999,-9999,-9999,Temperate,lnR1,0.7371109000070999,5
Murphy et al. 2018,NO3_Interp,Cfb,2015,0.001584389438,0.001664516131,0.001410958582,0,0,7.58121376e-4,-9999,-9999,-9999,Temperate,lnR2,0.7864462486941337,5
Murphy et al. 2018,NO3_Interp,Cfb,2015,0.001584389438,0.001664516131,0.001410958582,0,0,7.58121376e-4,-9999,-9999,-9999,Temperate,lnR3,0.6211810982995488,5
Neary & Currier; 1982,NO3_Interp,Cfa,1978,4.870436917848,0,0,0,0,1.009299505645,-9999,-9999,-9999,Temperate,lnR1,1.5739271177981005,0
Neary & Currier; 1982,NO3_Interp,Cfa,1979,3.260844172604,0,0,0,0,1.499987919064,-9999,-9999,-9999,Temperate,lnR1,0.7765290563903371,1
Oliver et al. 2012,NO3_Interp,Csb,2008,0.019738748439,0.007638654616,0.001951029768,0,0,0.008811554898,-9999,-9999,-9999,Temperate,lnR1,0.8065197129455474,1
Oliver et al. 2012,NO3_Interp,Csb,2008,0.019738748439,0.007638654616,0.001951029768,0,0,0.008811554898,-9999,-9999,-9999,Temperate,lnR2,-0.14284242648087772,1
Oliver et al. 2012,NO3_Interp,Csb,2008,0.019738748439,0.007638654616,0.001951029768,0,0,0.008811554898,-9999,-9999,-9999,Temperate,lnR3,-1.5077065974290642,1
Oliver et al. 2012,NO3_Interp,Csb,2009,0.008951821236,0.002624177473,0.001753404793,0,0,0.015355573403,-9999,-9999,-9999,Temperate,lnR1,-0.5396214946346434,2
Oliver et al. 2012,NO3_Interp,Csb,2009,0.008951821236,0.002624177473,0.001753404793,0,0,0.015355573403,-9999,-9999,-9999,Temperate,lnR2,-1.76671099295381,2
Oliver et al. 2012,NO3_Interp,Csb,2009,0.008951821236,0.002624177473,0.001753404793,0,0,0.015355573403,-9999,-9999,-9999,Temperate,lnR3,-2.169919002561115,2
Rhea et al. 2021,DOC_Interp,Dfc,2017,0.95845902463,0,0,0,0,0.633367902629,-9999,-9999,-9999,Cold,lnR1,0.4142753540035392,>10
Rhea et al. 2021,NO3_Interp,Dfc,2017,0.020380922239,0,0,0,0,7.02748515e-4,-9999,-9999,-9999,Cold,lnR1,3.3673554612544394,>10
Tiedemann; 1973,NO3_Interp,Dsb,1970,3.71514494e-4,0,0,0,0,8.5419128e-5,-9999,-9999,-9999,Cold,lnR1,1.4700178212224988,0
Tiedemann; 1973,NO3_Interp,Dsb,1971,4.50776361e-4,0,0,0,0,6.0664095e-5,-9999,-9999,-9999,Cold,lnR1,2.0056193355021987,1
Tiedemann; 1973,NO3_Interp,Dsb,1972,0.001935503837,0,0,0,0,5.968531e-5,-9999,-9999,-9999,Cold,lnR1,3.4790370259808796,2
Uzun et al. 2020,DOC_Interp,Csa,2016,0.001620614788,0.00362820694,0,0,0,0.058564917107,-9999,-9999,-9999,Temperate,lnR1,-3.5873302571008643,1
Uzun et al. 2020,DOC_Interp,Csa,2016,0.001620614788,0.00362820694,0,0,0,0.058564917107,-9999,-9999,-9999,Temperate,lnR2,-2.781397262801667,1
Uzun et al. 2020,DOC_Interp,Csa,2017,0.001334327592,0.002497633447,0,0,0,0.043687540458,-9999,-9999,-9999,Temperate,lnR1,-3.488635457510704,2
Uzun et al. 2020,DOC_Interp,Csa,2017,0.001334327592,0.002497633447,0,0,0,0.043687540458,-9999,-9999,-9999,Temperate,lnR2,-2.8617192837255008,2
Uzun et al. 2020,NO3_Interp,Csa,2016,5.8624663e-5,1.5008206e-4,0,0,0,6.10977827e-4,-9999,-9999,-9999,Temperate,lnR1,-2.343905190475006,1
Uzun et al. 2020,NO3_Interp,Csa,2016,5.8624663e-5,1.5008206e-4,0,0,0,6.10977827e-4,-9999,-9999,-9999,Temperate,lnR2,-1.4038784576475674,1
Uzun et al. 2020,NO3_Interp,Csa,2017,9.0428237e-5,1.68063956e-4,0,0,0,0.001127976536,-9999,-9999,-9999,Temperate,lnR1,-2.523624055603431,2
Uzun et al. 2020,NO3_Interp,Csa,2017,9.0428237e-5,1.68063956e-4,0,0,0,0.001127976536,-9999,-9999,-9999,Temperate,lnR2,-1.9038360329879964,2
Wagner et al. 2015,DOC_Interp,Dfb,2013,0.003871584105,0.003210142633,0,0,0,0.005902766549,-9999,-9999,-9999,Cold,lnR1,-0.42175739487288677,1
Wagner et al. 2015,DOC_Interp,Dfb,2013,0.003871584105,0.003210142633,0,0,0,0.005902766549,-9999,-9999,-9999,Cold,lnR2,-0.6091057775083416,1
Writer et al. 2014,DOC_Interp,Dfb,2012,0.002990708584,0.002455266741,0,0,0,0.003650731374,-9999,-9999,-9999,Cold,lnR1,-0.19941718001851771,0
Writer et al. 2014,DOC_Interp,Dfb,2012,0.002990708584,0.002455266741,0,0,0,0.003650731374,-9999,-9999,-9999,Cold,lnR2,-0.39669211647731845,0
Writer et al. 2014,DOC_Interp,Dfb,2013,0.004304886817,0.005070724653,0,0,0,0.006969983083,-9999,-9999,-9999,Cold,lnR1,-0.4818619511761071,1
Writer et al. 2014,DOC_Interp,Dfb,2013,0.004304886817,0.005070724653,0,0,0,0.006969983083,-9999,-9999,-9999,Cold,lnR2,-0.3181290606778442,1
Writer et al. 2014,NO3_Interp,Dfb,2012,6.1943907e-5,2.5797319e-5,0,0,0,3.3135192e-5,-9999,-9999,-9999,Cold,lnR1,0.6256333297266905,0
Writer et al. 2014,NO3_Interp,Dfb,2012,6.1943907e-5,2.5797319e-5,0,0,0,3.3135192e-5,-9999,-9999,-9999,Cold,lnR2,-0.2503253482011612,0
Writer et al. 2014,NO3_Interp,Dfb,2013,4.6795397e-5,2.55627982e-4,0,0,0,1.23143837e-4,-9999,-9999,-9999,Cold,lnR1,-0.9675682352676829,1
Writer et al. 2014,NO3_Interp,Dfb,2013,4.6795397e-5,2.55627982e-4,0,0,0,1.23143837e-4,-9999,-9999,-9999,Cold,lnR2,0.7303701136014084,1
Hauer & Spencer 1998,NO3_Interp,Dfc,1989,0.16425509596,0.002715377574,3.66573796e-4,0,9.13326502e-4,0.019981879808,3.49247104e-4,-9999,3.2985932e-5,Cold,lnR1,2.1065948292358696,1
Hauer & Spencer 1998,NO3_Interp,Dfc,1989,0.16425509596,0.002715377574,3.66573796e-4,0,9.13326502e-4,0.019981879808,3.49247104e-4,-9999,3.2985932e-5,Cold,lnR2,2.0509065862637237,1
Hauer & Spencer 1998,NO3_Interp,Dfc,1989,0.16425509596,0.002715377574,3.66573796e-4,0,9.13326502e-4,0.019981879808,3.49247104e-4,-9999,3.2985932e-5,Cold,lnR3,2.4081186868570637,1
Hauer & Spencer 1998,NO3_Interp,Dfc,1989,0.16425509596,0.002715377574,3.66573796e-4,0,9.13326502e-4,0.019981879808,3.49247104e-4,-9999,3.2985932e-5,Cold,lnR5,3.321012263580783,1
Hauer & Spencer 1998,NO3_Interp,Dfc,1990,0,0,2.6935835e-4,0,2.6591211e-4,0,0,-9999,2.0165129e-5,Cold,lnR3,2.5920878236751514,2
Hauer & Spencer 1998,NO3_Interp,Dfc,1990,0,0,2.6935835e-4,0,2.6591211e-4,0,0,-9999,2.0165129e-5,Cold,lnR5,2.5792110151215053,2
Hauer & Spencer 1998,NO3_Interp,Dfc,1991,0.107490628922,0.00153980121,3.42304899e-4,2.88672806e-4,2.53164796e-4,0.086885775068,1.472522e-4,-9999,4.7134807e-5,Cold,lnR1,0.21280934519570324,3
Hauer & Spencer 1998,NO3_Interp,Dfc,1991,0.107490628922,0.00153980121,3.42304899e-4,2.88672806e-4,2.53164796e-4,0.086885775068,1.472522e-4,-9999,4.7134807e-5,Cold,lnR2,2.347261839662644,3
Hauer & Spencer 1998,NO3_Interp,Dfc,1991,0.107490628922,0.00153980121,3.42304899e-4,2.88672806e-4,2.53164796e-4,0.086885775068,1.472522e-4,-9999,4.7134807e-5,Cold,lnR3,1.9826901272228354,3
Hauer & Spencer 1998,NO3_Interp,Dfc,1991,0.107490628922,0.00153980121,3.42304899e-4,2.88672806e-4,2.53164796e-4,0.086885775068,1.472522e-4,-9999,4.7134807e-5,Cold,lnR4,1.8122821573486505,3
Hauer & Spencer 1998,NO3_Interp,Dfc,1991,0.107490628922,0.00153980121,3.42304899e-4,2.88672806e-4,2.53164796e-4,0.086885775068,1.472522e-4,-9999,4.7134807e-5,Cold,lnR5,1.681028914050761,3
Hauer & Spencer 1998,NO3_Interp,Dfc,1993,0.058148892025,0.002367474761,2.76911929e-4,1.34632175e-4,0,0.082024304257,2.08136457e-4,-9999,3.2141607e-5,Cold,lnR1,-0.34400877168363997,5
Hauer & Spencer 1998,NO3_Interp,Dfc,1993,0.058148892025,0.002367474761,2.76911929e-4,1.34632175e-4,0,0.082024304257,2.08136457e-4,-9999,3.2141607e-5,Cold,lnR2,2.4313852565227125,5
Hauer & Spencer 1998,NO3_Interp,Dfc,1993,0.058148892025,0.002367474761,2.76911929e-4,1.34632175e-4,0,0.082024304257,2.08136457e-4,-9999,3.2141607e-5,Cold,lnR3,2.1535481507240575,5
Hauer & Spencer 1998,NO3_Interp,Dfc,1993,0.058148892025,0.002367474761,2.76911929e-4,1.34632175e-4,0,0.082024304257,2.08136457e-4,-9999,3.2141607e-5,Cold,lnR4,1.432395071190082,5
Hickenbottom et al. 2023,DOC_Interp,Csb,2021,0.100319258141,0,0,0,0,0.075073429407,0,-9999,0,Temperate,lnR1,0.28989098860015117,0
Hickenbottom et al. 2023,DOC_Interp,Csb,2022,0.050480630662,0.001641157868,0,0,0,0.04756791875,0.001244658712,-9999,0,Temperate,lnR1,0.05943115328597589,1
Hickenbottom et al. 2023,DOC_Interp,Csb,2022,0.050480630662,0.001641157868,0,0,0,0.04756791875,0.001244658712,-9999,0,Temperate,lnR2,0.2765406443670772,1
Hickenbottom et al. 2023,NO3_Interp,Csb,2021,5.16549481e-4,0,0,0,0,7.73532009e-4,0,-9999,0,Temperate,lnR1,-0.4037959666347001,0
Hickenbottom et al. 2023,NO3_Interp,Csb,2022,0.002012908345,1.794928e-6,0,0,0,0.001627841682,4.503183e-6,-9999,0,Temperate,lnR1,0.21232559815329183,1
Hickenbottom et al. 2023,NO3_Interp,Csb,2022,0.002012908345,1.794928e-6,0,0,0,0.001627841682,4.503183e-6,-9999,0,Temperate,lnR2,-0.9198195703521421,1
Crandall et al. 2021,DOC_Interp,Csa,2018,0.10756672494,0.49490656566,0.01063280933,0.01266571511,-9999,0.04004653371,0.81696924883,0.0056747654,-9999,Temperate,lnR1,0.988069231426104,0
Crandall et al. 2021,DOC_Interp,Csa,2018,0.10756672494,0.49490656566,0.01063280933,0.01266571511,-9999,0.04004653371,0.81696924883,0.0056747654,-9999,Temperate,lnR2,-0.5012324665111016,0
Crandall et al. 2021,DOC_Interp,Csa,2018,0.10756672494,0.49490656566,0.01063280933,0.01266571511,-9999,0.04004653371,0.81696924883,0.0056747654,-9999,Temperate,lnR3,0.6279152172921498,0
Crandall et al. 2021,DOC_Interp,Csa,2018,0.10756672494,0.49490656566,0.01063280933,0.01266571511,-9999,0.04004653371,0.81696924883,0.0056747654,-9999,Temperate,lnR4,0.8028695220357438,0
Crandall et al. 2021,NO3_Interp,Csa,2018,0.00712582167,0.00192783368,1.725509e-4,4.359621e-5,-9999,0.00164467913,0.13462375598,1.2017729e-4,-9999,Temperate,lnR1,1.4661797341705565,0
Crandall et al. 2021,NO3_Interp,Csa,2018,0.00712582167,0.00192783368,1.725509e-4,4.359621e-5,-9999,0.00164467913,0.13462375598,1.2017729e-4,-9999,Temperate,lnR2,-4.246086967895374,0
Crandall et al. 2021,NO3_Interp,Csa,2018,0.00712582167,0.00192783368,1.725509e-4,4.359621e-5,-9999,0.00164467913,0.13462375598,1.2017729e-4,-9999,Temperate,lnR3,0.3617241962673968,0
Crandall et al. 2021,NO3_Interp,Csa,2018,0.00712582167,0.00192783368,1.725509e-4,4.359621e-5,-9999,0.00164467913,0.13462375598,1.2017729e-4,-9999,Temperate,lnR4,-1.0139978491713204,0
Abbott et al. 2021,DOC_Interp,Dwc,2017,0.4182647721,-9999,-9999,-9999,-9999,0.3895106645,-9999,-9999,-9999,Cold,lnR1,0.07122341316138577,>10
Abbott et al. 2021,DOC_Interp,Dwc,2018,0.3639749467,-9999,-9999,-9999,-9999,0.3470977334,-9999,-9999,-9999,Cold,lnR1,0.04747864478092809,>10
Abbott et al. 2021,NO3_Interp,Dwc,2017,1.478523e-4,-9999,-9999,-9999,-9999,1.145289e-4,-9999,-9999,-9999,Cold,lnR1,0.2553866095914989,>10
Abbott et al. 2021,NO3_Interp,Dwc,2018,1.866207e-4,-9999,-9999,-9999,-9999,1.284903e-4,-9999,-9999,-9999,Cold,lnR1,0.3732247996318643,>10
Rhea et al. 2021,DOC_Interp,Dfc,2017,0.958459025,0.224964203,0.222161829,-9999,-9999,0.487938751,-9999,-9999,-9999,Cold,lnR1,0.6751369247546402,>10
Rhea et al. 2021,DOC_Interp,Dfc,2017,0.958459025,0.224964203,0.222161829,-9999,-9999,0.487938751,-9999,-9999,-9999,Cold,lnR2,-0.7742485959609271,>10
Rhea et al. 2021,DOC_Interp,Dfc,2017,0.958459025,0.224964203,0.222161829,-9999,-9999,0.487938751,-9999,-9999,-9999,Cold,lnR3,-0.7867838119603353,>10
Rhea et al. 2021,NO3_Interp,Dfc,2017,0.020380922,0.058677864,0.033485616,-9999,-9999,0.002352051,-9999,-9999,-9999,Cold,lnR1,2.159311553728295,>10
Rhea et al. 2021,NO3_Interp,Dfc,2017,0.020380922,0.058677864,0.033485616,-9999,-9999,0.002352051,-9999,-9999,-9999,Cold,lnR2,3.216774838319497,>10
Rhea et al. 2021,NO3_Interp,Dfc,2017,0.020380922,0.058677864,0.033485616,-9999,-9999,0.002352051,-9999,-9999,-9999,Cold,lnR3,2.6558282600148906,>10
