site,comid,longitude,latitude,objectid,fdate,resolution,gnis_id,gnis_name,lengthkm,reachcode,flowdir,wbareacomi,ftype,fcode,shape_length,streamleve,streamorde,streamcalc,fromnode,tonode,hydroseq,levelpathi,pathlength,terminalpa,arbolatesu,divergence,startflag,terminalfl,dnlevel,uplevelpat,uphydroseq,dnlevelpat,dnminorhyd,dndraincou,dnhydroseq,frommeas,tomeas,rtndiv,vpuin,vpuout,areasqkm,totdasqkm,divdasqkm,tidal,totma,wbareatype,pathtimema,hwnodesqkm,maxelevraw,minelevraw,maxelevsmo,minelevsmo,slope,elevfixed,hwtype,slopelenkm,qa_ma,va_ma,qc_ma,vc_ma,qe_ma,ve_ma,qa_01,va_01,qc_01,vc_01,qe_01,ve_01,qa_02,va_02,qc_02,vc_02,qe_02,ve_02,qa_03,va_03,qc_03,vc_03,qe_03,ve_03,qa_04,va_04,qc_04,vc_04,qe_04,ve_04,qa_05,va_05,qc_05,vc_05,qe_05,ve_05,qa_06,va_06,qc_06,vc_06,qe_06,ve_06,qa_07,va_07,qc_07,vc_07,qe_07,ve_07,qa_08,va_08,qc_08,vc_08,qe_08,ve_08,qa_09,va_09,qc_09,vc_09,qe_09,ve_09,qa_10,va_10,qc_10,vc_10,qe_10,ve_10,qa_11,va_11,qc_11,vc_11,qe_11,ve_11,qa_12,va_12,qc_12,vc_12,qe_12,ve_12,lakefract,surfarea,rareahload,rpuid,vpuid,enabled,huc2,huc4,huc6,huc8,huc10,huc12,burn_percent_fire_year,fire_years_used,burn_sev_high,burn_sev_low,burn_sev_mod,burn_sev_NA,pctbl2019ws,pctconif2019ws,pctcrop2019ws,pctdecid2019ws,pctgrs2019ws,pcthay2019ws,pcthbwet2019ws,pctice2019ws,pctmxfst2019ws,pctow2019ws,pctshrb2019ws,pcturbhi2019ws,pcturblo2019ws,pcturbmd2019ws,pcturbop2019ws,pctwdwet2019ws,tmax8110ws,pctcarbresidws,pctglactilloamws,rckdepws,pcteolfinews,precip8110ws,tmean8110ws,pctglactilcrsws,pctcolluvsedws,clayws,pcthydricws,pcteolcrsws,hydrlcondws,pctsallakews,pctextruvolws,runoffws,tmin8110ws,pctglaclakecrsws,bfiws,pctalkintruvolws,omws,pctglaclakefinews,kffactws,pctglactilclayws,wtdepws,pctalluvcoastws,permws,pctsilicicws,pctwaterws,pctcoastcrsws,pctnoncarbresidws,sandws
Notawohka Creek,NA,-120.283333,61.133333,NA,NA,NA,NA,NA,NA,NA,NA,NA,NA,NA,NA,NA,NA,NA,NA,NA,NA,NA,NA,NA,NA,NA,NA,NA,NA,NA,NA,NA,NA,NA,NA,NA,NA,NA,NA,NA,NA,NA,NA,NA,NA,NA,NA,NA,NA,NA,NA,NA,NA,NA,NA,NA,NA,NA,NA,NA,NA,NA,NA,NA,NA,NA,NA,NA,NA,NA,NA,NA,NA,NA,NA,NA,NA,NA,NA,NA,NA,NA,NA,NA,NA,NA,NA,NA,NA,NA,NA,NA,NA,NA,NA,NA,NA,NA,NA,NA,NA,NA,NA,NA,NA,NA,NA,NA,NA,NA,NA,NA,NA,NA,NA,NA,NA,NA,NA,NA,NA,NA,NA,NA,NA,NA,NA,NA,NA,NA,NA,NA,NA,NA,NA,NA,NA,NA,NA,NA,NA,NA,NA,NA,NA,NA,NA,NA,NA,NA,NA,NA,NA,NA,NA,NA,NA,NA,NA,NA,NA,NA,NA,NA,NA,NA,NA,NA,NA,NA,NA,NA,NA,NA,NA,NA,NA,NA,NA,NA,NA,NA,NA,NA,NA,NA,NA,NA,NA,NA,NA,NA,NA,NA,NA,NA,NA,NA,NA,NA
Scotty Creek,NA,-121.433,61.4,NA,NA,NA,NA,NA,NA,NA,NA,NA,NA,NA,NA,NA,NA,NA,NA,NA,NA,NA,NA,NA,NA,NA,NA,NA,NA,NA,NA,NA,NA,NA,NA,NA,NA,NA,NA,NA,NA,NA,NA,NA,NA,NA,NA,NA,NA,NA,NA,NA,NA,NA,NA,NA,NA,NA,NA,NA,NA,NA,NA,NA,NA,NA,NA,NA,NA,NA,NA,NA,NA,NA,NA,NA,NA,NA,NA,NA,NA,NA,NA,NA,NA,NA,NA,NA,NA,NA,NA,NA,NA,NA,NA,NA,NA,NA,NA,NA,NA,NA,NA,NA,NA,NA,NA,NA,NA,NA,NA,NA,NA,NA,NA,NA,NA,NA,NA,NA,NA,NA,NA,NA,NA,NA,NA,NA,NA,NA,NA,NA,NA,NA,NA,NA,NA,NA,NA,NA,NA,NA,NA,NA,NA,NA,NA,NA,NA,NA,NA,NA,NA,NA,NA,NA,NA,NA,NA,NA,NA,NA,NA,NA,NA,NA,NA,NA,NA,NA,NA,NA,NA,NA,NA,NA,NA,NA,NA,NA,NA,NA,NA,NA,NA,NA,NA,NA,NA,NA,NA,NA,NA,NA,NA,NA,NA,NA,NA,NA
Arroyo Hondo,17594741,-120.14228,34.475086,2653436,1999-11-18 21:00:00,Medium, , ,1.057,18060013000329,With Digitized,0,StreamRiver,46003,0.0096238574211438,1,2,2,10056130,10056194,10045841,10045841,0,10045841,10.077,0,0,1,0,10045841,10050253,10000002,0,1,10000378,0,29.67501,0,0,0,0.711,11.2635,11.2635,0,0.0435515731314, ,0,NA,-9998,645,2708,645,0.0195175,0, ,1.057,2.679,0.95879,1.295,0.9216,1.295,0.9216,2.073,0.87599,1.99,1.07874,1.99,1.07874,8.566,1.51408,5.693,1.65451,5.693,1.65451,10.432,1.64709,4.909,1.55266,4.909,1.55266,4.973,1.2117,2.165,1.114,2.165,1.114,2.48,0.93268,0.845,0.79722,0.845,0.79722,1.201,0.73317,0.621,0.72347,0.621,0.72347,0.586,0.59858,0.311,0.5959,0.311,0.5959,0.3,0.51176,0.095,0.46156,0.095,0.46156,0.256,0.49533,0.196,0.53339,0.196,0.53339,0.242,0.48983,0.12,0.48179,0.12,0.48179,0.374,0.53702,0.368,0.62277,0.368,0.62277,0.667,0.61923,0.85,0.79875,0.85,0.79875,NA,NA,NA,18a,18,1,HUC-18,HUC-1806,HUC-180600,HUC-18060013,HUC-1806001301,HUC-180600130105,16.4842,2004,0.54,7.91,2.65,NA,0,18.51,0.1,0,0.97,0,0,0,26.43,0.09,52.39,0,0.18,0.06,1.16,0.13,21.1935442826,0,0,52.37970347812149,0,709.970459882,16.3194393942,0,0,21.01257653470108,0,0,0.1807,0,0,127.9431,11.4404164252,0,28,0,2.540775082072224,0,0.2103,0,182.88,0,2.506693380349415,0,0,0,100,32.13670700432762
Gaviota,17594969,-120.215966,34.477563,2653166,2008-03-19 21:00:00,Medium, , ,1.896,18060013000051,With Digitized,0,Coastline,56600,0.0207403065381783,-9,-9,-9,10056188,10056189,10000384,10000002,-9999,10000002,-9999,9,0,0,0,10000002,10000385,10000002,0,1,10000383,0,100,9,0,0,1.5147,1.5147,1.5147,0,-9999, ,-9999,NA,NA,NA,NA,NA,NA,NA,NA,NA,0.093,-9998,0.032,-9998,0.032,-9998,0.087,-9998,0.091,-9998,0.091,-9998,0.139,-9998,0.084,-9998,0.084,-9998,0.414,-9998,0.144,-9998,0.144,-9998,0.18,-9998,0.051,-9998,0.051,-9998,0.089,-9998,0.013,-9998,0.013,-9998,0.041,-9998,0.011,-9998,0.011,-9998,0.02,-9998,0.007,-9998,0.007,-9998,0.007,-9998,0.001,-9998,0.001,-9998,0.02,-9998,0.013,-9998,0.013,-9998,0.02,-9998,0.007,-9998,0.007,-9998,0.04,-9998,0.038,-9998,0.038,-9998,0.061,-9998,0.094,-9998,0.094,-9998,NA,NA,NA,18a,18,1,HUC-18,HUC-1806,HUC-180600,HUC-18060013,HUC-1806001301,HUC-180600130105,15.2401,2004,0.19,5.24,2.25,NA,0.01,20.13,0,0,28.8,0,0.13,0,7.74,0.09,39.54,0.05,1.31,0.57,1.31,0.33,21.5907583935,0,0,66.39807453835887,0,613.519013093,15.7034552863,0,0,26.035466878410567,0,0,0.1801,0,0,117.5276,9.81075821463,0,28.8047,0,1.8719397541537213,0,0.3135,0,182.88,0,3.3350570188035347,0,0,0,100,28.623491071277734
Rattlesnake,14937281,-118.856815,35.526656,2606861,2008-03-18 21:00:00,Medium,273089,Poso Creek,2.17,18030004000005,With Digitized,0,StreamRiver,46003,0.0218784235238983,4,4,4,10040007,10040016,10022250,10011701,77.494,10011701,342.517,0,0,0,4,10011701,10022808,10011701,0,1,10021728,0,100,0,0,0,4.7754,503.5878,503.5878,0,0.0425665379086, ,2.17155001336,NA,-9998,23793,30167,23822,0.02923963,0, ,2.17,134.79,1.98499,97.127,1.94108,93.33,1.93581,196.649,2.35734,168.1,2.49314,160.053,2.47551,364.708,3.15269,264.601,3.08824,251.431,3.06288,479.413,3.5972,321.461,3.39094,307.204,3.37206,257.474,2.67257,186.224,2.61521,180.497,2.61835,128.522,1.94313,110.186,2.05419,105.926,2.04897,63.31,1.43083,69.331,1.67347,65.584,1.65778,30.191,1.06592,22.605,1.06124,21.38,1.05253,16.6,0.85978,8.413,0.75381,7.977,0.74924,12.496,0.7826,11.32,0.82984,10.64,0.82211,12.936,0.79139,10.683,0.81405,10.154,0.80951,22.855,0.96182,23.716,1.08067,23.167,1.08493,32.983,1.10235,30.871,1.19673,31.589,1.22392,NA,NA,NA,18b,18,1,HUC-18,HUC-1803,HUC-180300,HUC-18030004,HUC-1803000402,HUC-180300040204,0,2004,0,0,0,NA,0,17.48,0,1.89,28.91,0,0.21,0,1.92,0.01,48.62,0,0.02,0.01,0.91,0.01,19.9682030863,0,0,88.97629069846411,0,603.894533579,12.866179949300001,0,0,16.25219150662506,0,0,4.996,0,0,133.5426,5.759105450669999,0,63.8588,0,0.6875201146652082,0,0.2428,0,182.29808293211238,3.93,6.331155605834772,95.64,0,0,0.43,52.52226671098864
San Onofre,17594757,-120.187279,34.472966,2653430,1999-11-18 21:00:00,Medium, , ,3.762,18060013000325,With Digitized,0,StreamRiver,46003,0.0350291603749987,1,1,1,10056134,10056191,10078200,10078200,0,10078200,4.05,0,0,1,0,10078200,10109915,10000002,0,1,10000382,0,92.90762,0,0,0,4.8105,5.3586,5.3586,0,0.14309937578, ,0,NA,-9998,578,52417,578,0.13779638,0, ,3.762,1.065,1.0458,0.468,0.99828,0.468,0.99828,0.582,0.84339,0.577,1.07941,0.577,1.07941,3.226,1.63665,2.096,1.83785,2.096,1.83785,4.366,1.86818,1.896,1.75854,1.896,1.75854,2.077,1.35973,0.808,1.23036,0.808,1.23036,1.016,1.02758,0.281,0.83458,0.281,0.83458,0.489,0.79615,0.214,0.76372,0.214,0.76372,0.241,0.64338,0.118,0.64032,0.118,0.64032,0.129,0.54877,0.037,0.4877,0.037,0.4877,0.101,0.51948,0.074,0.56747,0.074,0.56747,0.101,0.51948,0.044,0.50498,0.044,0.50498,0.157,0.5752,0.153,0.68941,0.153,0.68941,0.29,0.67798,0.395,0.93887,0.395,0.93887,NA,NA,NA,18a,18,1,HUC-18,HUC-1806,HUC-180600,HUC-18060013,HUC-1806001301,HUC-180600130105,98.9419,2004,11.47,32.38,28.3,NA,0,3.06,0,0,2.91,0,0,0,1.11,0.08,90.98,0,0.86,0.2,0.6,0.2,21.1578133915,0,0,48.49447382063246,0,691.1467927189999,16.2598319726,0,0,19.312877138413686,0,0,0.1835,0,0,123.9785,11.359850816400002,0,28.1444,0,2.5924974146845914,0,0.1994,0,182.88,0,2.7641264904095384,0,0,0,100,34.270528771384136
Benjamin Slough,10349048,-111.771241,40.133514,2230069,2008-05-08 21:00:00,Medium,1425429,Benjamin Slough,4.662,16020202000191,With Digitized,0,StreamRiver,46006,0.0488550492462686,5,3,3,800016278,800016013,800011140,800004540,112.394,800002347,139.971,0,0,0,5,800004540,800011558,800004540,0,1,800010753,0,58.00977,0,0,0,30.8835,337.365,337.365,0,0.25481649726, ,1328.1005365,NA,-9998,136669,137637,137637,1e-05,0, ,4.662,30.779,0.7024,24.143,0.69473,24.143,0.69473,0.074,0.32442,2.534,0.4251,2.534,0.4251,4.285,0.44669,12.997,0.58646,12.997,0.58646,45.344,0.7924,32.029,0.75729,32.029,0.75729,96.924,1.0329,65.287,0.96359,65.287,0.96359,94.365,1.02268,96.938,1.11662,96.938,1.11662,47.621,0.80516,45.016,0.84621,45.016,0.84621,26.566,0.67278,14.7,0.60525,14.7,0.60525,16.602,0.59228,7.955,0.52265,7.955,0.52265,14.508,0.57267,7.983,0.52305,7.983,0.52305,14.591,0.57347,9.169,0.53943,9.169,0.53943,7.924,0.50007,8.256,0.52692,8.256,0.52692,0.75,0.36321,3.855,0.45423,3.855,0.45423,NA,NA,NA,16b,16,1,HUC-16,HUC-1602,HUC-160202,HUC-16020202,HUC-1602020206,HUC-160202020604,13.8405,2018,3.87,3.61,4.82,NA,0.05,4.2,24.43,13.01,16.31,10.3,3.1,0,0.51,0.13,13.46,0.77,4.66,3.47,5.29,0.32,16.3882935649,5.12,0,135.1456180821655,0,527.81694779,9.59039648985,0,0,21.986507967851075,0,0,1.3681,74.61,0,247.5776,2.7874566183,0,74.5288,0,1.148633617445975,0,0.3234,0,165.71416977980337,0,5.330080639135863,3.58,0,0,16.69,29.261607579331613
Dry Creek,10329181,-111.671664,40.180647,2229827,2008-05-08 21:00:00,Medium, , ,2.063,16020201004524,With Digitized,10327875,ArtificialPath,55800,0.0216777963197585,6,2,2,800016006,800015998,800027193,800027193,112.321,800002347,18.013,0,0,0,5,800027193,800030769,800007634,0,1,800008218,0,100,0,0,0,12.8646,45.6336,45.6336,0,92.1689305574,LakePond,1324.8391056,NA,-9998,136741,137637,137637,1e-05,0, ,2.063,0.924,-9998,0.929,-9998,0.929,-9998,0,-9998,0,-9998,0,-9998,0.613,-9998,6.851,-9998,6.851,-9998,1.356,-9998,4.858,-9998,4.858,-9998,1.397,-9998,2.072,-9998,2.072,-9998,1.879,-9998,1.948,-9998,1.948,-9998,0.649,-9998,0.442,-9998,0.442,-9998,0.622,-9998,0.39,-9998,0.39,-9998,0.622,-9998,0.437,-9998,0.437,-9998,1.227,-9998,1.174,-9998,1.174,-9998,1.841,-9998,2.334,-9998,2.334,-9998,0.895,-9998,2.236,-9998,2.236,-9998,0,-9998,0,-9998,0,-9998,0.000103268106683,38160.2558627,16.789495564,16b,16,1,HUC-16,HUC-1602,HUC-160202,HUC-16020201,HUC-1602020109,HUC-160202010900,0,2018,0,0,0,NA,0.13,0,17.89,0,0.99,19.02,5.12,0,0,3.79,1.65,6.71,15.59,19.23,9.33,0.55,18.0951557077,0,0,152.4,0,425.774449781,10.874450445199999,0,0,24.385202947547427,0,0,1.398,100,0,237.8079,3.6491745987699997,0,75.0911,0,0.8557212649503345,0,0.3203,0,148.08682308642224,0,6.901552523432598,0,0,0,0,28.652663319634794
Hobble Creek Lower,10329163,-111.659939,40.191035,2229792,2008-05-08 21:00:00,Medium, , ,2.378,16020201004490,With Digitized,10327875,ArtificialPath,55800,0.0276543617204359,6,3,0,800015997,800015998,800024507,800024507,112.321,800002347,32.387,0,0,0,5,800024507,800027194,800007634,0,1,800008218,0,100,0,0,0,0.8901,41.9832,1.5273,0,106.242228243,LakePond,1324.8391056,NA,-9998,136740,137637,137637,1e-05,0, ,2.378,0.029,-9998,0.037,-9998,0.037,-9998,0,-9998,0,-9998,0,-9998,0.02,-9998,2.237,-9998,2.237,-9998,0.041,-9998,0.742,-9998,0.742,-9998,0.041,-9998,0.117,-9998,0.117,-9998,0.061,-9998,0.064,-9998,0.064,-9998,0.02,-9998,0.01,-9998,0.01,-9998,0.02,-9998,0.014,-9998,0.014,-9998,0.02,-9998,0.021,-9998,0.021,-9998,0.041,-9998,0.084,-9998,0.084,-9998,0.061,-9998,0.247,-9998,0.247,-9998,0.02,-9998,0.232,-9998,0.232,-9998,0,-9998,0,-9998,0,-9998,4.74094423644e-06,1751.90241116,19.3530879552,16b,16,1,HUC-16,HUC-1602,HUC-160202,HUC-16020201,HUC-1602020109,HUC-160202010900,0,2018,0,0,0,NA,0.04,8.43,0.47,29.95,2.81,2,7.19,0,0.74,1.29,19.34,4.77,7.63,10.02,4.57,0.73,15.1484433265,5.04,0,141.2225005462571,0,684.0259052519999,8.91381206686,0,0,23.036063671721372,0,0,0.7131,70.31,0,241.2392,2.67438372818,0,76.5786,0,1.0453989861469213,0,0.3009,0,166.20946860114495,0,6.902874404579818,0,0,0,24.66,32.50389087969235
Hobble Creek Upper,10348934,-111.59731,40.158754,2230010,1999-07-31 21:00:00,Medium,1441786,Hobble Creek,9.213,16020202000124,With Digitized,0,StreamRiver,46006,0.100995814609671,5,4,4,800016251,800016221,800009443,800007634,115.465,800002347,324.563,1,0,0,5,800007634,800009749,800007634,0,1,800009162,0,73.99409,0,0,0,7.0299,312.3927,312.3927,0,0.23183721664, ,1440.93853998,NA,-9998,136943,144881,137637,0.0078628,0, ,9.213,95.491,1.54083,69.132,1.509,69.132,1.509,2.463,0.4851,10.972,0.76017,10.972,0.76017,5.84,0.58788,14.392,0.83018,14.392,0.83018,102.231,1.58628,49.574,1.31466,49.574,1.31466,298.89,2.56731,163.231,2.20305,163.231,2.20305,304.817,2.59099,312.312,2.98238,312.312,2.98238,178.755,2.0277,186.839,2.34394,186.839,2.34394,102.079,1.58527,53.975,1.36115,53.975,1.36115,56.461,1.24075,23.465,0.98482,23.465,0.98482,36.465,1.04759,16.321,0.86622,16.321,0.86622,31.878,0.99666,15.367,0.84866,15.367,0.84866,19.05,0.83202,13.964,0.82188,13.964,0.82188,7.454,0.62655,12.335,0.78915,12.335,0.78915,NA,NA,NA,16b,16,1,HUC-16,HUC-1602,HUC-160202,HUC-16020202,HUC-1602020204,HUC-160202020405,0,2018,0,0,0,NA,0.02,8.94,0.21,72.83,0.58,1.31,0.06,0,0.19,0.01,12.27,0.08,0.68,0.63,1.95,0.24,13.296471186500002,1.3,0,134.14924748561668,0,767.317551744,7.080355861569999,6.48,0,23.539809537802896,0,0,0.7747,5.24,0,246.6628,0.859528525749,0,74.271,0,0.9888902429538206,0,0.3531,0,181.0474052082523,3.11,8.273364880165254,0,0,0,83.87,35.14679475544723
Mill Race,10376606,-111.659265,40.200989,2229886,1999-07-31 21:00:00,Medium,1443471,Mill Race,4.439,16020201005371,With Digitized,0,StreamRiver,46006,0.0450887446239559,6,1,1,800069015,800015995,800086035,800055159,114.654,800002347,4.439,0,1,0,6,0,0,800055159,0,1,800055159,0,100,0,0,0,35.2287,35.2287,35.2287,0,0.231377406572, ,1429.07086275,4.1346,137801,136740,137801,137637,0.00038246,0,H,4.288,3.698,0.73168,3.37,0.72851,3.37,0.72851,0.021,0.33556,1.499,0.58164,1.499,0.58164,0.73,0.48723,7.256,0.93969,7.256,0.93969,7.83,0.93882,12.465,1.14982,12.465,1.14982,12.125,1.10361,12.029,1.13406,12.029,1.13406,9.471,1.00585,9.779,1.04808,9.779,1.04808,5.116,0.8113,4.082,0.77352,4.082,0.77352,2.766,0.6712,1.652,0.59611,1.652,0.59611,1.77,0.59463,1.1,0.54023,1.1,0.54023,1.554,0.57551,1.41,0.5729,1.41,0.5729,1.715,0.58987,2.228,0.64564,2.228,0.64564,1.017,0.52166,2.414,0.6603,2.414,0.6603,0.284,0.41672,2.358,0.65594,2.358,0.65594,NA,NA,NA,16b,16,1,HUC-16,HUC-1602,HUC-160202,HUC-16020201,HUC-1602020109,HUC-160202010900,0,2018,0,0,0,NA,0,20.02,0,11.94,0.65,0.4,1.8,0,0.34,0.16,15.38,12.92,11.38,19.61,5,0.42,15.905538211700001,2.35,0,142.32073055733503,0,628.930586079,9.462357018239999,0,0,20.888374375400385,0,0,1.1814,97.65,0,122.034,3.01499761148,0,76.9338,0,0.8960366431774504,0,0.3181,0,166.27868443305573,0,8.626423318385651,0,0,0,0,34.67484894298527
Mitsubishi Race,10329067,-111.652799,40.192393,2229545,1999-07-31 21:00:00,Medium, , ,0.93,16020201000559,With Digitized,0,CanalDitch,33600,0.0102231883427664,6,3,0,800015958,800015997,800027194,800024507,114.699,800002347,30.009,2,0,0,6,800027182,800030772,800024507,0,1,800024507,0,100,0,0,0,0.6372,41.0931,0.6372,0,0.0899964258252, ,1431.08133385,NA,-9998,136739,137637,137637,1e-05,0, ,0.781,0.012,0.39046,0.016,0.3924,0.016,0.3924,0,0.30839,0,0.30839,0,0.30839,0.008,0.37457,1.677,1.30188,1.677,1.30188,0.017,0.40714,0.463,0.80999,0.463,0.80999,0.017,0.40714,0.057,0.47332,0.057,0.47332,0.025,0.42958,0.026,0.4171,0.026,0.4171,0.008,0.37457,0.004,0.34863,0.004,0.34863,0.008,0.37457,0.006,0.35829,0.006,0.35829,0.008,0.37457,0.009,0.37028,0.009,0.37028,0.017,0.40714,0.042,0.44863,0.042,0.44863,0.025,0.42958,0.138,0.57215,0.138,0.57215,0.008,0.37457,0.137,0.57114,0.137,0.57114,0,0.30839,0,0.30839,0,0.30839,NA,NA,NA,16b,16,1,HUC-16,HUC-1602,HUC-160202,HUC-16020201,HUC-1602020109,HUC-160202010900,0,2018,0,0,0,NA,0,8.62,0.48,30.6,2.87,2.05,5.97,0,0.75,0.61,19.76,4.87,7.79,10.24,4.67,0.73,15.083625227999999,5.14,0,141.1963065332136,0,690.5996475960001,8.8681913333,0,0,23.027008694890384,0,0,0.7126,69.66,0,244.0169,2.6479480503999997,0,76.5851,0,1.0455991151799209,0,0.3072,0,166.4009514006001,0,6.9155123852909615,0,0,0,25.19,32.54488709783394
Payson,10353402,-111.729891,39.987804,2230677,2008-05-08 21:00:00,Medium,1446014,Spring Creek,0.457,16020202000879,With Digitized,10348518,ArtificialPath,55800,0.00439418902295128,6,1,1,800068798,800016397,800086252,800013626,132.296,800002347,0.456,0,1,0,6,0,0,800013626,0,1,800055065,0,100,0,0,0,9.0153,9.0153,9.0153,0,4.00067947082,LakePond,1328.9386858,2.6154,143663,143570,143663,143570,0.00302931,0,H,0.307,0.682,-9998,0.701,-9998,0.701,-9998,0,-9998,0,-9998,0,-9998,0.085,-9998,3.585,-9998,3.585,-9998,1.198,-9998,4.545,-9998,4.545,-9998,2.75,-9998,3.597,-9998,3.597,-9998,1.684,-9998,1.745,-9998,1.745,-9998,0.799,-9998,0.553,-9998,0.553,-9998,0.445,-9998,0.282,-9998,0.282,-9998,0.326,-9998,0.246,-9998,0.246,-9998,0.317,-9998,0.411,-9998,0.411,-9998,0.375,-9998,0.817,-9998,0.817,-9998,0.188,-9998,0.88,-9998,0.88,-9998,0,-9998,0,-9998,0,-9998,1,45226.8474539,26.3706225342,16b,16,1,HUC-16,HUC-1602,HUC-160202,HUC-16020202,HUC-1602020206,HUC-160202020602,20.2356,2018,6.06,4.67,8.37,NA,0,17.54,9.74,14.89,17.07,2.98,0.51,0,0.92,0.47,28.74,0.13,1.9,1.26,2.92,0.93,16.1984465668,14.32,0,119.43283218528501,0,533.1562009740001,9.50152202028,0,0,22.771971648198065,0,0,1.4773,85.68,0,248,2.79979564458,0,74,0,1.5956663671758011,0,0.265,0,182.88,0,5.011345712289109,0,0,0,0,30.868249975042428
Provo River,10376192,-111.724869,40.234889,2231304,2000-09-13 21:00:00,Medium,1444668,Provo River,2.398,16020203000579,With Digitized,0,StreamRiver,46006,0.0262932205328021,5,5,5,800016935,800016027,800004024,800003980,105.897,800002347,1155.366,1,0,0,5,800003980,800004068,800003980,0,1,800003980,0,100,0,0,0,3.5262,1754.6553,1754.6553,0,0.101375481944, ,1037.83318709,NA,-9998,136752,137637,137637,1e-05,0, ,2.398,555.114,0.94485,354.801,0.92219,217.018,0.89823,36.232,0.4578,33.883,0.48475,212.307,0.8914,21.638,0.42202,22.158,0.44914,244.504,0.93679,156.024,0.6328,62.217,0.55192,281.166,0.98518,932.981,1.1469,412.167,0.97303,323.245,1.03721,1533.826,1.40022,1565.885,1.65861,397.682,1.12199,1406.947,1.35129,1720.115,1.72767,389.596,1.11316,1044.73,1.19882,510.697,1.05316,58.156,0.60152,603.449,0.9737,190.396,0.74943,36.678,0.53787,363.439,0.81666,97.185,0.61699,80.475,0.6567,317.293,0.7813,70.162,0.56797,175.23,0.8349,171.288,0.64928,52.051,0.52991,200.412,0.87382,76.297,0.53027,40.084,0.50121,211.181,0.88975,NA,NA,NA,16b,16,1,HUC-16,HUC-1602,HUC-160202,HUC-16020201,HUC-1602020109,HUC-160202010900,0,2018,0,0,0,NA,0.49,22.43,0.74,40.53,0.55,3.45,0.21,0,1.73,1.31,21.94,0.26,1.41,1.14,3.31,0.5,12.3273180739,5.5,0,133.2244694605049,0,735.326231911,5.68286232039,12.27,0,24.34720155963869,0,0,2.8418,3.24,0,113.0902,-0.96661960365,0,73.1949,0,1.1236883037386065,0,0.3222,0,172.0368597199646,16.86,7.558526455216971,22.99,0,0,39.14,34.71561252340487
Spanish Fork Lower,10348948,-111.732766,40.162204,2230719,1999-07-31 21:00:00,Medium, , ,4.328,16020202000919,With Digitized,0,StreamRiver,46006,0.0448723778787226,6,5,0,800016254,800016004,800004661,800004600,109.231,800002347,1608.531,2,0,0,6,800002347,800004728,800004600,0,1,800004600,0,100,0,0,0,1.6515,2021.3586,1.6515,0,0.296503182667, ,1186.78675688,NA,-9998,136715,137637,136715,0.00220679,1, ,4.178,0.031,0.54925,0.04,0.55428,0.04,0.55428,0,0.30839,0,0.30839,0,0.30839,0.022,0.50915,2.295,2.42003,2.295,2.42003,0.044,0.59848,0.773,1.49326,0.773,1.49326,0.044,0.59848,0.125,0.75869,0.125,0.75869,0.066,0.66817,0.069,0.63684,0.069,0.63684,0.022,0.50915,0.011,0.43228,0.011,0.43228,0.022,0.50915,0.015,0.45446,0.015,0.45446,0.022,0.50915,0.022,0.4874,0.022,0.4874,0.044,0.59848,0.089,0.68437,0.089,0.68437,0.066,0.66817,0.26,0.97274,0.26,0.97274,0.022,0.50915,0.244,0.95071,0.244,0.95071,0,0.30839,0,0.30839,0,0.30839,NA,NA,NA,16b,16,1,HUC-16,HUC-1602,HUC-160202,HUC-16020202,HUC-1602020206,HUC-160202020604,26.5655,2018,4.4,8.03,9.42,NA,0.01,15.01,1.52,36.12,23.97,0.96,0.07,0,0.32,0.01,19.02,0.05,0.53,0.35,1.87,0.19,13.6317588602,0.72,0,126.36859928394259,0,618.348894465,6.807836152030001,1,0,25.552428182737145,0,0,2.1201,5.05,0,246.1762,-0.0209969876627,0,71.9081,0,1.081142788947946,0,0.3245,0,182.15525552294898,7.56,4.8090831570650545,5.91,0,0,79.75,31.937297952022373
Spanish Fork Upper,10349244,-111.57715,40.071704,2229895,2008-05-08 21:00:00,Medium, , ,0.641,16020202000004,With Digitized,0,StreamRiver,46006,0.00657548911951182,4,5,5,800016328,800016325,800005155,800002347,133.738,800002347,1239.21,0,0,0,4,800002347,800005228,800002347,0,1,800005085,0,100,0,0,0,0.2718,1642.5162,1642.5162,0,0.0114478297871, ,1296.62566266,NA,-9998,145674,146394,145674,0.01123244,0, ,0.641,288.585,2.13447,193.192,2.07607,272.878,2.12621,1.337,0.41361,8.492,0.64478,101.293,1.38242,2.024,0.43952,10.151,0.67822,114.075,1.45238,137.517,1.54031,58.136,1.24264,167.974,1.71332,1032.89,3.90238,447.738,3.07047,310.837,2.25638,1015.47,3.87006,1037.649,4.62422,634.958,3.15487,556.506,2.89635,634.085,3.63102,551.404,2.94941,297.081,2.16282,151.519,1.8621,444.089,2.66267,170.114,1.68762,62.188,1.27667,394.925,2.52047,114.181,1.42448,39.574,1.07006,214.175,1.90681,90.953,1.29751,30.725,0.97428,119.875,1.4829,39.843,0.94651,21.726,0.86235,109.584,1.42824,6.336,0.54876,11.36,0.70099,98.858,1.36863,NA,NA,NA,16b,16,1,HUC-16,HUC-1602,HUC-160202,HUC-16020202,HUC-1602020205,HUC-160202020502,32.6928,2018,5.42,9.88,11.59,NA,0,16.5,0.54,30.07,29.33,0.52,0.04,0,0.24,0.01,20.69,0.01,0.24,0.09,1.59,0.13,13.5651798602,0.64,0,124.53089813963328,0,592.520823296,6.63015159845,0,0,26.13503212593454,0,0,2.3913,1.18,0,246.0235,-0.309815231927,0,71.3404,0,1.1008208730287472,0,0.3177,0,182.6448073540002,8.72,4.0795669356067386,7.27,0,0,82.18,31.303401167538233
Crow Creek,12794143,-109.984156,44.51295,1333748,1999-07-19 21:00:00,Medium,1599049,Crow Creek,2.786,10080012000159,With Digitized,0,StreamRiver,46006,0.0346158815673202,6,2,2,590102927,590102945,590104612,590104612,5304.669,350002977,17.496,0,0,0,5,590104612,590121371,590013217,0,1,590044607,0,24.86711,0,0,0,4.6089,49.9266,49.9266,0,0.0696581363593, ,1251.74984249,NA,-9998,203780,221765,203780,0.06455491,1, ,2.786,28.632,1.49776,35.527,1.51873,35.527,1.51873,10.795,1.01694,11.62,0.97701,11.62,0.97701,8.537,0.93392,9.572,0.9116,9.572,0.9116,6.134,0.83322,6.009,0.77948,6.009,0.77948,1.676,0.57191,12.112,0.9919,12.112,0.9919,42.206,1.7699,46.462,1.70408,46.462,1.70408,82.249,2.39126,79.301,2.16225,79.301,2.16225,84.986,2.42778,56.917,1.8629,56.917,1.8629,52.294,1.94606,25.867,1.33104,25.867,1.33104,29.418,1.51499,15.4,1.08488,15.4,1.08488,26.373,1.44697,19.443,1.1872,19.443,1.1872,20.749,1.31082,18.069,1.15365,18.069,1.15365,17.952,1.23663,15.921,1.09872,15.921,1.09872,NA,NA,NA,10g,10U,1,HUC-10,HUC-1008,HUC-100800,HUC-10080012,HUC-1008001201,HUC-100800120102,0,1988,0,0,0,0,1.57,64.3,0.03,0.15,11.17,0,0,0,0,0.05,22.66,0,0,0,0,0.06,7.02348398300105,0,0,118.81305692756969,0,835.000770935934,0.789642151189746,0,0,10.90222879186646,0,0,0.5589,0,0,378.2222,-5.44716199828749,0,71.5651,0,0.4020283375995963,0,0.2192,0,162.3196232469265,0.09,8.635981901431299,94.2,0,0,5.71,52.51820780906371
Jones Creek,12794005,-109.995153,44.558208,1333746,1999-07-19 21:00:00,Medium,1600654,Jones Creek,1.655,10080012000158,With Digitized,0,StreamRiver,46006,0.0200040309207826,6,1,1,590102895,590102910,590147659,590147659,5310.278,350002977,16.446,0,0,0,5,590147659,590207260,590013217,0,1,590047464,0,10.06487,0,0,0,2.988,64.9602,64.9602,0,0.0423573768569, ,1251.88917241,NA,-9998,208560,214565,208560,0.03628398,1, ,1.655,38.914,1.46538,47.233,1.48368,47.233,1.48368,13.383,0.96481,14.266,0.93077,14.266,0.93077,10.851,0.89563,11.821,0.87164,11.821,0.87164,7.892,0.80428,7.733,0.758,7.733,0.758,2.215,0.56096,14.811,0.94328,14.811,0.94328,53.677,1.68085,59.846,1.64107,59.846,1.64107,107.114,2.28915,106.07,2.11436,106.07,2.11436,115.996,2.37473,77.276,1.8348,77.276,1.8348,72.458,1.91788,36.062,1.32678,36.062,1.32678,42.499,1.52081,21.832,1.08854,21.832,1.08854,37.785,1.44743,25.643,1.15813,25.643,1.15813,26.873,1.25889,22.623,1.10343,22.623,1.10343,22.483,1.173,19.593,1.04498,19.593,1.04498,NA,NA,NA,10g,10U,1,HUC-10,HUC-1008,HUC-100800,HUC-10080012,HUC-1008001201,HUC-100800120101,96.1969,1988,43.67,13.1,15.31,NA,1.14,3.59,0,0.01,3.72,0,0.27,0.01,0,0.04,90.61,0,0,0,0,0.61,6.878636640638419,0,0,114.43765260882816,0,860.5103160907761,0.55106015658788,0,0,10.328271495469536,0,0,2.3757,0,0,379.5934,-5.779865998365151,0,72.5856,0,0.5162354179944028,0,0.2075,0,163.49065934218183,0.42,9.57308279531159,92.73,0,0,6.85,52.8800816038128
East Fork Kootenai,22878863,-116.118877,49.70434,2316588,2005-09-05 21:00:00,Medium,384301,Kootenai River,2.364,17010101000583,With Digitized,22886851,ArtificialPath,55800,0.0240251393970512,2,4,4,50000605,50000604,50055275,50006495,1434.304,50001315,71.902,0,0,0,2,50006495,50059477,50006495,0,1,50051742,0,100,0,0,0,20059.6023,20156.0085,20156.0085,0,2.03113564801,LakePond,43.7901635646,NA,-9998,62509,75050,75050,1e-05,0,A,2.364,9145.36,-9998,10069.49,-9998,10065.595,-9998,838.544,-9998,1160.351,-9998,1316.808,-9998,400.103,-9998,660.005,-9998,784.396,-9998,338.894,-9998,470.464,-9998,537.081,-9998,4056.785,-9998,4209.265,-9998,4203.826,-9998,16848.317,-9998,25508.895,-9998,25231.385,-9998,24534.027,-9998,38728.981,-9998,38347.16,-9998,22931.63,-9998,18098.111,-9998,17991.743,-9998,16408.937,-9998,6290.536,-9998,6334.514,-9998,10282.719,-9998,3822.901,-9998,3901.887,-9998,7761.256,-9998,3852.137,-9998,3970.133,-9998,3654.912,-9998,3617.144,-9998,3751.947,-9998,1741.631,-9998,2130.153,-9998,2276.57,-9998,0.0903648800368,5373767.88,0.218213459794,17b,17,1,HUC-17,HUC-1701,HUC-170101,HUC-17010101,HUC-1701010106,HUC-170101010606,NA,1985,NA,NA,NA,NA,0.12,80.56,0.05,0.18,8.65,0.01,0.05,0,0.56,2.3,7.35,0,0.02,0,0.09,0.07,8.82267595057,0,0,117.02003343849006,0,1006.62677284,3.5054252268300004,0,0,9.233598657056195,0,0,9.2441,0,0,287.8297,-1.81672163255,0,72.5069,0,1.0377293896560178,0,0.2034,0,182.69797572162963,12.7,7.795702377172657,0,0,0,87.3,36.78844480622564
Middle Fork Kootenai,22878863,-116.122217,49.712888,2316588,2005-09-05 21:00:00,Medium,384301,Kootenai River,2.364,17010101000583,With Digitized,22886851,ArtificialPath,55800,0.0240251393970512,2,4,4,50000605,50000604,50055275,50006495,1434.304,50001315,71.902,0,0,0,2,50006495,50059477,50006495,0,1,50051742,0,100,0,0,0,20059.6023,20156.0085,20156.0085,0,2.03113564801,LakePond,43.7901635646,NA,-9998,62509,75050,75050,1e-05,0,A,2.364,9145.36,-9998,10069.49,-9998,10065.595,-9998,838.544,-9998,1160.351,-9998,1316.808,-9998,400.103,-9998,660.005,-9998,784.396,-9998,338.894,-9998,470.464,-9998,537.081,-9998,4056.785,-9998,4209.265,-9998,4203.826,-9998,16848.317,-9998,25508.895,-9998,25231.385,-9998,24534.027,-9998,38728.981,-9998,38347.16,-9998,22931.63,-9998,18098.111,-9998,17991.743,-9998,16408.937,-9998,6290.536,-9998,6334.514,-9998,10282.719,-9998,3822.901,-9998,3901.887,-9998,7761.256,-9998,3852.137,-9998,3970.133,-9998,3654.912,-9998,3617.144,-9998,3751.947,-9998,1741.631,-9998,2130.153,-9998,2276.57,-9998,0.0903648800368,5373767.88,0.218213459794,17b,17,1,HUC-17,HUC-1701,HUC-170101,HUC-17010101,HUC-1701010106,HUC-170101010606,NA,1985,NA,NA,NA,NA,0.12,80.56,0.05,0.18,8.65,0.01,0.05,0,0.56,2.3,7.35,0,0.02,0,0.09,0.07,8.82267595057,0,0,117.02003343849006,0,1006.62677284,3.5054252268300004,0,0,9.233598657056195,0,0,9.2441,0,0,287.8297,-1.81672163255,0,72.5069,0,1.0377293896560178,0,0.2034,0,182.69797572162963,12.7,7.795702377172657,0,0,0,87.3,36.78844480622564
West Fork Kootenai,22878863,-116.140608,49.706719,2316588,2005-09-05 21:00:00,Medium,384301,Kootenai River,2.364,17010101000583,With Digitized,22886851,ArtificialPath,55800,0.0240251393970512,2,4,4,50000605,50000604,50055275,50006495,1434.304,50001315,71.902,0,0,0,2,50006495,50059477,50006495,0,1,50051742,0,100,0,0,0,20059.6023,20156.0085,20156.0085,0,2.03113564801,LakePond,43.7901635646,NA,-9998,62509,75050,75050,1e-05,0,A,2.364,9145.36,-9998,10069.49,-9998,10065.595,-9998,838.544,-9998,1160.351,-9998,1316.808,-9998,400.103,-9998,660.005,-9998,784.396,-9998,338.894,-9998,470.464,-9998,537.081,-9998,4056.785,-9998,4209.265,-9998,4203.826,-9998,16848.317,-9998,25508.895,-9998,25231.385,-9998,24534.027,-9998,38728.981,-9998,38347.16,-9998,22931.63,-9998,18098.111,-9998,17991.743,-9998,16408.937,-9998,6290.536,-9998,6334.514,-9998,10282.719,-9998,3822.901,-9998,3901.887,-9998,7761.256,-9998,3852.137,-9998,3970.133,-9998,3654.912,-9998,3617.144,-9998,3751.947,-9998,1741.631,-9998,2130.153,-9998,2276.57,-9998,0.0903648800368,5373767.88,0.218213459794,17b,17,1,HUC-17,HUC-1701,HUC-170101,HUC-17010101,HUC-1701010106,HUC-170101010606,0,1985,0,0,0,NA,0.12,80.56,0.05,0.18,8.65,0.01,0.05,0,0.56,2.3,7.35,0,0.02,0,0.09,0.07,8.82267595057,0,0,117.02003343849006,0,1006.62677284,3.5054252268300004,0,0,9.233598657056195,0,0,9.2441,0,0,287.8297,-1.81672163255,0,72.5069,0,1.0377293896560178,0,0.2034,0,182.69797572162963,12.7,7.795702377172657,0,0,0,87.3,36.78844480622564
Akokala_Creek,22949619,-114.286749,48.797378,2332676,2001-02-27 21:00:00,Medium,778898,Akokala Creek,2.623,17010206000156,With Digitized,0,StreamRiver,46006,0.0269682226156079,4,3,3,50006182,50006181,50036940,50036940,1850.654,50001315,80.227,0,0,0,3,50036940,50038358,50010066,0,1,50016766,0,100,0,0,0,3.195,105.8112,105.8112,0,0.0779257451605, ,1085.62974606,NA,-9998,108366,109810,108366,0.00550514,0, ,2.623,74.822,1.28032,72.807,1.27817,72.807,1.27817,9.48,0.63288,38.484,0.99965,38.484,0.99965,4.629,0.53016,29.384,0.90739,29.384,0.90739,5.723,0.5566,17.912,0.76894,17.912,0.76894,62.284,1.19013,71.478,1.26873,71.478,1.26873,147.214,1.7006,148.688,1.72528,148.688,1.72528,171.071,1.81618,167.294,1.81683,167.294,1.81683,149.395,1.71151,105.807,1.49109,105.807,1.49109,121.637,1.56643,73.451,1.28272,73.451,1.28272,96.24,1.41932,79.806,1.32661,79.806,1.32661,72.789,1.2662,73.426,1.28254,73.426,1.28254,38.726,0.99349,43.608,1.04709,43.608,1.04709,18.984,0.77758,41.802,1.03069,41.802,1.03069,NA,NA,NA,17b,17,1,HUC-17,HUC-1701,HUC-170102,HUC-17010206,HUC-1701020604,HUC-170102060409,13.8379,1988,2.44,4.34,3.99,NA,6.65,33.17,0,0.01,0.62,0.72,0.19,0.15,0.11,0.39,57.6,0,0.01,0,0.04,0.32,8.51203580064,1.58,0,130.4070081932235,0,1162.78783758,3.0605308991799998,16.63,0,14.762961860370169,0,0,4.9476,0,0,664,-2.39505729415,0,70.1359,0,0.7048332536457089,0,0.2776,0,182.88,7,4.271167534351797,0,0,0,74.79,36.090248792188355
Bowman_Creek,22949571,-114.274616,48.790458,2332662,2001-02-27 21:00:00,Medium,780316,Bowman Creek,0.623,17010206000134,With Digitized,0,StreamRiver,46006,0.00645130358410773,4,3,3,50006159,50006158,50030586,50029004,1850.804,50001315,82.379,0,0,0,4,50029004,50031464,50029004,0,1,50029778,0,100,0,0,0,0.3204,137.0853,137.0853,0,0.0160649905935, ,1085.63494343,NA,-9998,109364,110082,109440,0.01030497,0, ,0.623,127.849,1.47386,126.133,1.47258,126.133,1.47258,19.694,0.74004,67.075,1.1409,67.075,1.1409,9.8,0.60637,49.597,1.0176,49.597,1.0176,11.771,0.63682,31.913,0.86955,31.913,0.86955,74.626,1.18408,85.269,1.25405,85.269,1.25405,203.317,1.79941,211.094,1.8387,211.094,1.8387,269.504,2.04009,275.361,2.07066,275.361,2.07066,260.656,2.00967,186.83,1.74263,186.83,1.74263,229.926,1.90004,130.889,1.49569,130.889,1.49569,191.123,1.75124,140.872,1.54294,140.872,1.54294,144.804,1.55353,131.581,1.49902,131.581,1.49902,80.145,1.21789,88.403,1.27235,88.403,1.27235,39.566,0.93359,79.183,1.21759,79.183,1.21759,NA,NA,NA,17b,17,1,HUC-17,HUC-1701,HUC-170102,HUC-17010206,HUC-1701020604,HUC-170102060410,5.7229,1988,2.17,1.19,1.77,NA,14.31,59.49,0,0.06,0.21,0.09,0.04,0.63,0.88,5.43,18.48,0,0.02,0,0.21,0.15,7.7531161284,22.37,0,116.4375010255947,0,1362.53941084,2.50015927195,5.56,0,11.275346193497498,0,0,0.1246,0,0,670.8577,-2.75708478302,0,69.373,0,0.9940691918349184,0,0.1917,0,182.88,0.06,5.7566695638267555,0,0,0,72.01,34.50151291436321
Coal_Creek,22950067,-114.199739,48.688413,2332874,2001-02-27 21:00:00,Medium,781441,Coal Creek,3.542,17010206000353,With Digitized,0,StreamRiver,46006,0.0398536738942798,4,4,4,50006390,50006104,50038351,50038351,1834.542,50001315,154.339,0,0,0,3,50038351,50039951,50010066,0,1,50012973,0,100,0,0,0,3.3363,212.8428,212.8428,0,0.0791661043741, ,1085.30602511,NA,-9998,104091,110368,104091,0.01772162,0, ,3.542,174.903,1.69957,173.95,1.69895,173.95,1.69895,20.986,0.75962,70.392,1.16851,70.392,1.16851,10.39,0.61905,51.66,1.0382,51.66,1.0382,12.985,0.65809,34.522,0.89758,34.522,0.89758,111.078,1.40156,125.708,1.47866,125.708,1.47866,320.34,2.22678,345.76,2.31108,345.76,2.31108,405.081,2.4814,430.473,2.55822,430.473,2.55822,404.969,2.48108,293.033,2.14264,293.033,2.14264,313.126,2.20372,173.224,1.69587,173.224,1.69587,206.409,1.82746,150.143,1.59442,150.143,1.59442,168.148,1.67077,149.363,1.59086,149.363,1.59086,84.574,1.25424,93.146,1.30644,93.146,1.30644,41.787,0.95886,83.036,1.24737,83.036,1.24737,NA,NA,NA,17b,17,1,HUC-17,HUC-1701,HUC-170102,HUC-17010206,HUC-1701020605,HUC-170102060507,0,1988,0,0,0,NA,0.27,73.25,0,0.04,1.47,0,0.01,0,0.35,0.28,24.16,0,0,0,0,0.17,8.33818070455,0,0,116.04112790284658,0,1131.42506212,2.80596280939,0,0,10.873413392419193,0,0,0.1372,0,0,661.6415,-2.7313513293700002,0,72.8353,0,1.0170169815469443,0,0.192,0,182.7190385298445,0,5.947207009116588,0,0,0,100,34.40147362278639
Logging_Creek,22949389,-114.185106,48.701412,2332609,2001-02-27 21:00:00,Medium,786456,Logging Creek,6.951,17010206000066,With Digitized,0,StreamRiver,46006,0.0776993299403869,4,3,3,50006070,50006069,50023898,50023055,1833.973,50001315,83.794,0,0,0,4,50023055,50024352,50023055,0,1,50023466,0,100,0,0,0,12.8259,101.0205,101.0205,0,0.182367752452, ,1085.32325467,NA,-9998,104549,115812,104918,0.01567256,0, ,6.951,76.031,1.44982,74.014,1.44734,74.014,1.44734,10.379,0.70487,41.227,1.14315,41.227,1.14315,5.142,0.58145,31.622,1.03348,31.622,1.03348,10.302,0.7033,28.683,0.99687,28.683,0.99687,64.205,1.35182,73.629,1.44419,73.629,1.44419,150.042,1.946,151.791,1.97617,151.791,1.97617,166.857,2.04103,162.781,2.03924,162.781,2.03924,144.791,1.91532,102.477,1.66214,102.477,1.66214,123.088,1.78256,74.246,1.44923,74.246,1.44923,99.552,1.62546,82.074,1.5116,82.074,1.5116,75.426,1.44499,75.676,1.46085,75.676,1.46085,42.351,1.14497,47.569,1.20904,47.569,1.20904,20.699,0.88041,45.068,1.18358,45.068,1.18358,NA,NA,NA,17b,17,1,HUC-17,HUC-1701,HUC-170102,HUC-17010206,HUC-1701020605,HUC-170102060503,0,1988,0,0,0,0,8.55,64.67,0,0.04,4.1,0,0,0.85,0.13,4.93,16.63,0,0,0,0.06,0.05,8.83775142411,6.21,0.6,121.75290377306631,0,1220.19180566,3.23169781606,0,0,12.341425254238894,0,0,1.4153,0,0,670.4269,-2.3789190775,0,70.081,0,0.8981315692202709,0,0.2159,0,182.88,0,5.196471837059644,0,0,0,93.19,35.38034252352836
Quartz_Creek,22949475,-114.225834,48.72261,2332625,2001-02-27 21:00:00,Medium,789268,Quartz Creek,1.863,17010206000096,With Digitized,0,StreamRiver,46006,0.0196806500400233,4,3,3,50006112,50006747,50023054,50023054,1838.939,50001315,101.868,0,0,0,3,50023054,50023465,50010066,0,1,50014331,0,100,0,0,0,1.8666,136.8477,136.8477,0,0.0455463934947, ,1085.39335635,NA,-9998,104970,108277,105155,0.01675791,0, ,1.863,113.223,1.55488,111.354,1.55321,111.354,1.55321,15.883,0.74767,56.963,1.18041,56.963,1.18041,7.874,0.61103,42.573,1.05548,42.573,1.05548,10.416,0.6595,28.936,0.91698,28.936,0.91698,79.168,1.33921,90.331,1.42231,90.331,1.42231,201.553,2.00149,209.108,2.04787,209.108,2.04787,256.711,2.23354,261.063,2.26541,261.063,2.26541,230.11,2.1249,164.494,1.83976,164.494,1.83976,191.491,1.95607,110.872,1.55034,110.872,1.55034,152.158,1.7667,116.63,1.58418,116.63,1.58418,117.723,1.58095,110.39,1.54747,110.39,1.54747,64.527,1.23314,71.616,1.29312,71.616,1.29312,31.792,0.9434,65.463,1.24725,65.463,1.24725,NA,NA,NA,17b,17,1,HUC-17,HUC-1701,HUC-170102,HUC-17010206,HUC-1701020605,HUC-170102060502,27.0952,1988,4.88,8.24,9.47,NA,8.53,59.56,0,0.02,0.26,0,0,1.56,0.28,3.37,26.2,0,0,0,0.03,0.19,8.2256800757,9.12,0,123.37437449468356,0,1310.84056059,2.85013135613,14.45,0,12.640969082703936,0,0,0.7,0,0,666.995,-2.53016202866,0,69.7273,0,0.8629788882169479,0,0.2308,0,182.74488738662228,0.17,5.0905817848286175,0,0,0,76.26,36.159630633478386
Red_Bench_Creek,22950879,-114.39971,48.81409,2333208,2001-02-27 21:00:00,Medium, , ,2.057,17010206000696,With Digitized,0,StreamRiver,46006,0.0224439447585747,5,1,1,50146207,50006356,50228496,50228496,1861.221,50001315,2.057,0,1,0,4,0,0,50034479,0,1,50035658,0,100,0,0,0,1.9386,1.9386,1.9386,0,0.0894134600797, ,1085.89480756,0.1206,-9998,124759,137433,124759,0.0664604,0,H,1.907,1.234,0.87967,1.081,0.87358,1.081,0.87358,0.11,0.46664,1.305,0.93302,1.305,0.93302,0.055,0.41791,1.35,0.94437,1.35,0.94437,0.115,0.47042,0.785,0.78527,0.785,0.78527,0.995,0.81796,1.262,0.92201,1.262,0.92201,2.858,1.20074,2.062,1.10478,2.062,1.10478,3.481,1.29925,2.338,1.15971,2.338,1.15971,3.032,1.22919,1.975,1.08675,1.975,1.08675,1.681,0.98158,1.509,0.9831,1.509,0.9831,0.957,0.80754,1.752,1.03878,1.752,1.03878,0.875,0.78435,1.728,1.03345,1.728,1.03345,0.439,0.63839,0.562,0.70773,0.562,0.70773,0.21,0.53147,0.834,0.80085,0.834,0.80085,NA,NA,NA,17b,17,1,HUC-17,HUC-1701,HUC-170102,HUC-17010206,HUC-1701020604,HUC-170102060408,100,1988,53.3,15.23,16.57,NA,0,22.61,0,0,0,0,0,0,0,0,77.39,0,0,0,0,0,9.46531688714,0,0,132.85948467966574,0,869.206234025,3.72571218833,78.74,0,15.208156917363048,0,0,0.7152,0,0,664,-2.02007719163,0,71.2071,0,0.6691736304549676,0,0.2628,0,182.88,0,4.677567316620242,0,0,0,21.26,34.899312906220985
Red_Meadow_Creek,22949989,-114.32894,48.802772,2332839,2001-02-27 21:00:00,Medium,789461,Red Meadow Creek,1.708,17010206000320,With Digitized,0,StreamRiver,46006,0.020800823971532,4,3,3,50006355,50006354,50034479,50034479,1854.882,50001315,70.758,0,0,0,3,50034479,50035658,50010066,0,1,50018128,0,100,0,0,0,1.5291,77.9949,77.9949,0,0.0445280589035, ,1085.72724619,NA,-9998,109888,113621,109888,0.02185597,0, ,1.708,70.446,1.45924,68.443,1.45655,68.443,1.45655,10.111,0.71893,40.415,1.17639,40.415,1.17639,5.115,0.59428,31.505,1.06886,31.505,1.06886,4.352,0.57078,14.386,0.80993,14.386,0.80993,31.284,1.05626,36.503,1.13071,36.503,1.13071,107.061,1.74567,105.232,1.75118,105.232,1.75118,150.488,2.0305,145.357,2.02115,145.357,2.02115,160.898,2.09276,114.136,1.81477,114.136,1.81477,134.663,1.93183,80.554,1.56031,80.554,1.56031,100.371,1.69726,82.633,1.57736,82.633,1.57736,80.481,1.54357,79.956,1.55537,79.956,1.55537,40.821,1.16975,45.898,1.23705,45.898,1.23705,20.184,0.90099,44.092,1.21746,44.092,1.21746,NA,NA,NA,17b,17,1,HUC-17,HUC-1701,HUC-170102,HUC-17010206,HUC-1701020604,HUC-170102060408,24.087,1988,10.35,4.58,7.05,NA,0.33,69.12,0,0.08,0.32,0,0.03,0,0.5,0.33,29.11,0,0,0,0.02,0.17,7.897483888089999,0,0,121.27121957974177,0,1188.06377718,2.6257189393,32.85,0,12.726381301854351,0,0,0.3938,0,0,662.4758,-2.6506032788900002,0,72.3856,0,0.8868069835335388,0,0.212,0,182.47324782774257,0.2,5.410980025617058,0,0,0,66.95,33.95650477146582
Wally_Creek,22950913,-114.436506,48.80153,2333220,2001-02-27 21:00:00,Medium, , ,2.423,17010206000709,With Digitized,0,StreamRiver,46006,0.0257296972632934,5,1,1,50146215,50006358,50228488,50228488,1864.641,50001315,2.423,0,1,0,4,0,0,50034479,0,1,50038353,0,100,0,0,0,1.8666,1.8666,1.8666,0,0.0914972651579, ,1085.99191919,0.2097,-9998,130486,178524,130486,0.21143485,0,H,2.272,1.804,1.01257,1.595,1.00558,1.595,1.00558,0.245,0.55232,2.398,1.17413,2.398,1.17413,0.13,0.48262,2.435,1.18119,2.435,1.18119,0.069,0.43286,0.523,0.69405,0.523,0.69405,0.498,0.6639,0.642,0.73841,0.642,0.73841,2.531,1.15128,1.807,1.05335,1.807,1.05335,3.989,1.38159,2.715,1.23313,2.715,1.23313,4.62,1.46863,3.037,1.28983,3.037,1.28983,3.713,1.3415,3.098,1.30025,3.098,1.30025,2.36,1.12054,3.7,1.39832,3.7,1.39832,2.01,1.05418,3.497,1.36615,3.497,1.36615,0.995,0.8218,1.244,0.91938,1.244,0.91938,0.495,0.66276,1.754,1.04166,1.754,1.04166,NA,NA,NA,17b,17,1,HUC-17,HUC-1701,HUC-170102,HUC-17010206,HUC-1701020604,HUC-170102060408,0,1988,0,0,0,0,0,13.16,0,0,0.24,0,0,0,0,0,86.6,0,0,0,0,0,7.64885495646,0,0,123.71226133076182,0,1161.70215259,2.4380904367099996,8.39,0,13.098693346190936,0,0,0.1526,0,0,664,-2.77541003824,0,72.1249,0,0.8566055930568949,0,0.1817,0,182.88,0,5.312015429122469,0,0,0,91.61,34.274850530376085
Cold_Creek,8944471,-119.948785,38.898689,2276813,1999-06-15 21:00:00,Medium,221315,Cold Creek,2.282,16050101000323,With Digitized,0,StreamRiver,46006,0.0241980320126822,7,2,2,800012687,800012684,800019167,800015866,267.148,800001173,27.729,0,0,0,7,800015866,800020671,800015866,0,1,800017910,0,100,0,0,0,3.1995,30.3471,30.3471,0,0.0669667769634, ,91282.6196102,NA,-9998,192628,203226,192825,0.04557843,0, ,2.282,16.989,1.31014,13.899,1.29398,13.899,1.29398,8.592,1.00589,18.529,1.45654,18.529,1.45654,10.371,1.07919,17.39,1.41851,17.39,1.41851,15.819,1.27289,18.189,1.44531,18.189,1.44531,21.213,1.43549,18.963,1.47075,18.963,1.47075,32.685,1.72633,33.656,1.8847,33.656,1.8847,34.173,1.76024,31.499,1.83022,31.499,1.83022,27.854,1.61088,15.388,1.3487,15.388,1.3487,19.378,1.38262,9.12,1.09639,9.12,1.09639,11.685,1.12959,6.749,0.97997,6.749,0.97997,7.323,0.94914,5.814,0.92884,5.814,0.92884,7.03,0.93539,7.685,1.02792,7.685,1.02792,7.903,0.9756,12.706,1.24811,12.706,1.24811,NA,NA,NA,16a,16,1,HUC-16,HUC-1605,HUC-160501,HUC-16050101,HUC-1605010103,HUC-160501010302,0,2021_2022,NA,NA,NA,0,1.71,55.35,0,0.02,0.61,0,0.38,0,0,0.26,40.68,0,0.29,0.02,0.16,0.52,11.1335055782,0,0,82.79144577241317,0,839.749505546,4.94601616299,1.67,0,3.839820279367716,0,0,0.0346,0,0,527.9625,-1.2459928731,0,72.2007,0,1.7082781221269907,0,0.1126,0,178.73533586405293,0,28.645814229366234,98.33,0,0,0,78.33550401850589
Middle_Fork_American,14997923,-120.920501,38.958701,2590132,1999-06-15 21:00:00,Medium,263517,Middle Fork American River,1.468,18020128000024,With Digitized,0,StreamRiver,46006,0.0163274245471445,3,5,5,10043932,10043944,10009323,10008264,186.994,10002293,1229.584,0,0,0,3,10008264,10009385,10008264,0,1,10009259,13.97217,82.22037,0,0,0,2.5209,1520.7759,1520.7759,0,0.0244401835805, ,101.342941113,NA,-9998,21856,23204,21870,0.00908719,0, ,1.468,1822.864,2.3349,1713.099,2.32473,1305.429,2.28083,3201.346,3.04126,2548.801,2.79833,1915.384,2.72617,3595.396,3.21502,2751.84,2.90176,2237.595,2.93425,3858.022,3.32589,3137.186,3.08867,2316.551,2.98305,2904.463,2.90362,2868.67,2.95966,1802.277,2.64927,2053.627,2.46731,3363.361,3.19336,1557.965,2.47503,1294.41,1.99805,2507.272,2.77671,1084.466,2.09586,762.206,1.58386,756.309,1.61461,799.583,1.8288,411.903,1.2283,303.58,1.11287,761.983,1.7904,246.242,1.0084,253.42,1.0393,631.03,1.64919,217.596,0.9639,258.023,1.04632,476.066,1.46285,1072.518,1.83748,1169.746,1.95497,768.452,1.79707,2269.63,2.58506,1519.548,2.20037,1235.948,2.22437,NA,NA,NA,18b,18,1,HUC-18,HUC-1802,HUC-180201,HUC-18020128,HUC-1802012805,HUC-180201280504,NA,2021_2022,NA,NA,NA,0,0.85,60.9,0,0.24,1.18,0,0.1,0,2.32,1.12,32.12,0.01,0.11,0.03,0.95,0.08,16.6409475728,32.35,0,106.18976397252182,0,1502.14109638,10.4277479944,3.04,0,16.160149520989748,0,0,0.1002,0,0,767.7142,4.2096859095,0,61.8575,0,1.7231383587502158,0,0.2108,0,174.67430607826137,0,8.426582925225809,64.61,0,0,0,46.422810284786
North_Fork_American,14997117,-120.939907,39.000053,2590348,1999-06-15 21:00:00,Medium,267066,North Fork American River,1.913,18020128000226,With Digitized,0,StreamRiver,46006,0.0203941582579465,2,5,5,10043762,10043795,10010571,10005155,186.555,10002293,766.12,0,0,0,2,10005155,10010643,10005155,0,1,10010499,0,83.16882,0,0,0,2.6298,856.9953,856.9953,0,0.043018409286, ,103.851958128,NA,-9998,23313,23831,23459,0.00194458,0, ,1.913,1055.839,1.70161,938.516,1.68838,940.467,1.68862,1949.345,2.23778,1571.743,2.12302,1559.391,2.11375,2179.281,2.35547,1648.569,2.16959,1643.694,2.16493,2272.016,2.40127,1759.22,2.23492,1779.278,2.24474,1639.3,2.06823,1504.292,2.08125,1518.149,2.08824,1110.079,1.73917,1574.727,2.12485,1573.13,2.12218,699.158,1.42773,1205.463,1.88456,1188.041,1.87096,408.463,1.14981,383.837,1.1668,376.739,1.15754,221.779,0.91677,152.073,0.83341,149.333,0.82788,132.051,0.77035,132.325,0.79603,129.521,0.79007,117.503,0.74258,128.756,0.789,128.286,0.78762,605.578,1.3455,655.607,1.44903,650.252,1.44301,1342.308,1.89102,936.857,1.68709,928.572,1.67932,NA,NA,NA,18b,18,1,HUC-18,HUC-1802,HUC-180201,HUC-18020128,HUC-1802012806,HUC-180201280603,0,2021_2022,NA,NA,NA,0,0.05,71.67,0,0.54,0.86,0.01,0.02,0,5.41,0.4,18.17,0.05,0.45,0.29,2.01,0.06,17.5227176791,21.3,0,100.37235164883634,0,1581.9163683,11.297521975599999,0,0,19.53813118228303,0,0,0.1321,0,0,773.3198,5.06738620852,0,57.417,0,1.5950539005289757,0,0.2335,0,178.2145904137397,0,6.021983098390387,78.7,0,0,0,40.88690114753255
Trout_Creek,8944501,-119.978005,38.88376,2276514,1999-06-15 21:00:00,Medium,236569,Trout Creek,2.006,16050101000034,With Digitized,0,StreamRiver,46006,0.0202115803994126,6,3,3,800012696,800012691,800027371,800013667,267.825,800001173,43.374,0,0,0,6,800013667,800031015,800013667,0,1,800024638,0,100,0,0,0,4.2759,56.0808,56.0808,0,0.0736813062959, ,91281.9919531,NA,-9998,191423,191944,191429,0.00256729,0, ,2.006,36.144,1.04689,28.03,1.03184,28.995,1.03382,26.557,0.93539,29.744,1.055,15.401,0.82682,31.969,1.00029,25.198,0.99205,11.209,0.74634,46.346,1.15111,32.407,1.08978,19.358,0.89375,55.658,1.23716,41.572,1.20026,33.155,1.08735,70.58,1.36201,72.551,1.50711,68.799,1.45617,64.577,1.31343,62.474,1.41561,75.151,1.51128,47.404,1.16127,25.722,0.99956,36.53,1.1285,25.768,0.92543,11.732,0.76396,14.945,0.81861,13.783,0.751,7.671,0.67195,10.53,0.73204,9.556,0.67277,6.932,0.65291,9.265,0.70421,17.592,0.81223,13.313,0.79559,9.77,0.71552,24.212,0.90536,22.407,0.95074,11.093,0.74392,NA,NA,NA,16a,16,1,HUC-16,HUC-1605,HUC-160501,HUC-16050101,HUC-1605010103,HUC-160501010302,NA,2021_2022,NA,NA,NA,0,0.13,75.42,0,0.01,0.06,0,0.17,0,0,0.05,21.17,0,1.03,0.05,1.23,0.67,12.0157819077,0,0,95.63473777121582,0,874.494891299,5.4318975716999995,14.71,0,4.306314835023752,0,0,0.04,0,0,536.5193,-1.1569489744399999,0,70.4345,0,2.103174990371036,0,0.0961,0,173.39189931313388,0,25.21883168571061,85.29,0,0,0,76.21514684169983
Coal,22957705,-113.696178,48.418961,2334109,2001-03-01 21:00:00,Medium,781438,Coal Creek,2.12,17010207000303,With Digitized,0,StreamRiver,46006,0.0253649974182843,3,3,3,50007090,50007089,50038345,50036928,1835.638,50001315,59.292,0,0,0,3,50036928,50039944,50036928,0,1,50036928,0,100,0,0,0,2.5533,96.5538,96.5538,0,0.0519036797445, ,1085.59582531,NA,-9998,109592,115107,109637,0.02580188,0, ,2.12,90.596,1.55324,88.592,1.55099,88.592,1.55099,12.361,0.74068,47.081,1.19666,47.081,1.19666,6.204,0.60817,36.047,1.07923,36.047,1.07923,9.276,0.67955,26.371,0.96134,26.371,0.96134,57.945,1.29026,66.615,1.37642,66.615,1.37642,154.56,1.96151,156.759,1.9908,156.759,1.9908,206.587,2.23686,205.734,2.25209,205.734,2.25209,194.401,2.17559,138.464,1.88351,138.464,1.88351,160.363,1.99418,94.388,1.59352,94.388,1.59352,120.678,1.75796,96.257,1.60697,96.257,1.60697,90.212,1.55044,88.083,1.54719,88.083,1.54719,50.218,1.21841,56.132,1.2836,56.132,1.2836,24.826,0.93441,52.791,1.25233,52.791,1.25233,NA,NA,NA,17b,17,1,HUC-17,HUC-1701,HUC-170102,HUC-17010207,HUC-1701020703,HUC-170102070306,55.8481,2003,17.49,13.21,14.7,NA,7.78,31.97,0,0.08,1.19,0.01,0.02,0.4,0.64,0.41,57.33,0,0,0,0,0.16,7.92464912608,1.09,0,117.921326783617,0,1340.38651265,2.68800997056,3.14,0,11.568165023023436,0,0,1.8243,0,0,881,-2.5534356971000003,0,66.6211,0,0.965669450606812,0,0.2264,0,182.88,1.4,5.3971271974795405,0,0,0,94.37,34.96618332991555
Fish Creek,22958009,-113.9858333,48.54888888,2334242,2001-03-01 21:00:00,Medium,783434,Fish Creek,0.855,17010207000420,With Digitized,0,StreamRiver,46006,0.008900594447949,4,3,3,50007237,50007236,50064327,50059282,1809.241,50001315,31.6,0,0,0,4,50059282,50070717,50059282,0,1,50059282,0,100,0,0,0,0.378,37.1574,37.1574,0,0.025564087336, ,1173.49313667,NA,-9998,96302,98953,96645,0.02699415,0, ,0.855,20.995,1.27469,19.773,1.27001,19.773,1.27001,1.644,0.55826,10.165,0.98379,10.165,0.98379,0.811,0.48009,8.717,0.93087,8.717,0.93087,4.931,0.75612,15.9,1.1649,15.9,1.1649,29.317,1.46214,34.262,1.59597,34.262,1.59597,61.6,2.01973,57.756,2.0074,57.756,2.0074,58.06,1.96678,51.16,1.90144,51.16,1.90144,42.149,1.70743,29.05,1.48795,29.05,1.48795,21.583,1.28897,15.297,1.14749,15.297,1.14749,11.922,1.02389,14.151,1.11351,14.151,1.11351,10.351,0.97217,14.042,1.11021,14.042,1.11021,6.63,0.83234,7.849,0.89714,7.849,0.89714,3.171,0.66255,8.813,0.9345,8.813,0.9345,NA,NA,NA,17b,17,1,HUC-17,HUC-1701,HUC-170102,HUC-17010207,HUC-1701020705,HUC-170102070503,72.86,2003,20.47,18.7,20.56,NA,0,36.33,0,0,11.8,0,0.12,0,0.25,0.31,49.78,0,0,0.04,1.24,0.13,9.996549106689999,0,10.78,134.00685034211676,0,929.4163864239999,4.07968154486,0,0,15.91825787353812,0,0,0.1064,0,0,871.6338,-1.8429641180400003,0,70.2212,0,0.6186764670208379,0,0.284,0,182.88,0,3.8748109865579665,0,0,0,89.22,35.87698379191537
Lower MacDonald Creek,22957903,-113.997184,48.525536,2334202,2001-03-01 21:00:00,Medium,787031,McDonald Creek,2.333,17010207000384,With Digitized,120049073,ArtificialPath,55800,0.0253679039914285,3,4,4,50007185,50007184,50018126,50017918,1804.3,50001315,327.486,0,0,0,3,50017918,50018342,50017918,0,1,50017918,0,100,0,0,0,2.8332,459.8946,459.8946,0,0.108498698652,StreamRiver,1084.87320347,NA,-9998,95620,96645,96645,1e-05,0, ,2.333,396.324,0.81587,402.542,0.81651,402.542,0.81651,58.389,0.49195,153.191,0.6126,153.191,0.6126,29.26,0.43558,106.395,0.55906,106.395,0.55906,65.542,0.50356,126.219,0.58287,126.219,0.58287,291.768,0.7397,322.589,0.76014,322.589,0.76014,669.771,0.97892,769.92,1.02538,769.92,1.02538,823.217,1.05655,936.735,1.10407,936.735,1.10407,787.472,1.03912,578.017,0.92413,578.017,0.92413,685.916,0.98746,352.868,0.78219,352.868,0.78219,559.885,0.91806,343.124,0.77519,343.124,0.77519,433.271,0.84046,333.33,0.76807,333.33,0.76807,237.306,0.69488,253.815,0.70614,253.815,0.70614,116.76,0.5736,202.982,0.66163,202.982,0.66163,NA,NA,NA,17b,17,1,HUC-17,HUC-1701,HUC-170102,HUC-17010207,HUC-1701020705,HUC-170102070505,31.3921,2003,10.13,6.85,8,NA,7.08,37.67,0.02,0.14,8.5,0.01,0.02,0.5,0.81,6.53,37.96,0.01,0.03,0.01,0.64,0.06,8.67538133849,25.09,2.44,118.02343021671264,0,1318.49772869,3.1723598526999996,2.44,0,11.628426500222993,0,0,4.07,0,0,879.1154,-2.33520235414,0,68.3612,0,0.9499798690143868,0,0.2079,0,182.84360070035183,2.44,5.450082733189078,0,7.34,0,60.24,35.58097656959747
Pinchot,22957733,-113.7005555,48.42222,2334123,2001-03-01 21:00:00,Medium,788868,Pinchot Creek,1.407,17010207000316,With Digitized,0,StreamRiver,46006,0.0157005784327246,4,2,2,50007104,50007089,50070722,50070722,1835.638,50001315,23.509,0,0,0,3,50070722,50079035,50036928,0,1,50036928,0,100,0,0,0,1.1322,47.3841,47.3841,0,0.0346959282486, ,1085.59582531,NA,-9998,109637,118922,109637,0.06599147,0, ,1.407,48.212,1.54374,46.387,1.53988,46.387,1.53988,6.917,0.74897,30.286,1.2904,30.286,1.2904,3.449,0.61286,23.931,1.17496,23.931,1.17496,3.832,0.63037,12.992,0.93491,12.992,0.93491,25.486,1.189,29.886,1.28349,29.886,1.28349,74.313,1.86281,70.801,1.8499,70.801,1.8499,103.443,2.16124,96.368,2.12409,96.368,2.12409,104.423,2.17054,73.389,1.87957,73.389,1.87957,91.174,2.0411,56.546,1.67644,56.546,1.67644,71.416,1.83034,62.334,1.74909,62.334,1.74909,52.711,1.60367,55.844,1.66739,55.844,1.66739,27.807,1.23071,31.608,1.31293,31.608,1.31293,13.804,0.94427,31.683,1.3142,31.683,1.3142,NA,NA,NA,17b,17,1,HUC-17,HUC-1701,HUC-170102,HUC-17010207,HUC-1701020703,HUC-170102070306,0,2003,0,0,0,0,11.1,60.83,0,0.09,1,0.01,0,0.06,0.75,0.02,26.07,0,0,0,0,0.07,7.2193374642600014,4.11,0,111.6176098311459,0,1531.3776721,2.1826955523800002,0,0,10.12595111018253,0,0,7.7146,0,0,881,-2.85759399751,0,67.4633,0,1.0875783015821765,0,0.1938,0,182.88,6.07,5.812895971433456,0,0,0,89.82,34.646512564341194
Upper MacDonald Creek,22957933,-113.8669444,48.63527778,2334967,2001-03-01 21:00:00,Medium,787031,McDonald Creek,1.13,17010207131148,With Digitized,22961759,ArtificialPath,55800,0.013621063438497,3,4,4,50007200,50007199,50021932,50017918,1821.343,50001315,211.674,0,0,0,3,50017918,50022286,50017918,0,1,50021603,0,100,0,0,0,4.6242,287.7372,287.7372,0,41.8962145743,LakePond,1622.19047187,NA,-9998,96227,97181,96645,0.00474336,0, ,1.13,308.2,-9998,311.019,-9998,311.019,-9998,51.469,-9998,139.189,-9998,139.189,-9998,25.806,-9998,97.466,-9998,97.466,-9998,31.577,-9998,70.331,-9998,70.331,-9998,145.624,-9998,163.73,-9998,163.73,-9998,435.398,-9998,482.428,-9998,482.428,-9998,603.998,-9998,667.068,-9998,667.068,-9998,630.679,-9998,460.723,-9998,460.723,-9998,586.159,-9998,305.97,-9998,305.97,-9998,495.146,-9998,309.92,-9998,309.92,-9998,384.326,-9998,301.108,-9998,301.108,-9998,207.482,-9998,222.764,-9998,222.764,-9998,102.932,-9998,181.902,-9998,181.902,-9998,0.0628091395237,1754031.69742,2.30511502086,17b,17,1,HUC-17,HUC-1701,HUC-170102,HUC-17010207,HUC-1701020705,HUC-170102070502,24.9105,2003,8.22,4.21,6.88,NA,10.64,39.03,0.02,0.22,2.82,0.02,0,0.76,1.2,0.81,43.92,0.01,0.03,0.01,0.44,0.05,7.68277083138,39.58,0,113.23861345352634,0,1537.28185352,2.4426271804599997,3.9,0,10.318667815631764,0,0,3.4306,0,0,879.5435,-2.8018131332599996,0,67.6349,0,1.049391319579116,0,0.1969,0,182.88,3.72,6.01417027412514,0,0.27,0,52.53,35.442254619840604
DS1,2889268,-105.393878,40.039046,1522254,1999-05-27 21:00:00,Medium,178470,Fourmile Creek,4.666,10190005000097,With Digitized,0,StreamRiver,46006,0.0523571661120769,6,2,2,550008838,550008858,550084362,550067758,3855.802,350002977,23.527,0,0,0,6,550067758,550099088,550067758,0,1,550074683,0,100,0,0,0,8.0316,41.4918,41.4918,0,0.139428802349, ,37.8453240689,NA,-9998,200680,219187,201169,0.03861551,0, ,4.666,6.23,1.25077,10.258,1.28962,8.073,1.27076,2.429,0.87989,3.014,0.82045,1.903,0.75516,2.247,0.85673,3.064,0.82494,2.022,0.76979,0.565,0.57183,2.96,0.81555,2.195,0.79035,10.876,1.57522,24.127,1.85366,19.372,1.84017,19.484,2.03491,27.964,1.97963,25.165,2.06846,15.424,1.83344,27.73,1.97219,22.243,1.9568,11.896,1.63698,19.802,1.69977,12.622,1.52852,7.018,1.3123,7.857,1.16007,5.087,1.06147,4.161,1.06898,7.829,1.15846,4.614,1.02343,2.947,0.94166,9.751,1.26356,5.852,1.11962,1.504,0.75146,5.563,1.0174,3.746,0.94852,2.739,0.91752,3.376,0.85223,2.098,0.77892,NA,NA,NA,10c,10L,1,HUC-10,HUC-1019,HUC-101900,HUC-10190005,HUC-1019000504,HUC-101900050403,16.3095,2010,5.67,2.74,5.66,NA,0,69.02,0,1.34,13.07,0,0.18,0.1,0.03,0.18,13.15,0,0.46,0.07,1.64,0.76,11.6916389047,0,0,108.31129408702442,0,603.858941801,5.152214219509999,0,0,11.904145156392346,0,0,0.0885,0,0,91,-1.39254782421,0,68.4323,0,0.5266411435512559,0,0.2155,0,173.81440544878745,0,12.842507049585702,100,0,0,0,57.78819964426706
DS2,2889346,-105.364823,40.041668,1522252,1999-05-27 21:00:00,Medium,178470,Fourmile Creek,6.75,10190005000096,With Digitized,0,StreamRiver,46006,0.0702056934085644,6,2,2,550008858,550008861,550074683,550067758,3849.052,350002977,35.025,0,0,0,6,550067758,550084362,550067758,0,1,550067758,1.25598,100,0,0,0,14.9211,62.9001,62.9001,0,0.195826711947, ,37.6494973569,NA,-9998,174832,201169,174884,0.03894074,0, ,6.75,7.064,1.32254,11.471,1.36316,5.976,1.30889,3.268,0.98189,3.967,0.90858,1.172,0.72964,3.047,0.95731,4.035,0.91402,1.412,0.77345,1.064,0.67955,4.885,0.97873,2.96,0.99736,12.568,1.68549,27.037,1.97134,15.073,1.94358,22.226,2.17236,31.393,2.10861,24.349,2.41782,17.045,1.92734,30.191,2.07168,16.385,2.01768,12.955,1.70785,21.281,1.77283,3.217,1.02851,7.899,1.38453,8.647,1.21618,1.679,0.81824,4.847,1.13871,9.016,1.23655,0.928,0.68053,3.523,1.00931,11.216,1.35064,1.407,0.77257,1.792,0.79792,6.409,1.0827,1.839,0.84349,3.715,1.02934,4.498,0.94998,1.282,0.7502,NA,NA,NA,10c,10L,1,HUC-10,HUC-1019,HUC-101900,HUC-10190005,HUC-1019000504,HUC-101900050403,27.1144,2010,9.23,5.64,8.98,NA,0,64.12,0,0.9,18.92,0,0.12,0.07,0.09,0.13,12.81,0,0.55,0.08,1.61,0.6,12.8736329074,0,0,91.90476541372749,0,583.661642675,6.17392272385,0,0,12.658438667029145,0,0,0.0599,0,0,91,-0.530736380767,0,68.2947,0,0.773287641832048,0,0.234,0,175.29743221393926,0,12.82314083761393,100,0,0,0,57.2239805978051
DS3,2889356,-105.324566,40.0155,1522253,1999-05-27 21:00:00,Medium,178470,Fourmile Creek,0.086,10190005000096,With Digitized,0,StreamRiver,46006,0.000839836348950187,6,2,2,550008861,550008864,550067758,550067758,3848.966,350002977,35.111,0,0,0,5,550067758,550074683,550023265,0,1,550029678,0,1.25598,0,0,0,0.0054,62.9055,62.9055,0,0.00565833426349, ,37.6438390226,NA,-9998,174700,174884,174884,1e-05,1, ,0.086,7.064,0.58081,11.471,0.59172,5.976,0.57714,3.268,0.4893,3.968,0.46963,1.172,0.42155,3.047,0.4827,4.035,0.47107,1.412,0.43331,1.064,0.40809,4.886,0.48847,2.96,0.49346,12.568,0.6783,27.037,0.75508,15.074,0.74764,22.226,0.80908,31.393,0.79196,24.35,0.87503,17.045,0.74326,30.191,0.78204,16.385,0.76753,12.955,0.68431,21.281,0.70176,3.217,0.50182,7.899,0.59746,8.647,0.55224,1.679,0.44534,4.847,0.53142,9.016,0.55771,0.928,0.40835,3.523,0.49667,11.216,0.58835,1.407,0.43308,1.792,0.43988,6.41,0.5164,1.84,0.45217,3.716,0.50208,4.498,0.48073,1.282,0.42707,NA,NA,NA,10c,10L,1,HUC-10,HUC-1019,HUC-101900,HUC-10190005,HUC-1019000504,HUC-101900050403,27.1121,2010,9.23,5.64,8.98,NA,0,64.11,0,0.9,18.92,0,0.12,0.07,0.09,0.13,12.81,0,0.55,0.09,1.61,0.6,12.8740021467,0,0,91.90198798197297,0,583.656753905,6.174203149609999,0,0,12.658551255454615,0,0,0.0599,0,0,91,-0.530544437988,0,68.2946,0,0.7733302811359897,0,0.234,0,175.29767021961513,0,12.823153444452396,100,0,0,0,57.2239098647972
US1,2889272,-105.439101,40.036103,1522255,1999-05-27 21:00:00,Medium,178470,Fourmile Creek,4.359,10190005000098,With Digitized,0,StreamRiver,46006,0.0504488972800904,6,2,2,550008840,550008838,550099088,550067758,3860.468,350002977,15.375,0,0,0,6,550067758,550197303,550067758,0,1,550084362,0,100,0,0,0,12.0897,29.2743,29.2743,0,0.135304120314, ,37.9847528712,NA,-9998,219187,235193,219187,0.03671943,0, ,4.359,5.42,1.18603,9.062,1.22334,9.062,1.22334,1.942,0.81728,2.45,0.76522,2.45,0.76522,1.776,0.7937,2.478,0.76799,2.478,0.76799,0.394,0.52655,2.224,0.74234,2.224,0.74234,9.127,1.46583,21.016,1.73856,21.016,1.73856,16.245,1.8804,23.837,1.83748,23.837,1.83748,13.691,1.74392,25.057,1.87855,25.057,1.87855,10.794,1.57366,18.241,1.63496,18.241,1.63496,6.291,1.25831,7.19,1.11755,7.19,1.11755,3.653,1.02015,6.943,1.10267,6.943,1.10267,2.619,0.90487,8.887,1.21392,8.887,1.21392,1.34,0.72627,5.066,0.98027,5.066,0.98027,2.168,0.84791,2.709,0.79026,2.709,0.79026,NA,NA,NA,10c,10L,1,HUC-10,HUC-1019,HUC-101900,HUC-10190005,HUC-1019000504,HUC-101900050403,0,2010,0,0,0,NA,0,80.34,0,1.23,1.85,0,0.21,0.14,0.02,0.25,12.65,0.01,0.56,0.08,1.78,0.88,10.947398726500001,0,0,124.56904510099302,0,628.312815387,4.50001216137,0,0,11.236687982291636,0,0,0.1016,0,0,91,-1.9525278030700002,0,68.437,0,0.2787259814922987,0,0.201,0,172.4219931134135,0,12.78929842899745,100,0,0,0,58.24072708826513
Crane Creek,11750409,-83.093596,34.937946,311777,1999-07-06 21:00:00,Medium, , ,4.253,03060101000492,With Digitized,0,StreamRiver,46006,0.0414661021029408,7,2,2,250085676,250085680,250074427,250048767,558.803,250003618,5.713,0,0,0,7,250048767,250098393,250048767,0,1,250062052,0,100,0,0,0,2.8863,3.8925,3.8925,0,0.154125976385, ,299.930202631,NA,-9998,35090,68384,35177,0.078079,0, ,4.253,5.323,1.04026,6.044,1.04783,6.044,1.04783,7.669,1.19686,6.585,1.08227,6.585,1.08227,7.2,1.16758,6.642,1.08582,6.642,1.08582,7.74,1.20122,7.363,1.12955,7.363,1.12955,5.83,1.07649,5.862,1.03592,5.862,1.03592,5.348,1.04208,5.706,1.02558,5.706,1.02558,3.65,0.90738,4.801,0.96273,4.801,0.96273,2.698,0.81857,4.423,0.93485,4.423,0.93485,2.982,0.84642,6.384,1.06964,6.384,1.06964,3.995,0.93681,13.444,1.43888,13.444,1.43888,4.32,0.96346,17.881,1.62373,17.881,1.62373,5.898,1.08123,14.696,1.49362,14.696,1.49362,6.535,-9998,7.217,-9998,7.217,-9998,NA,NA,NA,03b,03N,1,HUC-03,HUC-0306,HUC-030601,HUC-03060101,HUC-0306010103,HUC-030601010301,0,1978,NA,NA,NA,0,0,5.27,0,47.95,0,0,0,0,42.68,0,0,0,0.12,0,3.98,0,19.4277678354,0,0,103.9273803468208,0,1869.82195423,13.536256079700001,0,0,19.032587283237,0,0,0.0622,0,0,1076.6185,7.6410583909600005,0,66.9644,0,0.6079699421965318,0,0.2456,0,174.3762289017341,0,7.067653179190753,24.67,0,0,75.33,46.72502196531793
Wash Branch,11750421,-83.0922,34.920959,311776,1999-07-06 21:00:00,Medium, , ,1.084,03060101000491,With Digitized,0,StreamRiver,46006,0.0106065448644046,7,2,2,250085680,250085684,250062052,250048767,557.719,250003618,10.636,0,0,0,7,250048767,250074427,250048767,0,1,250054254,0,100,0,0,0,2.5506,8.739,8.739,0,0.0412031815646, ,299.88899945,NA,-9998,33205,35177,33373,0.01664206,0, ,1.084,11.096,0.99353,12.243,0.99901,12.243,0.99901,16.445,1.15272,13.843,1.04556,13.843,1.04556,15.608,1.12962,14.099,1.05276,14.099,1.05276,16.73,1.16045,15.517,1.09162,15.517,1.09162,12.495,1.03812,12.347,1.00212,12.347,1.00212,11.176,0.99614,11.6,0.9795,11.6,0.9795,7.343,0.85866,9.561,0.91403,9.561,0.91403,5.16,0.76465,8.32,0.87093,8.32,0.87093,5.646,0.78698,12.223,0.99841,12.223,0.99841,7.766,0.87527,24.113,1.29819,24.113,1.29819,8.728,0.91153,31.302,1.44528,31.302,1.44528,12.209,1.0292,25.673,1.33169,25.673,1.33169,13.875,-9998,14.359,-9998,14.359,-9998,NA,NA,NA,03b,03N,1,HUC-03,HUC-0306,HUC-030601,HUC-03060101,HUC-0306010103,HUC-030601010301,NA,1978,NA,NA,NA,0,0,5.57,0,45.18,0.11,0,0,0,43.92,0,0,0,0.09,0,5.12,0,19.89976678,0,0,107.1367270854789,0,1790.14124474,13.930379831400002,0,0,20.119324407826984,0,0,1.6127,0,0,968.0682,7.9563927872399995,0,67.4125,0,0.5765355303810504,0,0.2478,0,172.58311431513906,0,6.653944387229661,54.52,0,0,45.48,47.123381050463436
Site_1,8943655,-120.062,38.868,2276612,1999-06-15 21:00:00,Medium,256258,Angora Creek,2.309,16050101000130,With Digitized,0,StreamRiver,46006,0.0249265664755238,6,1,1,800012583,800012565,800035988,800027378,275.396,800001173,3.073,0,0,0,6,800027378,800043350,800027378,0,1,800031024,0,82.87347,0,0,0,1.5282,2.7135,2.7135,0,0.0864002075995, ,91282.3287485,NA,-9998,195115,224981,195115,0.12934603,0, ,2.309,2.653,1.01876,2.476,1.0148,2.476,1.0148,2.349,0.9743,10.757,1.84939,10.757,1.84939,2.493,0.99568,10.873,1.85819,10.873,1.85819,3.167,1.0888,7.664,1.59551,7.664,1.59551,3.525,1.13447,4.402,1.26724,4.402,1.26724,4.446,1.24283,4.599,1.2898,4.599,1.2898,4.455,1.24384,3.518,1.15964,3.518,1.15964,3.465,1.12697,2.054,0.94807,2.054,0.94807,1.797,0.88601,1.115,0.77085,1.115,0.77085,0.947,0.71946,0.96,0.73552,0.96,0.73552,0.666,0.64938,1.193,0.78776,1.193,0.78776,2.186,0.94935,3.817,1.19732,3.817,1.19732,2.359,0.97581,6.886,1.52439,6.886,1.52439,NA,NA,NA,16a,16,1,HUC-16,HUC-1605,HUC-160501,HUC-16050101,HUC-1605010103,HUC-160501010303,0,2007,0,0,0,0,3.55,27.83,0,0,0,0,0,0,0,2.85,63.95,0,0.3,0,1.53,0,12.671667163499999,0,0,150.84103482587062,0,1148.1865798000001,6.1900935336,38.97,0,5.793243781094527,0,0,0.0535,0,0,539,-0.295839798404,0,66.996,0,2.4691376451077938,0,0.1553,0,173.81605638474298,0,9.48546600331675,61.03,0,0,0,70.28957545605307
Site_2,8943617,-120.041,38.88,2276611,1999-06-15 21:00:00,Medium,256258,Angora Creek,2.186,16050101000129,With Digitized,0,StreamRiver,46006,0.0230118873684827,6,2,2,800012565,800012566,800031024,800027378,273.21,800001173,7.72,0,0,0,6,800027378,800035988,800027378,0,1,800027378,0,100,0,0,0,3.0312,8.0658,8.0658,0,0.0885657977521, ,91282.2401827,NA,-9998,191806,195115,191921,0.01461116,0, ,2.186,6.585,0.94409,5.761,0.93725,5.761,0.93725,6.526,0.94106,16.511,1.40833,16.511,1.40833,7.802,1.004,15.834,1.38414,15.834,1.38414,10.277,1.11359,14.426,1.33224,14.426,1.33224,11.378,1.15831,11.423,1.2129,11.423,1.2129,12.386,1.19749,12.782,1.26853,12.782,1.26853,9.35,1.07417,7.811,1.04758,7.811,1.04758,6.086,0.91804,3.539,0.79388,3.539,0.79388,3.151,0.7382,1.832,0.65064,1.832,0.65064,1.686,0.61675,1.503,0.61649,1.503,0.61649,1.237,0.57,1.795,0.64695,1.795,0.64695,3.618,0.77093,5.162,0.90164,5.162,0.90164,5.584,0.8908,10.656,1.18012,10.656,1.18012,NA,NA,NA,16a,16,1,HUC-16,HUC-1605,HUC-160501,HUC-16050101,HUC-1605010103,HUC-160501010303,76.4673,2007,38.19,11.93,16.63,NA,1.19,18.28,0,0,0.04,0,1.06,0,0,0.96,68.52,0,4.49,0.25,4.23,0.98,13.6319057506,0,0,151.20188797143499,0,995.109503834,6.433542302239999,78.32,0,6.92437960276724,0,0,11.7127,0,0,539,-0.769946257402,0,68.3568,0,2.1732135683999108,0,0.1636,0,161.979610577996,0,11.391510823476901,21.68,0,0,0,69.37771925909395
Site_3,8943617,-120.03,38.879,2276611,1999-06-15 21:00:00,Medium,256258,Angora Creek,2.186,16050101000129,With Digitized,0,StreamRiver,46006,0.0230118873684827,6,2,2,800012565,800012566,800031024,800027378,273.21,800001173,7.72,0,0,0,6,800027378,800035988,800027378,0,1,800027378,0,100,0,0,0,3.0312,8.0658,8.0658,0,0.0885657977521, ,91282.2401827,NA,-9998,191806,195115,191921,0.01461116,0, ,2.186,6.585,0.94409,5.761,0.93725,5.761,0.93725,6.526,0.94106,16.511,1.40833,16.511,1.40833,7.802,1.004,15.834,1.38414,15.834,1.38414,10.277,1.11359,14.426,1.33224,14.426,1.33224,11.378,1.15831,11.423,1.2129,11.423,1.2129,12.386,1.19749,12.782,1.26853,12.782,1.26853,9.35,1.07417,7.811,1.04758,7.811,1.04758,6.086,0.91804,3.539,0.79388,3.539,0.79388,3.151,0.7382,1.832,0.65064,1.832,0.65064,1.686,0.61675,1.503,0.61649,1.503,0.61649,1.237,0.57,1.795,0.64695,1.795,0.64695,3.618,0.77093,5.162,0.90164,5.162,0.90164,5.584,0.8908,10.656,1.18012,10.656,1.18012,NA,NA,NA,16a,16,1,HUC-16,HUC-1605,HUC-160501,HUC-16050101,HUC-1605010103,HUC-160501010303,76.4673,2007,38.19,11.93,16.63,NA,1.19,18.28,0,0,0.04,0,1.06,0,0,0.96,68.52,0,4.49,0.25,4.23,0.98,13.6319057506,0,0,151.20188797143499,0,995.109503834,6.433542302239999,78.32,0,6.92437960276724,0,0,11.7127,0,0,539,-0.769946257402,0,68.3568,0,2.1732135683999108,0,0.1636,0,161.979610577996,0,11.391510823476901,21.68,0,0,0,69.37771925909395
Site_4,8943621,-120.013,38.873,2276492,1999-06-15 21:00:00,Medium,236928,Upper Truckee River,0.525,16050101000012,With Digitized,0,StreamRiver,46006,0.00594791573440588,5,3,3,800012567,800012563,800012042,800007273,271.279,800001173,93.656,0,0,0,5,800007273,800012532,800007273,0,1,800011163,0,100,0,0,0,0.2178,126.4671,126.4671,0,0.0291580623611, ,91282.1493033,NA,-9998,191496,191496,191496,1e-05,0, ,0.525,116.51,0.68766,83.17,0.67744,102.384,0.68371,86.553,0.63229,48.819,0.58651,62.468,0.5971,91.572,0.64213,35.641,0.54372,48.403,0.56053,124.878,0.70189,55.201,0.60526,80.778,0.63932,148.233,0.73939,92.251,0.69832,146.743,0.76276,189.327,0.7992,194.188,0.88733,346.171,1.02509,195.65,0.80783,205.905,0.90562,292.225,0.96342,170.511,0.77266,88.61,0.69007,106.274,0.69122,103.265,0.66412,40.007,0.55861,21.169,0.47091,56.624,0.56695,22.965,0.49473,12.421,0.43084,47.359,0.54354,19.962,0.48137,10.476,0.42025,94.027,0.64685,36.34,0.54616,19.086,0.46222,91.197,0.6414,43.876,0.57118,25.877,0.4892,NA,NA,NA,16a,16,1,HUC-16,HUC-1605,HUC-160501,HUC-16050101,HUC-1605010103,HUC-160501010303,7.0197,2007,2.98,1.28,1.77,NA,1.64,52.7,0,0.03,0.16,0,1.81,0,0.02,1.5,34.11,0.05,3.08,0.49,2.45,1.96,12.0908167518,0,0,96.49499533816251,0,1178.69333187,5.58119887156,27.75,0,5.3624480384422295,0,0,5.9741,0,0,544.7302,-0.9329272740200001,0,67.3658,0,2.123306964067991,0,0.1165,0,174.03587965287244,0,22.869629491501108,72.25,0,0,0,72.41352320160655
B1,2899747,-105.45421,40.63763,1523975,1999-05-27 21:00:00,Medium,177166,Pendergrass Creek,4.967,10190007000447,With Digitized,0,StreamRiver,46006,0.0488329638299031,6,1,1,550009783,550009733,550124323,550124323,3878.231,350002977,7.541,0,0,0,5,550124323,550196783,550038427,0,1,550038427,0,65.96198,0,0,0,8.5752,13.1454,13.1454,0,0.16266101576, ,38.1522439933,NA,-9998,211697,249594,211697,0.07629756,1, ,4.967,2.067,1.11783,3.843,1.15953,3.843,1.15953,0.395,0.64454,0.56,0.61446,0.56,0.61446,0.368,0.63213,0.598,0.62532,0.598,0.62532,0.112,0.48053,0.822,0.68365,0.822,0.68365,3.081,1.30893,8.939,1.64091,8.939,1.64091,8.876,2.06325,14.019,2.00057,14.019,2.00057,5.672,1.69187,11.84,1.85539,11.84,1.85539,3.137,1.31855,6.421,1.42623,6.421,1.42623,1.728,1.04439,2.523,0.98909,2.523,0.98909,1.089,0.88436,2.268,0.95165,2.268,0.95165,0.603,0.7292,2.81,1.02917,2.81,1.02917,0.288,0.59262,1.461,0.81768,1.461,0.81768,0.391,0.64273,0.54,0.60861,0.54,0.60861,NA,NA,NA,10c,10L,1,HUC-10,HUC-1019,HUC-101900,HUC-10190007,HUC-1019000701,HUC-101900070105,100,2002_2012,56.78,13.88,25.98,NA,0,7.56,0,0.05,60.88,0,0.01,0,0.16,0,30.83,0,0,0,0.01,0.51,11.2868423833,0,0,130.17000000000002,0,561.6649461430001,4.5353038129500005,0,0,10.61,0,0,0.1549,0,0,39.1054,-2.221087161,0,66.9965,0,0.19,0,0.1979,0,171.45000000000005,0,12.97,100,0,0,0,58.54658017253184
B2,190641,-105.22692,39.26458,1520090,1999-05-31 21:00:00,Medium,183517,Brush Creek,3.006,10190002000361,With Digitized,0,StreamRiver,46006,0.0314614289309334,4,1,1,550000859,550000860,550126370,550126370,3938.61,350002977,5,0,0,0,3,550126370,550201899,550000622,0,1,550017935,0,60.09606,0,0,0,2.6532,6.129,6.129,0,0.118082772909, ,53.9179297208,NA,-9998,194423,220924,194439,0.08810711,1, ,3.006,0.205,0.9215,0.493,0.96666,0.493,0.96666,0.138,0.80529,0.212,0.72891,0.212,0.72891,0.256,0.99827,0.43,0.92056,0.43,0.92056,0.177,0.8755,1.18,1.35474,1.18,1.35474,0.492,1.28435,2.111,1.73337,2.111,1.73337,0.435,1.22258,0.991,1.26211,0.991,1.26211,0.275,1.025,0.904,1.21669,0.904,1.21669,0.335,1.10418,0.971,1.25184,0.971,1.25184,0.343,1.11421,0.681,1.08985,0.681,1.08985,0.172,0.86694,0.414,0.90836,0.414,0.90836,0.143,0.81477,0.912,1.22095,0.912,1.22095,0.082,0.68529,0.53,0.99245,0.53,0.99245,0.228,0.95711,0.326,0.83686,0.326,0.83686,NA,NA,NA,10c,10L,1,HUC-10,HUC-1019,HUC-101900,HUC-10190002,HUC-1019000204,HUC-101900020407,90.3084,2002_2012,38.06,9.93,22.73,NA,0,28.34,0,0,51.73,0,0,0,0,0,18.38,0,0.03,0.04,1.47,0,15.1575861658,0,0,48.7,0,502.32296909,6.99432171781,0,0,8.84,0,0,2e-4,0,0,106,-1.17357018294,0,64.5137,0,0.66,0,0.19,0,170.33,0,26.69,100,0,0,0,64.58868869309839
B3,190845,-105.22988,39.1869,1520425,1999-05-31 21:00:00,Medium,183714,Fourmile Creek,6.156,10190002000687,With Digitized,0,StreamRiver,46006,0.0593031552574507,4,1,1,550000922,550000895,550126350,550100127,3947.398,350002977,7.156,0,0,0,4,550100127,550201941,550100127,0,1,550100127,0,85.99419,0,0,0,10.0305,11.5452,11.5452,0,0.230516488225, ,54.1593540124,NA,-9998,221425,252026,221695,0.04927063,0, ,6.156,0.526,0.9713,1.138,1.01407,1.138,1.01407,0.257,0.76159,0.377,0.70088,0.377,0.70088,0.395,0.87778,0.638,0.82737,0.638,0.82737,0.314,0.81245,1.858,1.22389,1.858,1.22389,1.17,1.32189,4.17,1.71472,4.17,1.71472,1.466,1.45083,2.882,1.46422,2.882,1.46422,0.887,1.1833,2.443,1.36711,2.443,1.36711,0.837,1.15676,2.104,1.28638,2.104,1.28638,0.752,1.10986,1.285,1.06109,1.285,1.06109,0.349,0.84155,0.794,0.8913,0.794,0.8913,0.31,0.80903,1.668,1.17292,1.668,1.17292,0.17,0.67229,0.953,0.95062,0.953,0.95062,0.375,0.86228,0.52,0.77397,0.52,0.77397,NA,NA,NA,10c,10L,1,HUC-10,HUC-1019,HUC-101900,HUC-10190002,HUC-1019000204,HUC-101900020406,100,2002_2012,64.15,9.28,18.59,NA,0,12.78,0,0,65.3,0,0.19,0,0.09,0,20.62,0,0.02,0,0.05,0.95,14.4941287023,0,0,48.7,0,521.233878386,6.54662546696,0,0,8.84,0,0,2e-4,0,0,106,-1.4059813180200003,0,59.2659,0,0.66,0,0.19,0,170.33,0,26.69,100,0,0,0,64.59
U1,2899323,-105.539788,40.697022,1524783,2009-07-06 21:00:00,Medium, , ,1.535,10190007001492,With Digitized,0,StreamRiver,46006,0.0158204249692905,5,2,2,550009674,550009654,550124343,550124343,3885.145,350002977,7.712,0,0,0,4,550124343,550196837,550017196,0,1,550026198,0,100,0,0,0,1.188,7.8615,7.8615,0,0.0597146535655, ,38.2815583036,NA,-9998,213124,224795,213124,0.07603257,1, ,1.535,0.207,0.93038,0.497,0.97611,0.497,0.97611,0.131,0.79623,0.201,0.72127,0.201,0.72127,0.141,0.81566,0.252,0.77395,0.252,0.77395,0.081,0.68632,0.638,1.07081,0.638,1.07081,0.402,1.1932,1.801,1.63123,1.801,1.63123,0.665,1.4643,1.441,1.48351,1.441,1.48351,0.395,1.18498,1.228,1.38782,1.228,1.38782,0.323,1.09615,0.942,1.24606,0.942,1.24606,0.272,1.02744,0.565,1.02317,0.565,1.02317,0.23,0.96617,0.54,1.00619,0.54,1.00619,0.105,0.74215,0.717,1.11956,0.717,1.11956,0.005,0.39452,0.055,0.51586,0.055,0.51586,0.117,0.76781,0.174,0.69083,0.174,0.69083,NA,NA,NA,10c,10L,1,HUC-10,HUC-1019,HUC-101900,HUC-10190007,HUC-1019000702,HUC-101900070210,0,2002_2012,0,0,0,NA,0,81.76,0,2.74,0.32,0,0,0,0,0,14.56,0,0.05,0.01,0.06,0.5,12.178101110799998,0,0,79.71012020606754,0,453.022517821,5.19793165695,0,0,15.639439038351457,0,0,0.2663,0,0,39,-1.7862569261099996,0,63.4568,0,0.7244419004006869,0,0.2763,0,179.67410417859188,0,13.265002862049228,100,0,0,0,49.45477046365197
U2,11058,-105.3528,40.56558,NA,NA,NA,NA,NA,NA,NA,NA,NA,NA,NA,NA,NA,NA,NA,NA,NA,NA,NA,NA,NA,NA,NA,NA,NA,NA,NA,NA,NA,NA,NA,NA,NA,NA,NA,NA,NA,NA,NA,NA,NA,NA,NA,NA,NA,NA,NA,NA,NA,NA,NA,NA,NA,NA,NA,NA,NA,NA,NA,NA,NA,NA,NA,NA,NA,NA,NA,NA,NA,NA,NA,NA,NA,NA,NA,NA,NA,NA,NA,NA,NA,NA,NA,NA,NA,NA,NA,NA,NA,NA,NA,NA,NA,NA,NA,NA,NA,NA,NA,NA,NA,NA,NA,NA,NA,NA,NA,NA,NA,NA,NA,NA,NA,NA,NA,NA,NA,NA,NA,NA,NA,NA,NA,NA,NA,NA,NA,NA,NA,NA,NA,NA,NA,NA,NA,NA,NA,NA,NA,NA,NA,NA,NA,0,2002_2012,0,0,0,NA,0,92.11,0,2.87,0.17,0,0.22,0,0.06,0,2.78,0,0,0,0.07,1.72,11.1319499779,0,0,129.75728239051097,0,576.807514941,4.53439513936,0,0,10.65113640510949,0,0,0.1159,0,0,48,-2.06878404287,0,67.6019,0,0.19452919708029195,0,0.1916,0,171.51726596715332,0,12.972412864963506,100,0,0,0,58.502510948905105
U3,190549,-105.23735,39.31629,NA,NA,NA,NA,NA,NA,NA,NA,NA,NA,NA,NA,NA,NA,NA,NA,NA,NA,NA,NA,NA,NA,NA,NA,NA,NA,NA,NA,NA,NA,NA,NA,NA,NA,NA,NA,NA,NA,NA,NA,NA,NA,NA,NA,NA,NA,NA,NA,NA,NA,NA,NA,NA,NA,NA,NA,NA,NA,NA,NA,NA,NA,NA,NA,NA,NA,NA,NA,NA,NA,NA,NA,NA,NA,NA,NA,NA,NA,NA,NA,NA,NA,NA,NA,NA,NA,NA,NA,NA,NA,NA,NA,NA,NA,NA,NA,NA,NA,NA,NA,NA,NA,NA,NA,NA,NA,NA,NA,NA,NA,NA,NA,NA,NA,NA,NA,NA,NA,NA,NA,NA,NA,NA,NA,NA,NA,NA,NA,NA,NA,NA,NA,NA,NA,NA,NA,NA,NA,NA,NA,NA,NA,NA,0,2002_2012,0,0,0,0,0.06,82.28,0,0.64,6.35,0,0.04,0,0,0,8.29,0,0.41,0.04,1.67,0.21,14.7280396216,0,0,49.40992998179527,0,533.7376668769999,6.82779835379,0,0,9.222269990197454,0,0,2e-4,0,0,106,-1.0764209205600002,0,65.0517,0,0.7970816412267189,0,0.2129,0,173.59359753535918,0,27.34531998319564,100,0,0,0,63.558565326985025
Camas Creek,23075361,-120.291846,48.035327,NA,NA,NA,NA,NA,NA,NA,NA,NA,NA,NA,NA,NA,NA,NA,NA,NA,NA,NA,NA,NA,NA,NA,NA,NA,NA,NA,NA,NA,NA,NA,NA,NA,NA,NA,NA,NA,NA,NA,NA,NA,NA,NA,NA,NA,NA,NA,NA,NA,NA,NA,NA,NA,NA,NA,NA,NA,NA,NA,NA,NA,NA,NA,NA,NA,NA,NA,NA,NA,NA,NA,NA,NA,NA,NA,NA,NA,NA,NA,NA,NA,NA,NA,NA,NA,NA,NA,NA,NA,NA,NA,NA,NA,NA,NA,NA,NA,NA,NA,NA,NA,NA,NA,NA,NA,NA,NA,NA,NA,NA,NA,NA,NA,NA,NA,NA,NA,NA,NA,NA,NA,NA,NA,NA,NA,NA,NA,NA,NA,NA,NA,NA,NA,NA,NA,NA,NA,NA,NA,NA,NA,NA,NA,NA,1970,NA,NA,NA,0,0,32.54,0,0,23.95,0,0,0,0,0,40.56,1.57,0.94,0.05,0.39,0,11.1638613165,0,0,142.6529453791196,0,626.354627804,6.062999515669999,0,0,7.973355611892141,0,0,0.0331,0,0,777,0.9573068514659999,0,71,0,0.5531481908273795,0,0.2813,0,182.88,0,17.713579165706385,100,0,0,0,59.9761004839825
Grade Creek,23074473,-120.255581,48.02142,NA,NA,NA,NA,NA,NA,NA,NA,NA,NA,NA,NA,NA,NA,NA,NA,NA,NA,NA,NA,NA,NA,NA,NA,NA,NA,NA,NA,NA,NA,NA,NA,NA,NA,NA,NA,NA,NA,NA,NA,NA,NA,NA,NA,NA,NA,NA,NA,NA,NA,NA,NA,NA,NA,NA,NA,NA,NA,NA,NA,NA,NA,NA,NA,NA,NA,NA,NA,NA,NA,NA,NA,NA,NA,NA,NA,NA,NA,NA,NA,NA,NA,NA,NA,NA,NA,NA,NA,NA,NA,NA,NA,NA,NA,NA,NA,NA,NA,NA,NA,NA,NA,NA,NA,NA,NA,NA,NA,NA,NA,NA,NA,NA,NA,NA,NA,NA,NA,NA,NA,NA,NA,NA,NA,NA,NA,NA,NA,NA,NA,NA,NA,NA,NA,NA,NA,NA,NA,NA,NA,NA,NA,NA,0,1970,NA,NA,NA,0,0.02,47.3,0,0.1,14.46,0,0,0,0.08,0.03,35.94,0.45,0.4,0.16,0.75,0.31,9.71455260015,0,0,135.0490876867447,0,813.789016893,4.85362052633,0,0,7.984454515177468,0,0,0.0331,0,0,762.896,-0.0129531819812,0,71.0796,0,0.7918731563421829,0,0.2682,0,181.2745932058236,0,11.92168070225521,99.77,0.23,0,0,58.49437244266819
Reference First Rainy Season,15039525,-122.056381,38.451372,NA,NA,NA,NA,NA,NA,NA,NA,NA,NA,NA,NA,NA,NA,NA,NA,NA,NA,NA,NA,NA,NA,NA,NA,NA,NA,NA,NA,NA,NA,NA,NA,NA,NA,NA,NA,NA,NA,NA,NA,NA,NA,NA,NA,NA,NA,NA,NA,NA,NA,NA,NA,NA,NA,NA,NA,NA,NA,NA,NA,NA,NA,NA,NA,NA,NA,NA,NA,NA,NA,NA,NA,NA,NA,NA,NA,NA,NA,NA,NA,NA,NA,NA,NA,NA,NA,NA,NA,NA,NA,NA,NA,NA,NA,NA,NA,NA,NA,NA,NA,NA,NA,NA,NA,NA,NA,NA,NA,NA,NA,NA,NA,NA,NA,NA,NA,NA,NA,NA,NA,NA,NA,NA,NA,NA,NA,NA,NA,NA,NA,NA,NA,NA,NA,NA,NA,NA,NA,NA,NA,NA,NA,NA,0,2015,0,0,0,0,0,32.72,0,0,15.18,0,0,0,6.36,0.02,44.98,0,0.04,0,0.69,0,21.558308347399997,0,0,51.25091001954166,0,835.890783447,14.803920120599999,0,0,25.425763457097172,0,0,0.2171,0,0,295.3981,8.04337304592,0,28.1114,0,0.5603997157576834,0,0.3896,0,182.79783620536503,0,3.1185050630662636,0,0,0,100,25.93128530822526
Reference Second Rainy Season,15039525,-122.056381,38.451372,NA,NA,NA,NA,NA,NA,NA,NA,NA,NA,NA,NA,NA,NA,NA,NA,NA,NA,NA,NA,NA,NA,NA,NA,NA,NA,NA,NA,NA,NA,NA,NA,NA,NA,NA,NA,NA,NA,NA,NA,NA,NA,NA,NA,NA,NA,NA,NA,NA,NA,NA,NA,NA,NA,NA,NA,NA,NA,NA,NA,NA,NA,NA,NA,NA,NA,NA,NA,NA,NA,NA,NA,NA,NA,NA,NA,NA,NA,NA,NA,NA,NA,NA,NA,NA,NA,NA,NA,NA,NA,NA,NA,NA,NA,NA,NA,NA,NA,NA,NA,NA,NA,NA,NA,NA,NA,NA,NA,NA,NA,NA,NA,NA,NA,NA,NA,NA,NA,NA,NA,NA,NA,NA,NA,NA,NA,NA,NA,NA,NA,NA,NA,NA,NA,NA,NA,NA,NA,NA,NA,NA,NA,NA,0,2015,0,0,0,0,0,32.72,0,0,15.18,0,0,0,6.36,0.02,44.98,0,0.04,0,0.69,0,21.558308347399997,0,0,51.25091001954166,0,835.890783447,14.803920120599999,0,0,25.425763457097172,0,0,0.2171,0,0,295.3981,8.04337304592,0,28.1114,0,0.5603997157576834,0,0.3896,0,182.79783620536503,0,3.1185050630662636,0,0,0,100,25.93128530822526
Reference Subsequent Flush,15039525,-122.056381,38.451372,NA,NA,NA,NA,NA,NA,NA,NA,NA,NA,NA,NA,NA,NA,NA,NA,NA,NA,NA,NA,NA,NA,NA,NA,NA,NA,NA,NA,NA,NA,NA,NA,NA,NA,NA,NA,NA,NA,NA,NA,NA,NA,NA,NA,NA,NA,NA,NA,NA,NA,NA,NA,NA,NA,NA,NA,NA,NA,NA,NA,NA,NA,NA,NA,NA,NA,NA,NA,NA,NA,NA,NA,NA,NA,NA,NA,NA,NA,NA,NA,NA,NA,NA,NA,NA,NA,NA,NA,NA,NA,NA,NA,NA,NA,NA,NA,NA,NA,NA,NA,NA,NA,NA,NA,NA,NA,NA,NA,NA,NA,NA,NA,NA,NA,NA,NA,NA,NA,NA,NA,NA,NA,NA,NA,NA,NA,NA,NA,NA,NA,NA,NA,NA,NA,NA,NA,NA,NA,NA,NA,NA,NA,NA,0,2015,0,0,0,0,0,32.72,0,0,15.18,0,0,0,6.36,0.02,44.98,0,0.04,0,0.69,0,21.558308347399997,0,0,51.25091001954166,0,835.890783447,14.803920120599999,0,0,25.425763457097172,0,0,0.2171,0,0,295.3981,8.04337304592,0,28.1114,0,0.5603997157576834,0,0.3896,0,182.79783620536503,0,3.1185050630662636,0,0,0,100,25.93128530822526
Rocky Fire First Rainy Season Initial Flush,8009327,-122.326478,38.923564,NA,NA,NA,NA,NA,NA,NA,NA,NA,NA,NA,NA,NA,NA,NA,NA,NA,NA,NA,NA,NA,NA,NA,NA,NA,NA,NA,NA,NA,NA,NA,NA,NA,NA,NA,NA,NA,NA,NA,NA,NA,NA,NA,NA,NA,NA,NA,NA,NA,NA,NA,NA,NA,NA,NA,NA,NA,NA,NA,NA,NA,NA,NA,NA,NA,NA,NA,NA,NA,NA,NA,NA,NA,NA,NA,NA,NA,NA,NA,NA,NA,NA,NA,NA,NA,NA,NA,NA,NA,NA,NA,NA,NA,NA,NA,NA,NA,NA,NA,NA,NA,NA,NA,NA,NA,NA,NA,NA,NA,NA,NA,NA,NA,NA,NA,NA,NA,NA,NA,NA,NA,NA,NA,NA,NA,NA,NA,NA,NA,NA,NA,NA,NA,NA,NA,NA,NA,NA,NA,NA,NA,NA,NA,12.8141,2015,4.08,3.59,4.16,NA,0.06,5.16,0.8,0.29,46.13,0.46,0.51,0,3.51,7.38,29.13,0.13,1.15,0.54,4.42,0.35,21.402021416700002,0,0,82.21423923441871,0,945.496900537,14.440083426500001,0,0,26.807516686615518,0,0,13.2483,0,6.95,316.555,7.472999961739999,0,38.4296,0,0.8208340064079408,0,0.2983,0,180.2086185369679,14.9,2.4213029989029153,16.25,7,0,54.9,28.830489333351192
Rocky Fire First Rainy Season Subsequent Flush,8009327,-122.326478,38.923564,NA,NA,NA,NA,NA,NA,NA,NA,NA,NA,NA,NA,NA,NA,NA,NA,NA,NA,NA,NA,NA,NA,NA,NA,NA,NA,NA,NA,NA,NA,NA,NA,NA,NA,NA,NA,NA,NA,NA,NA,NA,NA,NA,NA,NA,NA,NA,NA,NA,NA,NA,NA,NA,NA,NA,NA,NA,NA,NA,NA,NA,NA,NA,NA,NA,NA,NA,NA,NA,NA,NA,NA,NA,NA,NA,NA,NA,NA,NA,NA,NA,NA,NA,NA,NA,NA,NA,NA,NA,NA,NA,NA,NA,NA,NA,NA,NA,NA,NA,NA,NA,NA,NA,NA,NA,NA,NA,NA,NA,NA,NA,NA,NA,NA,NA,NA,NA,NA,NA,NA,NA,NA,NA,NA,NA,NA,NA,NA,NA,NA,NA,NA,NA,NA,NA,NA,NA,NA,NA,NA,NA,NA,NA,12.8141,2015,4.08,3.59,4.16,NA,0.06,5.16,0.8,0.29,46.13,0.46,0.51,0,3.51,7.38,29.13,0.13,1.15,0.54,4.42,0.35,21.402021416700002,0,0,82.21423923441871,0,945.496900537,14.440083426500001,0,0,26.807516686615518,0,0,13.2483,0,6.95,316.555,7.472999961739999,0,38.4296,0,0.8208340064079408,0,0.2983,0,180.2086185369679,14.9,2.4213029989029153,16.25,7,0,54.9,28.830489333351192
Rocky Fire Second Rainy Season,8009327,-122.326478,38.923564,NA,NA,NA,NA,NA,NA,NA,NA,NA,NA,NA,NA,NA,NA,NA,NA,NA,NA,NA,NA,NA,NA,NA,NA,NA,NA,NA,NA,NA,NA,NA,NA,NA,NA,NA,NA,NA,NA,NA,NA,NA,NA,NA,NA,NA,NA,NA,NA,NA,NA,NA,NA,NA,NA,NA,NA,NA,NA,NA,NA,NA,NA,NA,NA,NA,NA,NA,NA,NA,NA,NA,NA,NA,NA,NA,NA,NA,NA,NA,NA,NA,NA,NA,NA,NA,NA,NA,NA,NA,NA,NA,NA,NA,NA,NA,NA,NA,NA,NA,NA,NA,NA,NA,NA,NA,NA,NA,NA,NA,NA,NA,NA,NA,NA,NA,NA,NA,NA,NA,NA,NA,NA,NA,NA,NA,NA,NA,NA,NA,NA,NA,NA,NA,NA,NA,NA,NA,NA,NA,NA,NA,NA,NA,12.8141,2015,4.08,3.59,4.16,NA,0.06,5.16,0.8,0.29,46.13,0.46,0.51,0,3.51,7.38,29.13,0.13,1.15,0.54,4.42,0.35,21.402021416700002,0,0,82.21423923441871,0,945.496900537,14.440083426500001,0,0,26.807516686615518,0,0,13.2483,0,6.95,316.555,7.472999961739999,0,38.4296,0,0.8208340064079408,0,0.2983,0,180.2086185369679,14.9,2.4213029989029153,16.25,7,0,54.9,28.830489333351192
Wragg Fire First Rainy Season Initial Flush,15032969,-122.097228,38.512031,NA,NA,NA,NA,NA,NA,NA,NA,NA,NA,NA,NA,NA,NA,NA,NA,NA,NA,NA,NA,NA,NA,NA,NA,NA,NA,NA,NA,NA,NA,NA,NA,NA,NA,NA,NA,NA,NA,NA,NA,NA,NA,NA,NA,NA,NA,NA,NA,NA,NA,NA,NA,NA,NA,NA,NA,NA,NA,NA,NA,NA,NA,NA,NA,NA,NA,NA,NA,NA,NA,NA,NA,NA,NA,NA,NA,NA,NA,NA,NA,NA,NA,NA,NA,NA,NA,NA,NA,NA,NA,NA,NA,NA,NA,NA,NA,NA,NA,NA,NA,NA,NA,NA,NA,NA,NA,NA,NA,NA,NA,NA,NA,NA,NA,NA,NA,NA,NA,NA,NA,NA,NA,NA,NA,NA,NA,NA,NA,NA,NA,NA,NA,NA,NA,NA,NA,NA,NA,NA,NA,NA,NA,NA,70.0648,2015,45.44,6.81,12,NA,0,11.46,0,0,30.87,0,0,0,0.3,0,55.81,0.01,0.11,0.02,1.42,0,21.2148657531,0,0,48.76,0,826.6379380289999,14.543422141099999,0,0,24.62,0,0,0.2173,0,0,304.1241,7.867837160780001,0,29.6645,0,0.59,0,0.39,0,182.88,0,3.37,0,0,0,100,26.94930495836281
Wragg Fire First Rainy Season Subsequent Flush,15032969,-122.097228,38.512031,NA,NA,NA,NA,NA,NA,NA,NA,NA,NA,NA,NA,NA,NA,NA,NA,NA,NA,NA,NA,NA,NA,NA,NA,NA,NA,NA,NA,NA,NA,NA,NA,NA,NA,NA,NA,NA,NA,NA,NA,NA,NA,NA,NA,NA,NA,NA,NA,NA,NA,NA,NA,NA,NA,NA,NA,NA,NA,NA,NA,NA,NA,NA,NA,NA,NA,NA,NA,NA,NA,NA,NA,NA,NA,NA,NA,NA,NA,NA,NA,NA,NA,NA,NA,NA,NA,NA,NA,NA,NA,NA,NA,NA,NA,NA,NA,NA,NA,NA,NA,NA,NA,NA,NA,NA,NA,NA,NA,NA,NA,NA,NA,NA,NA,NA,NA,NA,NA,NA,NA,NA,NA,NA,NA,NA,NA,NA,NA,NA,NA,NA,NA,NA,NA,NA,NA,NA,NA,NA,NA,NA,NA,NA,70.0648,2015,45.44,6.81,12,NA,0,11.46,0,0,30.87,0,0,0,0.3,0,55.81,0.01,0.11,0.02,1.42,0,21.2148657531,0,0,48.76,0,826.6379380289999,14.543422141099999,0,0,24.62,0,0,0.2173,0,0,304.1241,7.867837160780001,0,29.6645,0,0.59,0,0.39,0,182.88,0,3.37,0,0,0,100,26.94930495836281
Wragg Fire Second Rainy Season,15032969,-122.097228,38.512031,NA,NA,NA,NA,NA,NA,NA,NA,NA,NA,NA,NA,NA,NA,NA,NA,NA,NA,NA,NA,NA,NA,NA,NA,NA,NA,NA,NA,NA,NA,NA,NA,NA,NA,NA,NA,NA,NA,NA,NA,NA,NA,NA,NA,NA,NA,NA,NA,NA,NA,NA,NA,NA,NA,NA,NA,NA,NA,NA,NA,NA,NA,NA,NA,NA,NA,NA,NA,NA,NA,NA,NA,NA,NA,NA,NA,NA,NA,NA,NA,NA,NA,NA,NA,NA,NA,NA,NA,NA,NA,NA,NA,NA,NA,NA,NA,NA,NA,NA,NA,NA,NA,NA,NA,NA,NA,NA,NA,NA,NA,NA,NA,NA,NA,NA,NA,NA,NA,NA,NA,NA,NA,NA,NA,NA,NA,NA,NA,NA,NA,NA,NA,NA,NA,NA,NA,NA,NA,NA,NA,NA,NA,NA,70.0648,2015,45.44,6.81,12,NA,0,11.46,0,0,30.87,0,0,0,0.3,0,55.81,0.01,0.11,0.02,1.42,0,21.2148657531,0,0,48.76,0,826.6379380289999,14.543422141099999,0,0,24.62,0,0,0.2173,0,0,304.1241,7.867837160780001,0,29.6645,0,0.59,0,0.39,0,182.88,0,3.37,0,0,0,100,26.94930495836281
PBR,2899241,-105.545085,40.699423,NA,NA,NA,NA,NA,NA,NA,NA,NA,NA,NA,NA,NA,NA,NA,NA,NA,NA,NA,NA,NA,NA,NA,NA,NA,NA,NA,NA,NA,NA,NA,NA,NA,NA,NA,NA,NA,NA,NA,NA,NA,NA,NA,NA,NA,NA,NA,NA,NA,NA,NA,NA,NA,NA,NA,NA,NA,NA,NA,NA,NA,NA,NA,NA,NA,NA,NA,NA,NA,NA,NA,NA,NA,NA,NA,NA,NA,NA,NA,NA,NA,NA,NA,NA,NA,NA,NA,NA,NA,NA,NA,NA,NA,NA,NA,NA,NA,NA,NA,NA,NA,NA,NA,NA,NA,NA,NA,NA,NA,NA,NA,NA,NA,NA,NA,NA,NA,NA,NA,NA,NA,NA,NA,NA,NA,NA,NA,NA,NA,NA,NA,NA,NA,NA,NA,NA,NA,NA,NA,NA,NA,NA,NA,0,2012,0,0,0,NA,0.84,74.11,0,0.59,4.57,0.02,0.79,1.84,0.09,0.7,14.11,0.01,0.22,0.09,0.22,1.8,7.7152755302,0,0,114.12323779874858,0,759.2839063519999,1.16640382142,9.26,0,12.461101968998495,0,0,0.1872,0,0,39.8932,-5.38509875652,0,63.1759,0,0.5299083771372394,0,0.2486,0,169.38293238920602,0,15.696292366532784,90.73,0,0,0.01,55.17024311721439
PNF,2900989,-105.242396,40.703249,NA,NA,NA,NA,NA,NA,NA,NA,NA,NA,NA,NA,NA,NA,NA,NA,NA,NA,NA,NA,NA,NA,NA,NA,NA,NA,NA,NA,NA,NA,NA,NA,NA,NA,NA,NA,NA,NA,NA,NA,NA,NA,NA,NA,NA,NA,NA,NA,NA,NA,NA,NA,NA,NA,NA,NA,NA,NA,NA,NA,NA,NA,NA,NA,NA,NA,NA,NA,NA,NA,NA,NA,NA,NA,NA,NA,NA,NA,NA,NA,NA,NA,NA,NA,NA,NA,NA,NA,NA,NA,NA,NA,NA,NA,NA,NA,NA,NA,NA,NA,NA,NA,NA,NA,NA,NA,NA,NA,NA,NA,NA,NA,NA,NA,NA,NA,NA,NA,NA,NA,NA,NA,NA,NA,NA,NA,NA,NA,NA,NA,NA,NA,NA,NA,NA,NA,NA,NA,NA,NA,NA,NA,NA,16.7187,2012,4.03,4.95,4.64,NA,0.57,62.64,0,0.59,13.6,0.02,0.47,1.21,0.08,0.42,18.23,0.01,0.21,0.08,0.39,1.48,9.604747459410001,0,0,109.27320206969841,0,640.204106668,2.86815251131,5.85,0,13.06237323599542,0,0,0.2383,0,0,39.4966,-3.87187334417,0,64.2162,0,0.5346003000790022,0,0.2452,0,172.30050327453495,0,14.402906245761974,93.84,0,0,0.31,54.70791579275175
PSF,2899449,-105.449096,40.685031,NA,NA,NA,NA,NA,NA,NA,NA,NA,NA,NA,NA,NA,NA,NA,NA,NA,NA,NA,NA,NA,NA,NA,NA,NA,NA,NA,NA,NA,NA,NA,NA,NA,NA,NA,NA,NA,NA,NA,NA,NA,NA,NA,NA,NA,NA,NA,NA,NA,NA,NA,NA,NA,NA,NA,NA,NA,NA,NA,NA,NA,NA,NA,NA,NA,NA,NA,NA,NA,NA,NA,NA,NA,NA,NA,NA,NA,NA,NA,NA,NA,NA,NA,NA,NA,NA,NA,NA,NA,NA,NA,NA,NA,NA,NA,NA,NA,NA,NA,NA,NA,NA,NA,NA,NA,NA,NA,NA,NA,NA,NA,NA,NA,NA,NA,NA,NA,NA,NA,NA,NA,NA,NA,NA,NA,NA,NA,NA,NA,NA,NA,NA,NA,NA,NA,NA,NA,NA,NA,NA,NA,NA,NA,1.5243,2012,0.43,0.48,0.41,NA,0.74,73.07,0,0.64,4.98,0.01,0.7,1.61,0.09,0.61,15.29,0.01,0.24,0.09,0.25,1.67,8.26398012702,0,0,111.61280186563631,0,723.394409686,1.65668779873,8.14,0,12.680889821879985,0,0,0.1832,0,0,39.7848,-4.95346918411,0,63.3405,0,0.5353328741875779,0,0.2505,0,170.36030351609668,0,15.391453377899008,91.85,0,0,0.01,54.768256997108935
