variable,plotted,skip_reason,n_rows,n_sites,n_studies,x_distinct,x_min,x_median,x_max,x_scale,spearman_r,spearman_p,plot_file
latitude,TRUE,NA,12549,40,9,33,38.451372,40.036103,61.4,linear,-0.15095172573311727,7.437549941062599e-65,figures/scatter_DOC_vs_latitude.png
longitude,TRUE,NA,12549,40,9,34,-122.326478,-105.439101,-105.22692,linear,0.08940705909787396,1.0729711432607842e-23,figures/scatter_DOC_vs_longitude.png
Area_watershed_km,TRUE,NA,12549,40,9,34,3,47.3,3017,log10,0.25743049785082844,4.203139274453309e-189,figures/scatter_DOC_vs_Area_watershed_km.png
comid,TRUE,NA,12291,38,8,32,11058,2889346,22957733,log10,-0.039376358632699955,1.261372893896138e-5,figures/scatter_DOC_vs_comid.png
fdate,TRUE,NA,12291,38,8,12,927838800,927838800,1246914000,linear,0.022227026194006422,0.013730099410000113,figures/scatter_DOC_vs_fdate.png
resolution,FALSE,fewer than 3 complete positive-DOC rows,0,0,0,0,NA,NA,NA,linear,NA,NA,NA
gnis_id,TRUE,NA,11817,29,8,20,177166,178470,1702048,linear,-0.20244697175431978,1.5584612112474443e-109,figures/scatter_DOC_vs_gnis_id.png
gnis_name,FALSE,fewer than 3 complete positive-DOC rows,0,0,0,0,NA,NA,NA,linear,NA,NA,NA
lengthkm,TRUE,NA,12291,38,8,32,0.086,4.359,11.22,log10,0.04152722696496113,4.116237609376077e-6,figures/scatter_DOC_vs_lengthkm.png
reachcode,TRUE,NA,12291,38,8,31,10190002000361,10190005000098,18020162003184,linear,-0.12078218242180232,3.6038378428095466e-41,figures/scatter_DOC_vs_reachcode.png
flowdir,FALSE,fewer than 3 complete positive-DOC rows,0,0,0,0,NA,NA,NA,linear,NA,NA,NA
wbareacomi,TRUE,NA,12291,38,8,3,0,0,10348518,linear,0.09377713651940582,2.0417083532368214e-25,figures/scatter_DOC_vs_wbareacomi.png
ftype,FALSE,fewer than 3 complete positive-DOC rows,0,0,0,0,NA,NA,NA,linear,NA,NA,NA
fcode,TRUE,NA,12291,38,8,3,33600,46006,55800,linear,0.046647349406887514,2.293329247645368e-7,figures/scatter_DOC_vs_fcode.png
shape_length,TRUE,NA,12291,38,8,32,8.3983634895018e-4,0.0504488972800904,0.120347317105333,log10,0.01755665556528282,0.05161068987618978,figures/scatter_DOC_vs_shape_length.png
streamleve,TRUE,NA,12291,38,8,6,2,6,7,linear,0.15699343583982522,1.161180424040942e-68,figures/scatter_DOC_vs_streamleve.png
streamorde,TRUE,NA,12291,38,8,6,1,2,6,linear,0.16572981838606152,2.0725727939384946e-76,figures/scatter_DOC_vs_streamorde.png
streamcalc,TRUE,NA,12291,38,8,7,0,2,6,linear,0.1290222336258638,8.878864492050997e-47,figures/scatter_DOC_vs_streamcalc.png
fromnode,TRUE,NA,12291,38,8,32,10023405,550008840,800069015,linear,0.44619913438953146,0,figures/scatter_DOC_vs_fromnode.png
tonode,TRUE,NA,12291,38,8,29,10023403,550008838,800016397,linear,0.4391989300378326,0,figures/scatter_DOC_vs_tonode.png
hydroseq,TRUE,NA,12291,38,8,32,10009323,550084362,800086252,linear,0.11594327964472291,4.726540266837094e-38,figures/scatter_DOC_vs_hydroseq.png
levelpathi,TRUE,NA,12291,38,8,26,10004579,550067758,800055159,linear,0.20384444989804024,1.9655924779342867e-115,figures/scatter_DOC_vs_levelpathi.png
pathlength,TRUE,NA,12291,38,8,29,105.897,3855.802,3947.398,linear,0.040373838927228546,7.555508411716214e-6,figures/scatter_DOC_vs_pathlength.png
terminalpa,TRUE,NA,12291,38,8,5,10002293,350002977,800002347,linear,0.34876292571220724,0,figures/scatter_DOC_vs_terminalpa.png
arbolatesu,TRUE,NA,12291,38,8,32,0.456,23.527,1952.421,log10,0.14524614586529253,6.234480884892748e-59,figures/scatter_DOC_vs_arbolatesu.png
divergence,TRUE,NA,12291,38,8,3,0,0,2,linear,0.1346052995703114,8.570025925689195e-51,figures/scatter_DOC_vs_divergence.png
startflag,TRUE,NA,12291,38,8,2,0,0,1,linear,0.09158111502297102,2.6045606489058378e-24,figures/scatter_DOC_vs_startflag.png
terminalfl,FALSE,fewer than 2 distinct x values,12291,38,8,1,0,0,0,linear,NA,NA,NA
dnlevel,TRUE,NA,12291,38,8,6,2,6,7,linear,0.10472062115341486,2.560114153632436e-31,figures/scatter_DOC_vs_dnlevel.png
uplevelpat,TRUE,NA,12291,38,8,25,0,550067758,800027193,linear,0.18446103921122878,1.6245944602515588e-94,figures/scatter_DOC_vs_uplevelpat.png
uphydroseq,TRUE,NA,12291,38,8,31,0,550099088,800031015,linear,0.08734282164145714,2.991413244275938e-22,figures/scatter_DOC_vs_uphydroseq.png
dnlevelpat,TRUE,NA,12291,38,8,24,10004579,550067758,800055159,linear,0.12849972349232563,2.0664602381821013e-46,figures/scatter_DOC_vs_dnlevelpat.png
dnminorhyd,FALSE,fewer than 2 distinct x values,12291,38,8,1,0,0,0,linear,NA,NA,NA
dndraincou,FALSE,fewer than 2 distinct x values,12291,38,8,1,1,1,1,linear,NA,NA,NA
dnhydroseq,TRUE,NA,12291,38,8,29,10009259,550067758,800055159,linear,0.10165963575396078,1.3331482263826803e-29,figures/scatter_DOC_vs_dnhydroseq.png
frommeas,TRUE,NA,12291,38,8,3,0,0,13.97217,linear,0.07498060995797898,8.534427722267714e-17,figures/scatter_DOC_vs_frommeas.png
tomeas,TRUE,NA,12291,38,8,12,1.25598,100,100,linear,-0.1486924906616056,1.0513639548811058e-61,figures/scatter_DOC_vs_tomeas.png
rtndiv,TRUE,NA,12291,38,8,2,0,0,1,linear,0.12844300447263227,2.2644326395327836e-46,figures/scatter_DOC_vs_rtndiv.png
vpuin,FALSE,fewer than 2 distinct x values,12291,38,8,1,0,0,0,linear,NA,NA,NA
vpuout,FALSE,fewer than 2 distinct x values,12291,38,8,1,0,0,0,linear,NA,NA,NA
areasqkm,TRUE,NA,12291,38,8,32,0.0054,8.0316,35.2287,log10,0.04366506958224821,1.280635629439726e-6,figures/scatter_DOC_vs_areasqkm.png
totdasqkm,TRUE,NA,12291,38,8,32,6.129,47.3841,2390.2362,log10,0.11420769413271356,5.7710339958475114e-37,figures/scatter_DOC_vs_totdasqkm.png
divdasqkm,TRUE,NA,12291,38,8,32,0.6372,47.3841,2390.2362,log10,0.094098658434765,1.399275106285827e-25,figures/scatter_DOC_vs_divdasqkm.png
tidal,FALSE,fewer than 2 distinct x values,12291,38,8,1,0,0,0,linear,NA,NA,NA
totma,TRUE,NA,12291,38,8,32,0.00565833426349,0.135304120314,106.242228243,log10,0.06245306445753938,4.2111947796517195e-12,figures/scatter_DOC_vs_totma.png
wbareatype,FALSE,fewer than 3 complete positive-DOC rows,0,0,0,0,NA,NA,NA,linear,NA,NA,NA
pathtimema,TRUE,NA,12291,38,8,29,1.2631239943300001,37.9847528712,91282.6196102,log10,-0.3193073608369724,2.4339651597616926e-289,figures/scatter_DOC_vs_pathtimema.png
hwnodesqkm,TRUE,NA,36,2,1,2,2.6154,4.1346,4.1346,linear,0.10738932690201357,0.5330196132649316,figures/scatter_DOC_vs_hwnodesqkm.png
maxelevraw,TRUE,NA,36,2,1,2,137801,137801,143663,linear,-0.10738932690201357,0.5330196132649307,figures/scatter_DOC_vs_maxelevraw.png
minelevraw,TRUE,NA,12291,38,8,31,6151,198820,221425,linear,0.03575499313687803,7.344702789347173e-5,figures/scatter_DOC_vs_minelevraw.png
maxelevsmo,TRUE,NA,12291,38,8,27,15180,205058,265352,linear,0.024572171655964075,0.0064433514038481025,figures/scatter_DOC_vs_maxelevsmo.png
minelevsmo,TRUE,NA,12291,38,8,23,6151,199017,221695,linear,0.04140018530010226,4.4044279733886995e-6,figures/scatter_DOC_vs_minelevsmo.png
slope,TRUE,NA,12291,38,8,27,1e-5,0.03671943,0.08810711,log10,-0.32015321105465355,5.990207042091633e-291,figures/scatter_DOC_vs_slope.png
elevfixed,TRUE,NA,12291,38,8,2,0,0,1,linear,0.1697850357954105,3.716751915876472e-80,figures/scatter_DOC_vs_elevfixed.png
hwtype,FALSE,fewer than 3 complete positive-DOC rows,0,0,0,0,NA,NA,NA,linear,NA,NA,NA
slopelenkm,TRUE,NA,12291,38,8,32,0.086,4.359,11.22,log10,0.03761139359124653,3.0349150207817396e-5,figures/scatter_DOC_vs_slopelenkm.png
qa_ma,TRUE,NA,12291,38,8,31,0.012,7.064,1822.864,log10,0.031957186375027334,3.948964970764013e-4,figures/scatter_DOC_vs_qa_ma.png
va_ma,TRUE,NA,12231,35,8,29,0.39046,1.18603,2.3349,linear,-0.1308348227679529,7.760120032751625e-48,figures/scatter_DOC_vs_va_ma.png
qc_ma,TRUE,NA,12291,38,8,31,0.016,11.471,1713.099,log10,-0.03842103678804796,2.0380610520280626e-5,figures/scatter_DOC_vs_qc_ma.png
vc_ma,TRUE,NA,12231,35,8,29,0.3924,1.22334,2.32473,linear,-0.14802242007172636,7.17621217070683e-61,figures/scatter_DOC_vs_vc_ma.png
qe_ma,TRUE,NA,12291,38,8,31,0.016,9.062,1305.429,log10,-0.16171019761905464,8.632364647050986e-73,figures/scatter_DOC_vs_qe_ma.png
ve_ma,TRUE,NA,12231,35,8,29,0.3924,1.22334,2.28083,linear,-0.14802242007172636,7.17621217070683e-61,figures/scatter_DOC_vs_ve_ma.png
qa_01,TRUE,NA,12291,38,8,27,0,3.268,3286.856,linear,0.014720360175481256,0.10270224827407655,figures/scatter_DOC_vs_qa_01.png
va_01,TRUE,NA,12231,35,8,28,0.30839,0.81728,3.37122,linear,0.23751039358244205,1.9556435937091417e-156,figures/scatter_DOC_vs_va_01.png
qc_01,TRUE,NA,12291,38,8,28,0,3.967,2615.124,linear,0.003548373477795568,0.6940603420372511,figures/scatter_DOC_vs_qc_01.png
vc_01,TRUE,NA,12231,35,8,28,0.30839,0.82045,3.13296,linear,-0.1592669533538111,2.670316496732553e-70,figures/scatter_DOC_vs_vc_01.png
qe_01,TRUE,NA,12291,38,8,27,0,2.45,1915.384,linear,-0.09295995645659676,5.3029659942040035e-25,figures/scatter_DOC_vs_qe_01.png
ve_01,TRUE,NA,12231,35,8,28,0.30839,0.76522,2.76851,linear,-0.07250425314785498,9.885490469183273e-16,figures/scatter_DOC_vs_ve_01.png
qa_02,TRUE,NA,12291,38,8,31,0.008,3.047,4109.294,log10,0.04952127297261208,3.952145074321346e-8,figures/scatter_DOC_vs_qa_02.png
va_02,TRUE,NA,12231,35,8,29,0.37457,0.7937,3.75683,linear,0.2388515432341511,3.092401058640492e-158,figures/scatter_DOC_vs_va_02.png
qc_02,TRUE,NA,12291,38,8,31,0.252,4.035,3155.004,log10,0.02603191800911122,0.0038990139728955595,figures/scatter_DOC_vs_qc_02.png
vc_02,TRUE,NA,12231,35,8,29,0.44914,0.82494,3.42895,linear,-0.12838749485585127,4.087222810030685e-46,figures/scatter_DOC_vs_vc_02.png
qe_02,TRUE,NA,12291,38,8,31,0.252,2.478,2237.595,log10,-0.07062095002944437,4.5644185040073176e-15,figures/scatter_DOC_vs_qe_02.png
ve_02,TRUE,NA,12231,35,8,29,0.43331,0.76979,3.08529,linear,-0.03634088856920437,5.819916616959729e-5,figures/scatter_DOC_vs_ve_02.png
qa_03,TRUE,NA,12291,38,8,31,0.017,1.064,3858.022,log10,0.069873324241529,8.821661646390828e-15,figures/scatter_DOC_vs_qa_03.png
va_03,TRUE,NA,12231,35,8,28,0.40714,0.57183,3.58589,linear,-0.044871939119935256,6.885916592908841e-7,figures/scatter_DOC_vs_va_03.png
qc_03,TRUE,NA,12291,38,8,32,0.463,4.885,3137.186,log10,0.06833406316773037,3.3522636410598615e-14,figures/scatter_DOC_vs_qc_03.png
vc_03,TRUE,NA,12231,35,8,29,0.48847,0.80999,3.3612,linear,-0.06493326433953565,6.571258245357734e-13,figures/scatter_DOC_vs_vc_03.png
qe_03,TRUE,NA,12291,38,8,31,0.463,2.96,2316.551,log10,0.06681778078898035,1.213747337212862e-13,figures/scatter_DOC_vs_qe_03.png
ve_03,TRUE,NA,12231,35,8,29,0.49346,0.79035,3.27726,linear,0.07235528854018683,1.131020497448726e-15,figures/scatter_DOC_vs_ve_03.png
qa_04,TRUE,NA,12291,38,8,31,0.017,12.081,2904.463,log10,-0.054959739079387344,1.0801800269827005e-9,figures/scatter_DOC_vs_qa_04.png
va_04,TRUE,NA,12231,35,8,29,0.40714,1.46583,3.90238,linear,-0.02633274912398683,0.0035860848512230367,figures/scatter_DOC_vs_va_04.png
qc_04,TRUE,NA,12291,38,8,31,0.057,26.208,2868.67,log10,-0.06762128473359197,6.159431068926059e-14,figures/scatter_DOC_vs_qc_04.png
vc_04,TRUE,NA,12231,35,8,29,0.47332,1.73856,3.07047,linear,-0.06203629785040189,6.5682838599822025e-12,figures/scatter_DOC_vs_vc_04.png
qe_04,TRUE,NA,12291,38,8,32,0.057,21.016,1802.277,log10,-0.12766796803196062,7.871954127724398e-46,figures/scatter_DOC_vs_qe_04.png
ve_04,TRUE,NA,12231,35,8,29,0.47332,1.73856,2.64927,linear,-0.0575658114783813,1.8772933711669903e-10,figures/scatter_DOC_vs_ve_04.png
qa_05,TRUE,NA,12291,38,8,31,0.025,22.226,2053.627,log10,-0.03143605083056264,4.909284145372422e-4,figures/scatter_DOC_vs_qa_05.png
va_05,TRUE,NA,12231,35,8,29,0.42958,1.8804,3.87006,linear,0.09440189798272434,1.2832235145739015e-25,figures/scatter_DOC_vs_va_05.png
qc_05,TRUE,NA,12291,38,8,31,0.026,31.393,3363.361,log10,-0.022163421788201052,0.014002672230730996,figures/scatter_DOC_vs_qc_05.png
vc_05,TRUE,NA,12231,35,8,29,0.4171,1.83748,4.62422,linear,-0.025340897361110334,0.005067504917534947,figures/scatter_DOC_vs_vc_05.png
qe_05,TRUE,NA,12291,38,8,32,0.026,24.35,1573.13,log10,-0.06805657610477998,4.2512314906758054e-14,figures/scatter_DOC_vs_qe_05.png
ve_05,TRUE,NA,12231,35,8,29,0.4171,1.83748,3.15487,linear,-0.02825336718126555,0.0017783339928375153,figures/scatter_DOC_vs_ve_05.png
qa_06,TRUE,NA,12291,38,8,31,0.008,17.045,1406.947,log10,-0.03941893937295139,1.2343735261691386e-5,figures/scatter_DOC_vs_qa_06.png
va_06,TRUE,NA,12231,35,8,29,0.37457,1.74392,3.06151,linear,-0.17875214430270547,2.3472475039062516e-88,figures/scatter_DOC_vs_va_06.png
qc_06,TRUE,NA,12291,38,8,31,0.004,30.191,2507.272,log10,-0.04127087927146939,4.717553443731821e-6,figures/scatter_DOC_vs_qc_06.png
vc_06,TRUE,NA,12231,35,8,29,0.34863,1.87855,3.63102,linear,-0.1686616032321952,9.877166648344076e-79,figures/scatter_DOC_vs_vc_06.png
qe_06,TRUE,NA,12291,38,8,31,0.004,25.057,1188.041,log10,-0.16372902122053085,1.3485195312581793e-74,figures/scatter_DOC_vs_qe_06.png
ve_06,TRUE,NA,12231,35,8,29,0.34863,1.87855,2.96964,linear,-0.1451728734518503,1.3539440999847231e-58,figures/scatter_DOC_vs_ve_06.png
qa_07,TRUE,NA,12291,38,8,31,0.008,12.955,1044.73,log10,-0.039434568256964224,1.224602696002334e-5,figures/scatter_DOC_vs_qa_07.png
va_07,TRUE,NA,12231,35,8,29,0.37457,1.57366,3.17287,linear,-0.2189492940934326,1.1575346154384255e-132,figures/scatter_DOC_vs_va_07.png
qc_07,TRUE,NA,12291,38,8,31,0.006,21.281,758.815,log10,-0.026803027615235377,0.002961140050338235,figures/scatter_DOC_vs_qc_07.png
vc_07,TRUE,NA,12231,35,8,29,0.35829,1.63496,2.87212,linear,-0.2122813227803427,1.2161978488455155e-124,figures/scatter_DOC_vs_vc_07.png
qe_07,TRUE,NA,12291,38,8,31,0.006,18.241,799.583,log10,-0.16099691632583005,3.704249160300336e-72,figures/scatter_DOC_vs_qe_07.png
ve_07,TRUE,NA,12231,35,8,29,0.35829,1.63496,2.81153,linear,-0.20352656056220797,1.6104467653501411e-114,figures/scatter_DOC_vs_ve_07.png
qa_08,TRUE,NA,12291,38,8,30,0.008,7.899,689.42,log10,-0.04747133933770678,1.3993561732858005e-07,figures/scatter_DOC_vs_qa_08.png
va_08,TRUE,NA,12231,35,8,29,0.37457,1.25831,2.80976,linear,-0.23017747345388545,8.687363598591185e-147,figures/scatter_DOC_vs_va_08.png
qc_08,TRUE,NA,12291,38,8,31,0.009,8.647,323.877,log10,-0.06125002019992634,1.0744397693951467e-11,figures/scatter_DOC_vs_qc_08.png
vc_08,TRUE,NA,12231,35,8,29,0.37028,1.11755,1.93969,linear,-0.21832511473707258,6.697913547639502e-132,figures/scatter_DOC_vs_vc_08.png
qe_08,TRUE,NA,12291,38,8,31,0.009,7.19,761.983,log10,-0.16174171371683155,8.093051337694947e-73,figures/scatter_DOC_vs_qe_08.png
ve_08,TRUE,NA,12231,35,8,29,0.37028,1.11755,2.52047,linear,-0.2080340643212322,1.1307766015372235e-119,figures/scatter_DOC_vs_ve_08.png
qa_09,TRUE,NA,12291,38,8,31,0.017,4.847,460.611,log10,-0.05429775913856513,1.706422826267239e-9,figures/scatter_DOC_vs_qa_09.png
va_09,TRUE,NA,12231,35,8,29,0.40714,1.02015,2.32757,linear,-0.22524567589418795,1.7333020804197178e-140,figures/scatter_DOC_vs_va_09.png
qc_09,TRUE,NA,12291,38,8,31,0.042,7.829,606.156,log10,-0.051870823600774905,8.718910693061836e-9,figures/scatter_DOC_vs_qc_09.png
vc_09,TRUE,NA,12231,35,8,29,0.44863,1.10267,2.58387,linear,-0.252809343492504,1.1726025748353632e-177,figures/scatter_DOC_vs_vc_09.png
qe_09,TRUE,NA,12291,38,8,31,0.042,6.943,638.171,log10,-0.15818480805624915,1.0816912735325576e-69,figures/scatter_DOC_vs_qe_09.png
ve_09,TRUE,NA,12231,35,8,29,0.40835,1.10267,2.5382,linear,-0.20527829265403294,1.6545451864197325e-116,figures/scatter_DOC_vs_ve_09.png
qa_10,TRUE,NA,12291,38,8,31,0.025,3.523,339.632,log10,-0.03887444321111094,1.6251951502972825e-5,figures/scatter_DOC_vs_qa_10.png
va_10,TRUE,NA,12231,35,8,29,0.42958,0.90487,2.03525,linear,-0.21680714477079147,4.678557026672934e-130,figures/scatter_DOC_vs_va_10.png
qc_10,TRUE,NA,12291,38,8,31,0.138,9.751,403.997,log10,-0.06423373168848454,1.0191494138117932e-12,figures/scatter_DOC_vs_qc_10.png
vc_10,TRUE,NA,12231,35,8,29,0.51583,1.21392,2.16129,linear,-0.2613165809695658,4.151071611545992e-190,figures/scatter_DOC_vs_vc_10.png
qe_10,TRUE,NA,12291,38,8,31,0.138,8.887,476.066,log10,-0.16314355514240153,4.530036998414098e-74,figures/scatter_DOC_vs_qe_10.png
ve_10,TRUE,NA,12231,35,8,29,0.43308,1.21392,2.06377,linear,-0.2541221275466052,1.5078870205525645e-179,figures/scatter_DOC_vs_ve_10.png
qa_11,TRUE,NA,12291,38,8,31,0.005,1.792,1072.518,log10,-0.026168911575823312,0.0037148456279155915,figures/scatter_DOC_vs_qa_11.png
va_11,TRUE,NA,12231,35,8,29,0.37457,0.75146,1.83748,linear,-0.17069814615086348,1.2582712288195227e-80,figures/scatter_DOC_vs_va_11.png
qc_11,TRUE,NA,12291,38,8,32,0.055,6.409,1169.746,log10,-0.056837210393286784,2.8689142565275047e-10,figures/scatter_DOC_vs_qc_11.png
vc_11,TRUE,NA,12231,35,8,29,0.51586,0.98027,1.95497,linear,-0.23877181293585073,3.959865120955205e-158,figures/scatter_DOC_vs_vc_11.png
qe_11,TRUE,NA,12291,38,8,32,0.055,5.066,768.452,log10,-0.15515504082198797,4.360677933476793e-67,figures/scatter_DOC_vs_qe_11.png
ve_11,TRUE,NA,12231,35,8,29,0.45217,0.98027,1.79707,linear,-0.23202204809642907,3.4972289248170655e-149,figures/scatter_DOC_vs_ve_11.png
qa_12,TRUE,NA,12291,38,8,28,0,3.715,2269.63,linear,0.012800645862948441,0.15588309294214722,figures/scatter_DOC_vs_qa_12.png
va_12,TRUE,NA,12231,35,8,28,0.30839,0.90536,2.58506,linear,-0.1015265956999891,2.1595655438488852e-29,figures/scatter_DOC_vs_va_12.png
qc_12,TRUE,NA,12291,38,8,27,0,4.498,1519.548,linear,-0.006880573411383223,0.4456156545416978,figures/scatter_DOC_vs_qc_12.png
vc_12,TRUE,NA,12231,35,8,28,0.30839,0.85223,2.20037,linear,-0.2121780502226868,1.6110486375030114e-124,figures/scatter_DOC_vs_vc_12.png
qe_12,TRUE,NA,12291,38,8,27,0,2.709,1235.948,linear,-0.09435752395977025,1.0312912541421043e-25,figures/scatter_DOC_vs_qe_12.png
ve_12,TRUE,NA,12231,35,8,28,0.30839,0.79026,2.22437,linear,-0.14963599822601986,3.522967588658506e-62,figures/scatter_DOC_vs_ve_12.png
lakefract,TRUE,NA,60,3,1,3,4.74094423644e-6,1.03268106683e-4,1,log10,0.06471290664547945,0.623260349930925,figures/scatter_DOC_vs_lakefract.png
surfarea,TRUE,NA,60,3,1,3,1751.90241116,38160.2558627,45226.8474539,linear,0.06471290664547945,0.623260349930925,figures/scatter_DOC_vs_surfarea.png
rareahload,TRUE,NA,60,3,1,3,16.789495564,19.3530879552,26.3706225342,linear,0.4303093277775205,5.99823790307045e-4,figures/scatter_DOC_vs_rareahload.png
rpuid,FALSE,fewer than 3 complete positive-DOC rows,0,0,0,0,NA,NA,NA,linear,NA,NA,NA
vpuid,TRUE,NA,3101,25,4,3,16,17,18,linear,-0.12049535035145763,1.6756090831798772e-11,figures/scatter_DOC_vs_vpuid.png
enabled,FALSE,fewer than 2 distinct x values,12291,38,8,1,1,1,1,linear,NA,NA,NA
huc2,FALSE,fewer than 3 complete positive-DOC rows,0,0,0,0,NA,NA,NA,linear,NA,NA,NA
huc4,FALSE,fewer than 3 complete positive-DOC rows,0,0,0,0,NA,NA,NA,linear,NA,NA,NA
huc6,FALSE,fewer than 3 complete positive-DOC rows,0,0,0,0,NA,NA,NA,linear,NA,NA,NA
huc8,FALSE,fewer than 3 complete positive-DOC rows,0,0,0,0,NA,NA,NA,linear,NA,NA,NA
huc10,FALSE,fewer than 3 complete positive-DOC rows,0,0,0,0,NA,NA,NA,linear,NA,NA,NA
huc12,FALSE,fewer than 3 complete positive-DOC rows,0,0,0,0,NA,NA,NA,linear,NA,NA,NA
burn_percent_fire_year,TRUE,NA,12291,38,8,18,0,1.5243,100,linear,-0.02115251302884994,0.01902235444139313,figures/scatter_DOC_vs_burn_percent_fire_year.png
fire_years_used,TRUE,NA,11366,28,6,5,2003,2010,2018,linear,0.6528870427936854,0,figures/scatter_DOC_vs_fire_years_used.png
burn_sev_high,TRUE,NA,11730,34,7,17,0,4.03,64.15,linear,0.029561486122847907,0.0013646801278773312,figures/scatter_DOC_vs_burn_sev_high.png
burn_sev_low,TRUE,NA,11730,34,7,18,0,2.74,13.88,linear,-0.006224903530847692,0.5002327146027816,figures/scatter_DOC_vs_burn_sev_low.png
burn_sev_mod,TRUE,NA,11730,34,7,18,0,3.58,25.98,linear,-0.03296081555519107,3.564163024067561e-4,figures/scatter_DOC_vs_burn_sev_mod.png
burn_sev_NA,FALSE,fewer than 2 distinct x values,561,4,1,1,0,0,0,linear,NA,NA,NA
