DateTime,SiteCode,SampleCode,SamplingMethod,Offset,SampleType,SampleMedium,TIC,TOC,TN,F,Cl,NO2,Br,NO3,SO4,PO4,Be9,B11,Na23,Mg24,Al27,Si28,P31,K39,Ca40,Ti49,V51,Cr52,Mn55,Fe56,Co59,Ni60,Cu63,Zn64,As75,Se78,Sr88,Y89,Mo98,Ag107,Cd114,Sn118,Sb121,Ba138,La139,Ce140,Pr141,Nd145,Sm147,Eu153,Gd157,Tb159,Dy164,Ho165,Er166,Tm169,Yb174,Lu175,Tl205,Pb208,U238,dD,d18O,FI,HIX,UVA254,UVA280,SUVA254,SUVA280,Comments
MST,,,,hr,,,mg/L,mg/L,mg/L,umoles/L,umoles/L,umoles/L,umoles/L,umoles/L,umoles/L,umoles/L,ug/L,ug/L,ug/L,ug/L,ug/L,ug/L,ug/L,ug/L,ug/L,ug/L,ug/L,ug/L,ug/L,ug/L,ug/L,ug/L,ug/L,ug/L,ug/L,ug/L,ug/L,ng/L,ug/L,ug/L,ug/L,ug/L,ug/L,ug/L,ng/L,ng/L,ng/L,ng/L,ng/L,ng/L,ng/L,ng/L,ng/L,ng/L,ng/L,ng/L,ng/L,ng/L,ug/L,ug/L,ng/L,‰,‰,nm/nm,nm/nm,1/cm,1/cm,L/(mg.cm),L/(mg.cm),
(Detection limit),,,,,,,0.00023,0.00026,0.0002,2.37,0.82,3.34,1.9,0.51,0.84,1.45,0.004243,2.26495,0.75816,0.040305,0.004243,0.66,3.266833,0.14425,0.424264,0.010607,0.152735,0.123037,0.002121,0.17607,0.125158,0.006364,0.002121,0.014849,0.008485,0.271529,0.012728,0.763675,0.076368,0.012728,0.038184,0.178191,0.006364,0.019092,2.100107,4.5184,0.360624,0.678823,0.190919,0.975807,0.784889,0.042426,0.296885,0.042426,0.296885,0.0212,0.063,0.0212,0.065761,0.002121,0.136492,0.4,0.1,,,,,,,
(Lab Method),,,,,,,TOC-VCSH,TOC-VCSH,TOC-VCSH,DionexIC,DionexIC,DionexIC,DionexIC,DionexIC,DionexIC,DionexIC,ICP-MS,ICP-MS,ICP-MS,ICP-MS,ICP-MS,ICP-MS,ICP-MS,ICP-MS,ICP-MS,ICP-MS,ICP-MS,ICP-MS,ICP-MS,ICP-MS,ICP-MS,ICP-MS,ICP-MS,ICP-MS,ICP-MS,ICP-MS,ICP-MS,ICP-MS,ICP-MS,ICP-MS,ICP-MS,ICP-MS,ICP-MS,ICP-MS,ICP-MS,ICP-MS,ICP-MS,ICP-MS,ICP-MS,ICP-MS,ICP-MS,ICP-MS,ICP-MS,ICP-MS,ICP-MS,ICP-MS,ICP-MS,ICP-MS,ICP-MS,ICP-MS,ICP-MS,WIA_LGR,WIA_LGR,Fluoromax4,Fluoromax4,UV_Vis,UV_Vis,UV_Vis,UV_Vis,
3/13/2012 0:00,MC_SnowLys_SE,JEMEZ_P74,Snow,,Grab,Snow,-9999,2.244,0.2723,1.185,0.41,1.67,0.95,0.255,0.42,0.725,-9999,-9999,-9999,-9999,-9999,-9999,-9999,-9999,-9999,-9999,-9999,-9999,-9999,-9999,-9999,-9999,-9999,-9999,-9999,-9999,-9999,-9999,-9999,-9999,-9999,-9999,-9999,-9999,-9999,-9999,-9999,-9999,-9999,-9999,-9999,-9999,-9999,-9999,-9999,-9999,-9999,-9999,-9999,-9999,-9999,-115.81,-16.28,1.64,0.699,0.023,0.02,0.0102,0.0089,zip-lock bag; MLYC # 3
3/13/2012 0:00,MC_SnowLys_SE,JEMEZ_P75,Snow,,Grab,Snow,-9999,1.17,0.392,1.185,0.41,1.67,0.95,10.46,0.42,0.725,-9999,-9999,-9999,-9999,-9999,-9999,-9999,-9999,-9999,-9999,-9999,-9999,-9999,-9999,-9999,-9999,-9999,-9999,-9999,-9999,-9999,-9999,-9999,-9999,-9999,-9999,-9999,-9999,-9999,-9999,-9999,-9999,-9999,-9999,-9999,-9999,-9999,-9999,-9999,-9999,-9999,-9999,-9999,-9999,-9999,-102.9,-14.96,-9999,-9999,-9999,-9999,-9999,-9999,zip-lock bag; NLYC #1
3/13/2012 0:00,MC_SnowLys_SW,JEMEZ_P76,Snow,,Grab,Snow,-9999,0.7026,0.223,1.185,0.41,1.67,0.95,0.255,0.42,0.725,0.0021215,1.132475,0.37908,19.4,14.16,33.04,161.82,4.36,19.87,0.3,0.23,0.0615185,2.31,2.95,0.02,0.13,0.51,4.35,0.0042425,0.13,0.92,13.69,0.11,0.01,0.03,0.03,0.02,3.49,25.82,31.17,2.98,21.33,8.04,2.78,3.77,0.021213,4.07,0.6,2.58,0.2,0.0315,0.6,0.0328805,0.08,1.29,-87.26,-13.03,-9999,-9999,-9999,-9999,-9999,-9999,zip-lock bag; SLYC #4
3/13/2012 0:00,MC_SnowLys_SW,JEMEZ_P77,Snow,,Grab,Snow,-9999,0.604,0.1842,1.185,0.41,1.67,0.95,0.255,0.42,0.725,0.0021215,1.132475,122.66,8.45,4.55,28.53,185.64,3.49,19.54,0.37,0.26,0.0615185,2.09,1.21,0.01,0.06,0.19,1.99,0.0042425,0.15,0.35,0.2,0.11,0.01,0.02,0.0890955,0.02,0.91,1.0500535,3.17,0.3,5.55,1.19,1.49,0.3924445,0.021213,0.1484425,0.021213,0.79,0.0106,0.0315,0.4,0.0328805,0.04,0.2,-117.25,-17,-9999,-9999,-9999,-9999,-9999,-9999,zip-lock bag; SLYC #3
3/13/2012 0:00,MC_SnowLys_SW,JEMEZ_P78,Snow,,Grab,Snow,-9999,0.8523,0.5754,1.185,0.41,1.67,0.95,26.01,0.42,0.725,0.0021215,1.132475,23.01,34.87,5.28,32.13,184.14,2.97,31.57,0.37,0.34,0.0615185,5.04,2.41,0.05,0.1,0.48,3.22,0.06,0.39,2.1,14.52,0.2,0.01,0.05,0.02,0.05,1.87,27.92,46.86,4.78,21.69,6.27,3.98,3.78,1.09,5.07,0.2,0.5,0.0106,1.19,0.4,0.0328805,0.03,0.99,-96.2,-13.77,-9999,-9999,-9999,-9999,-9999,-9999,zip-lock bag; SLYC #2
3/13/2012 0:00,MC_SnowLys_SW,JEMEZ_P79,Snow,,Grab,Snow,-9999,0.9948,0.2845,1.185,0.41,1.67,0.95,10.92,0.42,0.725,-9999,-9999,-9999,-9999,-9999,-9999,-9999,-9999,-9999,-9999,-9999,-9999,-9999,-9999,-9999,-9999,-9999,-9999,-9999,-9999,-9999,-9999,-9999,-9999,-9999,-9999,-9999,-9999,-9999,-9999,-9999,-9999,-9999,-9999,-9999,-9999,-9999,-9999,-9999,-9999,-9999,-9999,-9999,-9999,-9999,-68.16,-10.9,-9999,-9999,-9999,-9999,-9999,-9999,zip-lock bag; SLYC #1
3/11/2012 0:00,BurnLowSnow12,JEMEZ_P80,Snow,,Grab,Snow,-9999,0.7248,0.1987,1.185,10.14,1.67,0.95,0.255,0.42,0.725,0.0021215,1.132475,86.58,36.75,8.46,35.61,200.72,3.73,42.4,0.63,0.26,0.0615185,4.79,3.92,0.04,0.1,0.56,2.51,0.07,0.5,3.36,14.52,0.12,0.04,0.01,0.03,0.03,4.23,41.14,50.83,5.47,10.74,7.36,2.88,11.34,1.39,2.59,0.021213,2.29,0.0106,0.2,0.0106,0.0328805,0.02,0.5,-103.68,-14.78,-9999,-9999,-9999,-9999,-9999,-9999,zip-lock bag; 0-44 cm; integrated grab sample
3/13/2012 0:00,Tower_Vcm,JEMEZ_P81,Snow,,Grab,Snow,-9999,12.89,1.115,1.185,12.24,1.67,0.95,12.61,0.42,0.725,0.0021215,1.132475,62.59,263.81,15.46,61.99,405.79,102.17,48.4,0.7,0.55,0.0615185,282.42,10.02,0.09,0.27,0.91,6.91,0.0042425,0.47,6.94,66.56,0.13,0.01,0.01,0.02,0.03,10.25,76.86,147.72,16.49,72.26,17.49,9.1,11.39,2.3,9.79,2.1,7.2,0.7,3.2,0.9,0.0328805,0.09,2.9,-67.66,-9.5,1.32,1.178,0.183,0.139,0.0142,0.0108,zip-lock bag; TP #4
3/12/2012 0:00,UnburnLowSnow12,JEMEZ_P82,Snow,,Grab,Snow,-9999,1.633,0.4381,1.185,0.41,1.67,0.95,13.96,0.42,0.725,0.0021215,1.132475,133.56,45.62,7.47,29.75,189.6,8.47,38.58,0.24,0.29,0.0615185,7.19,3.06,0.05,0.4,2.15,6.39,0.0042425,0.48,2.96,34.53,0.12,0.01,0.03,0.03,0.02,7.87,50.81,72.06,7.81,35.17,6.13,5.14,7.51,1.09,8.4,1.68,3.26,0.69,2.17,0.2,0.0328805,0.12,1.29,-103.25,-15.08,1.55,0.914,0.013,0.013,0.008,0.008,zip-lock bag; integrated old snow
3/13/2012 0:00,Tower_Vcm,JEMEZ_P83,Snow,,Grab,Snow,-9999,5.04,0.5223,1.185,0.41,1.67,0.95,18.41,0.42,0.725,0.0021215,1.132475,165.71,121.05,11.39,42.68,177.25,21.31,50.52,0.38,0.54,0.0615185,43.04,7.16,0.07,0.15,0.6,3.02,0.03,0.57,4.86,56.55,0.13,0.01,0.03,0.03,0.03,3.12,77.05,130.67,17.38,69.44,23.93,4.1,12.21,2.05,8.01,1.66,4,0.49,5.47,0.78,0.0328805,0.04,3.22,-86.43,-11.93,-9999,-9999,-9999,-9999,-9999,-9999,zip-lock bag; TP#1
3/13/2012 0:00,MC_SnowLys_SE,JEMEZ_P84,Snow,,Grab,Snow,-9999,0.6919,0.1139,1.185,0.41,1.67,0.95,0.255,0.42,0.725,0.0021215,1.132475,174.45,5.56,4.19,27.52,162.78,0.67,15.28,0.33,0.03,0.0615185,0.62,0.91,0.062579,0.68,4.05,8.09,0.0042425,0.22,0.25,0.78,0.09,0.01,0.01,0.05,0.003182,0.58,1.0500535,3.13,0.180312,7.74,4.99,0.4879035,0.3924445,0.021213,0.1,0.021213,0.1484425,0.0106,0.0315,0.59,0.0328805,0.9,0.1,-109.07,-16.2,-9999,-9999,-9999,-9999,-9999,-9999,zip-lock bag; NLYC#4
3/13/2012 0:00,MC_SnowLys_SE,JEMEZ_P85a,Snow,,Grab,Snow,-9999,0.7119,0.3513,1.185,0.41,1.67,0.95,10.04,0.42,0.725,0.0021215,1.132475,17.03,31.85,5.4,34.86,189.11,3.46,27.29,0.42,0.28,0.0615185,2.19,1.71,0.02,0.11,0.36,13.92,0.0042425,0.22,1.96,13.83,0.15,0.01,0.03,0.11,0.05,97.63,8.89,17.78,2.47,16.89,12.94,53.33,8.59,0.021213,3.16,0.49,1.28,0.3,0.69,0.3,0.0328805,0.02,1.19,-82.83,-12.52,-9999,-9999,-9999,-9999,-9999,-9999,zip-lock bag; NLYC #2; processing folks (David B. and Lauren) formed 2 splits
3/13/2012 0:00,MC_SnowLys_SE,JEMEZ_P85b,Snow,,Grab,Snow,-9999,0.8971,0.3361,-9999,-9999,-9999,-9999,-9999,-9999,-9999,-9999,-9999,-9999,-9999,-9999,-9999,-9999,-9999,-9999,-9999,-9999,-9999,-9999,-9999,-9999,-9999,-9999,-9999,-9999,-9999,-9999,-9999,-9999,-9999,-9999,-9999,-9999,-9999,-9999,-9999,-9999,-9999,-9999,-9999,-9999,-9999,-9999,-9999,-9999,-9999,-9999,-9999,-9999,-9999,-9999,-9999,-9999,-9999,-9999,-9999,-9999,-9999,-9999,zip-lock bag; NLYC #2; processing folks (David B. and Lauren) formed 2 splits
3/11/2012 0:00,BurnLowSnow12,JEMEZ_P86,Snow,,Grab,Snow,-9999,0.6632,0.1579,1.185,0.41,1.67,0.95,0.255,0.42,0.725,0.0021215,1.132475,201.09,21.13,5.73,30.32,179.26,2.1,23,0.27,0.22,0.0615185,4.12,2.24,0.03,0.08,0.26,1.71,0.0042425,0.19,1.37,7.66,0.1,0.04,0.02,0.01,0.01,1.84,7.76,10.94,0.89,12.43,14.42,2.09,3.78,0.021213,0.1484425,0.5,2.09,0.0106,0.0315,0.0106,0.0328805,0.05,0.4,-108.16,-15.26,-9999,-9999,-9999,-9999,-9999,-9999,zip-lock bag; 42 to ground; integrated grab
3/11/2012 0:00,BurnUpSnow12,JEMEZ_P87,Snow,,Grab,Snow,-9999,2.334,0.2951,-9999,-9999,-9999,-9999,-9999,-9999,-9999,-9999,-9999,-9999,-9999,-9999,-9999,-9999,-9999,-9999,-9999,-9999,-9999,-9999,-9999,-9999,-9999,-9999,-9999,-9999,-9999,-9999,-9999,-9999,-9999,-9999,-9999,-9999,-9999,-9999,-9999,-9999,-9999,-9999,-9999,-9999,-9999,-9999,-9999,-9999,-9999,-9999,-9999,-9999,-9999,-9999,-118.01,-16.41,-9999,-9999,-9999,-9999,-9999,-9999,zip-lock bag; 0-46; integrated grab
3/11/2012 0:00,BurnLowSnow12,JEMEZ_P88,Snow,,Grab,Snow,-9999,0.9393,0.3748,1.185,0.41,1.67,0.95,10.46,10.04,0.725,0.0021215,1.132475,89.81,54.4,6.35,36.33,186,3.11,42,0.5,0.68,0.0615185,7.7,2.76,0.07,0.17,0.43,2.56,0.0042425,0.59,5.28,25.32,0.12,0.01,0.04,0.02,0.03,3.49,30.78,47.52,5.35,27.52,8.61,2.08,6.43,1.19,5.15,0.99,2.77,0.2,0.69,0.89,0.0328805,0.06,2.47,-75.91,-11.4,-9999,-9999,-9999,-9999,-9999,-9999,zip-lock bag; 
3/12/2012 0:00,UnburnUpSnow12,JEMEZ_P89,Snow,,Grab,Snow,-9999,-9999,-9999,1.185,0.41,1.67,0.95,10.14,0.42,0.725,0.0021215,1.132475,124.36,53.82,4.61,34.61,164.42,2.27,39.56,0.33,0.72,0.0615185,6.45,3.32,0.06,0.36,4.19,9.97,0.0042425,0.38,4.97,9.33,0.12,0.01,0.03,0.01,0.03,3.44,7.93,19.36,2.11,17.76,13.24,2.41,7.12,0.4,2.91,1.1,2.61,0.2,0.5,0.3,0.0328805,3.19,1.1,-71.27,-11.37,-9999,-9999,-9999,-9999,-9999,-9999,zip-lock bag; new
3/12/2012 0:00,UnburnUpSnow12,JEMEZ_P90,Snow,,Grab,Snow,-9999,0.7027,0.3178,1.185,0.41,1.67,0.95,11.55,0.42,0.725,0.0021215,1.132475,122.02,30.61,5.22,32.16,170.24,1.78,30.49,0.3,0.23,0.0615185,4.68,2,0.03,0.08,1.22,3.36,0.0042425,0.32,2.16,14.83,0.12,0.01,0.04,0.01,0.02,4.35,13.73,23.55,3.41,15.43,8.22,3.61,3.21,0.9,3.21,0.4,2.61,0.1,0.7,0.2,0.0328805,0.39,0.6,-106.23,-15.25,1.26,1.415,0.009,0.009,0.0128,0.0128,zip-lock bag; 0-65; new snow
3/12/2012 0:00,UnburnLowSnow12,JEMEZ_P91,Snow,,Grab,Snow,-9999,0.9595,0.405,1.185,0.41,1.67,0.95,12.04,11.19,0.725,0.0021215,1.132475,78.18,65.88,5.32,38.82,165.07,2.37,48.15,0.46,0.9,0.0615185,8.18,2.97,0.07,0.25,0.4,2.53,0.03,0.46,6.23,22.14,0.12,0.01,0.03,0.01,0.04,2.54,17.71,33.22,5.6,31.08,10.6,1,6,0.7,3.4,0.3,3.3,0.9,3.9,0.7,0.0328805,0.09,1.4,-64.31,-10.23,-9999,-9999,-9999,-9999,-9999,-9999,zip-lock bag; 
3/11/2012 0:00,BurnUpSnow12,JEMEZ_P92,Snow,,Grab,Snow,-9999,1.004,0.3942,1.185,0.41,1.67,0.95,0.255,0.42,0.725,0.0021215,1.132475,137.69,50.75,5.79,39.5,176.31,2.92,41.23,0.43,0.73,0.19,7.65,4.2,0.07,0.17,1.31,3.97,0.0042425,0.37,4.85,27.82,0.12,0.01,0.02,0.02,0.02,2.51,24.4,50.1,6.9,34.63,12.5,1.5,6,0.8,3.7,0.8,2.8,0.5,2.2,0.6,0.0328805,0.13,2.2,-71.68,-11.04,-9999,-9999,-9999,-9999,-9999,-9999,zip-lock bag; new snow
3/13/2012 0:00,Tower_Vcm,JEMEZ_P93,Snow,,Grab,Snow,-9999,9.407,0.3663,1.185,0.41,1.67,0.95,0.255,0.42,0.725,0.0021215,1.132475,109.64,127.28,9.19,27.16,93.51,32.16,32.06,0.5,0.23,0.0615185,119.94,4.92,0.04,0.19,0.55,4.02,0.04,0.34,3.35,44.27,0.03,0.01,0.02,0.02,0.03,7.37,58.49,87.04,12.43,39.77,19.9,5.37,13.53,1.69,5.77,1.29,4.08,0.0106,2.88,0.1,0.0328805,0.07,1.39,-101.85,-14.22,-9999,-9999,-9999,-9999,-9999,-9999,zip-lock bag; TP#2
3/13/2012 0:00,Tower_Vcm,JEMEZ_P94,Snow,,Grab,Snow,-9999,1.917,301.4,-9999,-9999,-9999,-9999,-9999,-9999,-9999,0.0021215,1.132475,94.44,33.84,8.67,19.58,69.57,5.89,18.81,0.54,0.18,0.0615185,27.1,2.25,0.02,0.04,0.09,3.75,0.0042425,0.14,1.2,11.53,0.03,0.01,0.019092,0.0890955,0.02,1.41,12.03,31.1,4.57,18.49,4.97,0.99,3.18,0.6,2.39,0.021213,0.3,0.5,0.0315,0.3,0.0328805,0.0010605,0.3,-105.26,-14.47,-9999,-9999,-9999,-9999,-9999,-9999,zip-lock bag; TP#3
3/11/2012 0:00,BurnLowSnow12,JEMEZ_P95,Snow,,Grab,Snow,-9999,1.095,0.4201,1.185,0.41,1.67,0.95,0.255,10.01,0.725,0.0021215,1.132475,36.8,60.67,4.71,17.81,82.67,3.51,46.09,0.43,0.7,0.0615185,8.55,3.19,0.08,0.17,0.53,2.6,0.0042425,0.54,5.96,25.17,0.04,0.01,0.019092,0.05,0.01,5.96,37.01,65.15,7.77,28.57,12.89,3.74,12.4,1.08,6.89,1.08,3.84,0.69,0.49,0.59,0.0328805,0.04,1.48,-77.68,-11.93,-9999,-9999,-9999,-9999,-9999,-9999,zip-lock bag; fresh
5/3/2012 0:00,Bucket_ZOB5,JEMEZ_P96,Bucket5G,,Grab,Snow,-9999,0.8962,0.1853,1.185,0.41,1.67,0.95,0.255,0.42,0.725,0.0021215,1.132475,146.27,13.99,6.58,25.4,73.7,3.13,27.12,0.58,0.17,0.04,2.54,1.82,0.01,0.1,0.1,3.71,0.0042425,0.2,0.66,14.34,0.02,0.01,0.01,0.02,0.01,57.13,9.16,19.72,2.09,13.74,18.13,31.13,5.38,0.021213,1.39,0.1,1,0.3,1,0.5,0.0328805,0.0010605,0.7,-113.03,-16.28,-9999,-9999,-9999,-9999,-9999,-9999,Snow Lysimeter
5/3/2012 0:00,Bucket_ZOB3,JEMEZ_P97,Bucket5G,,Grab,Snow,-9999,3.142,0.8256,1.185,20.69,1.67,0.95,35.69,12.25,0.725,-9999,-9999,-9999,-9999,-9999,-9999,-9999,-9999,-9999,-9999,-9999,-9999,-9999,-9999,-9999,-9999,-9999,-9999,-9999,-9999,-9999,-9999,-9999,-9999,-9999,-9999,-9999,-9999,-9999,-9999,-9999,-9999,-9999,-9999,-9999,-9999,-9999,-9999,-9999,-9999,-9999,-9999,-9999,-9999,-9999,-89.86,-12.98,-9999,-9999,-9999,-9999,-9999,-9999,Snow Lysimeter; Two 60mL bottles
7/16/2012 18:00,RainColl_HQ,JEMEZ_P98,PrcpColl_Auto,24,Automated,Precipitation,-9999,-9999,-9999,-9999,-9999,-9999,-9999,-9999,-9999,-9999,-9999,-9999,-9999,-9999,-9999,-9999,-9999,-9999,-9999,-9999,-9999,-9999,-9999,-9999,-9999,-9999,-9999,-9999,-9999,-9999,-9999,-9999,-9999,-9999,-9999,-9999,-9999,-9999,-9999,-9999,-9999,-9999,-9999,-9999,-9999,-9999,-9999,-9999,-9999,-9999,-9999,-9999,-9999,-9999,-9999,-0.54,0.86,-9999,-9999,-9999,-9999,-9999,-9999,Isco
7/26/2012 18:00,RainColl_HQ,JEMEZ_P99,PrcpColl_Auto,24,Automated,Precipitation,-9999,-9999,-9999,-9999,-9999,-9999,-9999,-9999,-9999,-9999,-9999,-9999,-9999,-9999,-9999,-9999,-9999,-9999,-9999,-9999,-9999,-9999,-9999,-9999,-9999,-9999,-9999,-9999,-9999,-9999,-9999,-9999,-9999,-9999,-9999,-9999,-9999,-9999,-9999,-9999,-9999,-9999,-9999,-9999,-9999,-9999,-9999,-9999,-9999,-9999,-9999,-9999,-9999,-9999,-9999,-37.44,-5.59,-9999,-9999,-9999,-9999,-9999,-9999,Isco
7/12/2012 18:00,RainISCO_JC,JEMEZ_P100,PrcpColl_Auto,24,Automated,Precipitation,-9999,-9999,-9999,-9999,-9999,-9999,-9999,-9999,-9999,-9999,-9999,-9999,-9999,-9999,-9999,-9999,-9999,-9999,-9999,-9999,-9999,-9999,-9999,-9999,-9999,-9999,-9999,-9999,-9999,-9999,-9999,-9999,-9999,-9999,-9999,-9999,-9999,-9999,-9999,-9999,-9999,-9999,-9999,-9999,-9999,-9999,-9999,-9999,-9999,-9999,-9999,-9999,-9999,-9999,-9999,-39.56,-6.32,-9999,-9999,-9999,-9999,-9999,-9999,Isco
7/13/2012 18:00,RainISCO_JC,JEMEZ_P101,PrcpColl_Auto,24,Automated,Precipitation,-9999,-9999,-9999,-9999,-9999,-9999,-9999,-9999,-9999,-9999,-9999,-9999,-9999,-9999,-9999,-9999,-9999,-9999,-9999,-9999,-9999,-9999,-9999,-9999,-9999,-9999,-9999,-9999,-9999,-9999,-9999,-9999,-9999,-9999,-9999,-9999,-9999,-9999,-9999,-9999,-9999,-9999,-9999,-9999,-9999,-9999,-9999,-9999,-9999,-9999,-9999,-9999,-9999,-9999,-9999,-3.88,-1,-9999,-9999,-9999,-9999,-9999,-9999,Isco
7/14/2012 18:00,RainISCO_JC,JEMEZ_P102,PrcpColl_Auto,24,Automated,Precipitation,-9999,-9999,-9999,-9999,-9999,-9999,-9999,-9999,-9999,-9999,-9999,-9999,-9999,-9999,-9999,-9999,-9999,-9999,-9999,-9999,-9999,-9999,-9999,-9999,-9999,-9999,-9999,-9999,-9999,-9999,-9999,-9999,-9999,-9999,-9999,-9999,-9999,-9999,-9999,-9999,-9999,-9999,-9999,-9999,-9999,-9999,-9999,-9999,-9999,-9999,-9999,-9999,-9999,-9999,-9999,-49.54,-7.19,-9999,-9999,-9999,-9999,-9999,-9999,Isco
7/26/2012 18:00,RainISCO_JC,JEMEZ_P103,PrcpColl_Auto,24,Automated,Precipitation,-9999,-9999,-9999,-9999,-9999,-9999,-9999,-9999,-9999,-9999,-9999,-9999,-9999,-9999,-9999,-9999,-9999,-9999,-9999,-9999,-9999,-9999,-9999,-9999,-9999,-9999,-9999,-9999,-9999,-9999,-9999,-9999,-9999,-9999,-9999,-9999,-9999,-9999,-9999,-9999,-9999,-9999,-9999,-9999,-9999,-9999,-9999,-9999,-9999,-9999,-9999,-9999,-9999,-9999,-9999,-9.45,-1.3,-9999,-9999,-9999,-9999,-9999,-9999,Isco
7/12/2012 10:00,RainColl_UJ,JEMEZ_P104,PrcpColl,0,Grab,Precipitation,-9999,-9999,-9999,-9999,-9999,-9999,-9999,-9999,-9999,-9999,-9999,-9999,-9999,-9999,-9999,-9999,-9999,-9999,-9999,-9999,-9999,-9999,-9999,-9999,-9999,-9999,-9999,-9999,-9999,-9999,-9999,-9999,-9999,-9999,-9999,-9999,-9999,-9999,-9999,-9999,-9999,-9999,-9999,-9999,-9999,-9999,-9999,-9999,-9999,-9999,-9999,-9999,-9999,-9999,-9999,-45.12,-7.51,-9999,-9999,-9999,-9999,-9999,-9999,Bulk Rain
7/12/2012 10:00,RainColl_UJ,JEMEZ_P105,PrcpColl,0,Grab,Precipitation,-9999,2.108,1.093,1.185,28.14,1.67,0.95,16.9,0.42,0.725,0.0021215,28.53,138,32,14.78,947.78,1.6334165,1325,242,1.26,0.39,0.25,5.13,34.69,0.02,0.66,1.44,13.27,0.31,1.82,0.82,1,0.22,1.28,0.27,0.04,0.3,6.14,10.53,11.19,1.56,3.33,1.66,1.95,1.88,0.76,2,0.96,1.34,0.45,1.53,0.49,0.07,0.21,0.068246,-51.18,-8.69,-9999,-9999,-9999,-9999,-9999,-9999,Bulk Rain
7/26/2012 10:00,RainColl_UJ,JEMEZ_P106,PrcpColl,336,Grab,Precipitation,-9999,41.94,32.86,1.185,40.82,1.67,0.95,0.255,11.79,135.92,0.0021215,40,599,461,13.27,1232.27,4991.42,6965,913,1.3,0.36,0.01,12.82,63.03,0.02,0.96,3.7,66.81,0.19,0.1,5.07,26,0.23,0.006364,0.04,0.01,0.07,99.77,29.92,52.92,7.69,21.69,7.15,12.43,7.47,0.72,3.98,1.99,4.65,0.63,3.39,0.9,0.04,0.46,4.39,-43.79,-6.36,-9999,-9999,-9999,-9999,-9999,-9999,Bulk Rain
7/26/2012 10:00,RainColl_UJ,JEMEZ_P107,PrcpColl,336,Grab,Precipitation,-9999,-9999,-9999,-9999,-9999,-9999,-9999,-9999,-9999,-9999,-9999,-9999,-9999,-9999,-9999,-9999,-9999,-9999,-9999,-9999,-9999,-9999,-9999,-9999,-9999,-9999,-9999,-9999,-9999,-9999,-9999,-9999,-9999,-9999,-9999,-9999,-9999,-9999,-9999,-9999,-9999,-9999,-9999,-9999,-9999,-9999,-9999,-9999,-9999,-9999,-9999,-9999,-9999,-9999,-9999,-43.89,-6.44,-9999,-9999,-9999,-9999,-9999,-9999,Bulk Rain
7/16/2012 11:00,RainColl_LLJ,JEMEZ_P108,PrcpColl,0,Grab,Precipitation,-9999,-9999,-9999,-9999,-9999,-9999,-9999,-9999,-9999,-9999,-9999,-9999,-9999,-9999,-9999,-9999,-9999,-9999,-9999,-9999,-9999,-9999,-9999,-9999,-9999,-9999,-9999,-9999,-9999,-9999,-9999,-9999,-9999,-9999,-9999,-9999,-9999,-9999,-9999,-9999,-9999,-9999,-9999,-9999,-9999,-9999,-9999,-9999,-9999,-9999,-9999,-9999,-9999,-9999,-9999,-50.11,-7.28,-9999,-9999,-9999,-9999,-9999,-9999,Bulk Rain
7/16/2012 11:00,RainColl_LLJ,JEMEZ_P109,PrcpColl,0,Grab,Precipitation,-9999,3.23,0.9139,1.185,0.41,1.67,0.95,15.66,0.42,0.725,0.0021215,32.42,118,58,9.36,880.89,1.6334165,374,379,0.87,0.33,0.11,10.77,4.5,0.03,0.65,1.19,12.59,0.08,0.09,2.01,1,0.09,0.006364,0.09,0.01,0.06,10.61,6.09,11.49,1.2,3.21,0.56,2.64,4.27,0.61,2.95,0.47,1.01,0.34,1.2,0.42,0.08,0.07,1.67,-27.39,-5.18,-9999,-9999,-9999,-9999,-9999,-9999,Bulk Rain
7/26/2012 11:00,RainColl_LLJ,JEMEZ_P110,PrcpColl,0,Grab,Precipitation,-9999,1.579,0.301,1.185,0.41,1.67,0.95,0.255,0.42,0.725,0.0021215,29.26,40,53,10.16,1310.4,1.6334165,146,1501,1.16,0.31,0.05,2.05,5.64,0.08,0.18,0.2,4.48,0.04,0.04,2.68,2,0.05,0.006364,0.06,0.03,0.01,3.49,9.07,14.24,2.05,4.77,1.97,1.29,1.91,0.42,2.81,0.55,1.53,0.61,1.21,0.73,0.08,0.08,0.068246,-51.53,-7.31,-9999,-9999,-9999,-9999,-9999,-9999,Bulk Rain
7/26/2012 11:00,RainColl_LLJ,JEMEZ_P111,PrcpColl,0,Grab,Precipitation,-9999,-9999,-9999,-9999,-9999,-9999,-9999,-9999,-9999,-9999,-9999,-9999,-9999,-9999,-9999,-9999,-9999,-9999,-9999,-9999,-9999,-9999,-9999,-9999,-9999,-9999,-9999,-9999,-9999,-9999,-9999,-9999,-9999,-9999,-9999,-9999,-9999,-9999,-9999,-9999,-9999,-9999,-9999,-9999,-9999,-9999,-9999,-9999,-9999,-9999,-9999,-9999,-9999,-9999,-9999,-23,-3.27,-9999,-9999,-9999,-9999,-9999,-9999,Bulk Rain
7/30/2012 14:00,RainColl_LLJ,JEMEZ_P112,PrcpColl,99,Grab,Precipitation,-9999,2.08,0.8562,1.185,0.41,1.67,0.95,18.33,0.42,0.725,0.0021215,27.57,60,34,6.16,1305.65,1.6334165,156,766,0.82,0.36,0.12,0.3,2.46,0.01,0.15,0.3,3.54,0.07,0.74,1.4,1,0.07,0.006364,0.02,0.03,0.003182,2.32,8.22,9.76,1.81,3.33,1.66,1.57,3.52,0.87,2.15,0.46,2,0.6,2.38,0.42,0.08,0.02,0.068246,-18.46,-3.85,-9999,-9999,-9999,-9999,-9999,-9999,Bulk Rain
7/30/2012 14:00,RainColl_LLJ,JEMEZ_P113,PrcpColl,99,Grab,Precipitation,-9999,-9999,-9999,-9999,-9999,-9999,-9999,-9999,-9999,-9999,-9999,-9999,-9999,-9999,-9999,-9999,-9999,-9999,-9999,-9999,-9999,-9999,-9999,-9999,-9999,-9999,-9999,-9999,-9999,-9999,-9999,-9999,-9999,-9999,-9999,-9999,-9999,-9999,-9999,-9999,-9999,-9999,-9999,-9999,-9999,-9999,-9999,-9999,-9999,-9999,-9999,-9999,-9999,-9999,-9999,-20.27,-4.01,-9999,-9999,-9999,-9999,-9999,-9999,Bulk Rain
7/26/2012 10:30,RainColl_MCZOB,JEMEZ_P114,PrcpColl,0,Grab,Precipitation,-9999,1.67,2.546,1.185,13.53,1.67,0.95,0.255,13.58,12.53,0.0021215,29.95,101,85,6.25,1668.25,464.17,934,430,0.69,0.3,0.11,18.74,1.79,0.01,0.12,0.52,8.48,0.05,0.05,2.32,2,0.05,0.01,0.019092,0.04,0.87,5.11,5.54,7,0.37,1.66,2.2,1.56,1.63,0.49,0.92,0.5,0.33,0.48,0.68,0.49,0.07,0.02,0.068246,-38.09,-6.14,-9999,-9999,-9999,-9999,-9999,-9999,Bulk Rain
7/27/2012 10:30,RainColl_MCZOB,JEMEZ_P115,PrcpColl,24,Grab,Precipitation,-9999,-9999,-9999,-9999,-9999,-9999,-9999,-9999,-9999,-9999,-9999,-9999,-9999,-9999,-9999,-9999,-9999,-9999,-9999,-9999,-9999,-9999,-9999,-9999,-9999,-9999,-9999,-9999,-9999,-9999,-9999,-9999,-9999,-9999,-9999,-9999,-9999,-9999,-9999,-9999,-9999,-9999,-9999,-9999,-9999,-9999,-9999,-9999,-9999,-9999,-9999,-9999,-9999,-9999,-9999,-36.85,-5.79,-9999,-9999,-9999,-9999,-9999,-9999,Bulk Rain
8/6/2012 10:00,RainColl_MCZOB,JEMEZ_P116,PrcpColl,239.5,Grab,Precipitation,-9999,2.038,4.365,1.185,17.14,1.67,0.95,0.255,17.37,20.7,0.01,82.87,104,112,8.53,2026.4934,816.43,1321,444,0.74,0.04,0.06,2.43,0.86,0.01,0.17,1.16,18.86,0.06,0.12,1.7,2,0.01,0.006364,0.01,0.05,2.95,9.28,20.71,7.63,1.11,4.85,1.66,1.2,0.71,0.23,0.77,0.42,1,0.49,0.85,0.11,0.01,0.0010605,0.2,-9999,-9999,-9999,-9999,-9999,-9999,-9999,-9999,Bulk Rain
8/6/2012 10:00,RainColl_MCZOB,JEMEZ_P117,PrcpColl,239.5,Grab,Precipitation,-9999,-9999,-9999,-9999,-9999,-9999,-9999,-9999,-9999,-9999,-9999,-9999,-9999,-9999,-9999,-9999,-9999,-9999,-9999,-9999,-9999,-9999,-9999,-9999,-9999,-9999,-9999,-9999,-9999,-9999,-9999,-9999,-9999,-9999,-9999,-9999,-9999,-9999,-9999,-9999,-9999,-9999,-9999,-9999,-9999,-9999,-9999,-9999,-9999,-9999,-9999,-9999,-9999,-9999,-9999,-33.9,-6.08,-9999,-9999,-9999,-9999,-9999,-9999,Bulk Rain
8/20/2012 13:00,RainColl_MCZOB,JEMEZ_P118,PrcpColl,339,Grab,Precipitation,-9999,-9999,-9999,-9999,-9999,-9999,-9999,-9999,-9999,-9999,-9999,-9999,-9999,-9999,-9999,-9999,-9999,-9999,-9999,-9999,-9999,-9999,-9999,-9999,-9999,-9999,-9999,-9999,-9999,-9999,-9999,-9999,-9999,-9999,-9999,-9999,-9999,-9999,-9999,-9999,-9999,-9999,-9999,-9999,-9999,-9999,-9999,-9999,-9999,-9999,-9999,-9999,-9999,-9999,-9999,15,2.22,-9999,-9999,-9999,-9999,-9999,-9999,Bulk Rain w/oil
8/20/2012 13:00,RainColl_MCZOB,JEMEZ_P119,PrcpColl,339,Grab,Precipitation,-9999,8.478,8.759,-9999,-9999,-9999,-9999,-9999,-9999,-9999,-9999,-9999,-9999,-9999,-9999,-9999,-9999,-9999,-9999,-9999,-9999,-9999,-9999,-9999,-9999,-9999,-9999,-9999,-9999,-9999,-9999,-9999,-9999,-9999,-9999,-9999,-9999,-9999,-9999,-9999,-9999,-9999,-9999,-9999,-9999,-9999,-9999,-9999,-9999,-9999,-9999,-9999,-9999,-9999,-9999,-9999,-9999,-9999,-9999,-9999,-9999,-9999,-9999,Bulk Rain w/o oil
8/9/2012 0:00,RainColl_LLJ,JEMEZ_P120,PrcpColl,226,Grab,Precipitation,-9999,-9999,-9999,-9999,-9999,-9999,-9999,-9999,-9999,-9999,-9999,-9999,-9999,-9999,-9999,-9999,-9999,-9999,-9999,-9999,-9999,-9999,-9999,-9999,-9999,-9999,-9999,-9999,-9999,-9999,-9999,-9999,-9999,-9999,-9999,-9999,-9999,-9999,-9999,-9999,-9999,-9999,-9999,-9999,-9999,-9999,-9999,-9999,-9999,-9999,-9999,-9999,-9999,-9999,-9999,-25.79,-4.32,-9999,-9999,-9999,-9999,-9999,-9999,Bulk Rain
8/9/2012 0:00,RainColl_LLJ,JEMEZ_P121,PrcpColl,226,Grab,Precipitation,-9999,6.726,1.92,1.185,0.41,1.67,0.95,15.92,0.42,0.725,0.01,82.45,62,79,7.64,1480.6975,27.42,306,1780,0.71,0.1,0.09,9.31,1.34,0.01,0.26,0.4,9.65,0.08,0.35,2.99,20,0.27,0.02,0.1,0.08,0.13,6.62,27.7,25.12,16.08,21.88,15.44,15.58,13.81,15.47,17.16,16.74,13.14,14.39,18.66,13.35,0.08,0.03,0.068246,-9999,-9999,-9999,-9999,-9999,-9999,-9999,-9999,Bulk Rain
8/27/2012 0:00,RainColl_LLJ,JEMEZ_P122,PrcpColl,432,Grab,Precipitation,-9999,-9999,-9999,-9999,-9999,-9999,-9999,-9999,-9999,-9999,-9999,-9999,-9999,-9999,-9999,-9999,-9999,-9999,-9999,-9999,-9999,-9999,-9999,-9999,-9999,-9999,-9999,-9999,-9999,-9999,-9999,-9999,-9999,-9999,-9999,-9999,-9999,-9999,-9999,-9999,-9999,-9999,-9999,-9999,-9999,-9999,-9999,-9999,-9999,-9999,-9999,-9999,-9999,-9999,-9999,-36.27,-5.84,-9999,-9999,-9999,-9999,-9999,-9999,Bulk Rain
8/27/2012 0:00,RainColl_LLJ,JEMEZ_P123,PrcpColl,432,Grab,Precipitation,-9999,3.915,2.715,1.185,14.14,1.67,0.95,12.31,0.42,0.725,0.0021215,81.7,214,78,5.26,1986.4364,29.2,732,1353,0.71,0.13,0.11,10.71,3.06,0.062579,0.3,0.61,8.46,0.07,0.75,3.06,12,0.18,0.02,0.06,0.06,0.1,13.4,19.97,15.53,10.28,10.75,12.17,11.82,9.62,8.25,6.92,7.72,10.01,7.91,10.21,8.36,0.08,0.0010605,0.5,-9999,-9999,-9999,-9999,-9999,-9999,-9999,-9999,Bulk Rain
8/9/2012 0:00,RainColl_UJ,JEMEZ_P124,PrcpColl,326,Grab,Precipitation,-9999,-9999,-9999,-9999,-9999,-9999,-9999,-9999,-9999,-9999,-9999,-9999,-9999,-9999,-9999,-9999,-9999,-9999,-9999,-9999,-9999,-9999,-9999,-9999,-9999,-9999,-9999,-9999,-9999,-9999,-9999,-9999,-9999,-9999,-9999,-9999,-9999,-9999,-9999,-9999,-9999,-9999,-9999,-9999,-9999,-9999,-9999,-9999,-9999,-9999,-9999,-9999,-9999,-9999,-9999,-27.82,-4.26,-9999,-9999,-9999,-9999,-9999,-9999,Bulk Rain
8/9/2012 0:00,RainColl_UJ,JEMEZ_P125,PrcpColl,326,Grab,Precipitation,-9999,2.242,1.356,1.185,17.41,1.67,0.95,35.98,11.25,0.725,0.0021215,86.13,302,116,6.75,2329.7269,97.28,750,884,0.76,0.07,0.04,2.43,1.28,0.02,0.25,0.63,49.32,0.06,0.29,3.73,10,0.2,0.01,0.02,0.06,0.24,6.17,17.39,15.75,5.46,14.15,12.78,7.89,10.38,5.31,5.1,6.45,6.87,5.59,7.69,5.85,0.05,0.13,1.01,-9999,-9999,-9999,-9999,-9999,-9999,-9999,-9999,Bulk Rain
8/15/2012 0:00,RainColl_UJ,JEMEZ_P126,PrcpColl,144,Grab,Precipitation,-9999,-9999,-9999,-9999,-9999,-9999,-9999,-9999,-9999,-9999,-9999,-9999,-9999,-9999,-9999,-9999,-9999,-9999,-9999,-9999,-9999,-9999,-9999,-9999,-9999,-9999,-9999,-9999,-9999,-9999,-9999,-9999,-9999,-9999,-9999,-9999,-9999,-9999,-9999,-9999,-9999,-9999,-9999,-9999,-9999,-9999,-9999,-9999,-9999,-9999,-9999,-9999,-9999,-9999,-9999,14.1,1.83,-9999,-9999,-9999,-9999,-9999,-9999,Bulk Rain
8/15/2012 0:00,RainColl_UJ,JEMEZ_P127,PrcpColl,144,Grab,Precipitation,-9999,12.89,5.172,-9999,-9999,-9999,-9999,-9999,-9999,-9999,-9999,-9999,-9999,-9999,-9999,-9999,-9999,-9999,-9999,-9999,-9999,-9999,-9999,-9999,-9999,-9999,-9999,-9999,-9999,-9999,-9999,-9999,-9999,-9999,-9999,-9999,-9999,-9999,-9999,-9999,-9999,-9999,-9999,-9999,-9999,-9999,-9999,-9999,-9999,-9999,-9999,-9999,-9999,-9999,-9999,-9999,-9999,-9999,-9999,-9999,-9999,-9999,-9999,Bulk Rain
8/23/2012 0:00,RainColl_UJ,JEMEZ_P128,PrcpColl,192,Grab,Precipitation,-9999,-9999,-9999,-9999,-9999,-9999,-9999,-9999,-9999,-9999,-9999,-9999,-9999,-9999,-9999,-9999,-9999,-9999,-9999,-9999,-9999,-9999,-9999,-9999,-9999,-9999,-9999,-9999,-9999,-9999,-9999,-9999,-9999,-9999,-9999,-9999,-9999,-9999,-9999,-9999,-9999,-9999,-9999,-9999,-9999,-9999,-9999,-9999,-9999,-9999,-9999,-9999,-9999,-9999,-9999,-13.39,-3.05,-9999,-9999,-9999,-9999,-9999,-9999,Bulk Rain
8/23/2012 0:00,RainColl_UJ,JEMEZ_P129,PrcpColl,192,Grab,Precipitation,-9999,2.182,1.29,1.185,0.41,1.67,0.95,36.85,0.42,0.725,0.01,83.44,89,59,8.26,1723.645,28.25,136,655,0.75,0.13,0.06,3.83,1.8,0.01,0.18,0.5,41.47,0.06,0.31,3.35,8,0.13,0.006364,0.04,0.03,0.12,5.88,14.06,13.94,2.41,6.57,3.91,1.58,3.55,1.15,1.86,1.32,1.52,0.64,2.4,1.3,0.04,0.1,0.1,-9999,-9999,-9999,-9999,-9999,-9999,-9999,-9999,Bulk Rain
8/27/2012 0:00,RainColl_UJ,JEMEZ_P130,PrcpColl,96,Grab,Precipitation,-9999,-9999,-9999,-9999,-9999,-9999,-9999,-9999,-9999,-9999,-9999,-9999,-9999,-9999,-9999,-9999,-9999,-9999,-9999,-9999,-9999,-9999,-9999,-9999,-9999,-9999,-9999,-9999,-9999,-9999,-9999,-9999,-9999,-9999,-9999,-9999,-9999,-9999,-9999,-9999,-9999,-9999,-9999,-9999,-9999,-9999,-9999,-9999,-9999,-9999,-9999,-9999,-9999,-9999,-9999,-62.7,-9.07,-9999,-9999,-9999,-9999,-9999,-9999,Bulk Rain
8/27/2012 0:00,RainColl_UJ,JEMEZ_P131,PrcpColl,96,Grab,Precipitation,-9999,1.54,1.089,1.185,0.41,1.67,0.95,29.8,0.42,0.725,0.0021215,86.21,65,29,5.1,1519.7046,10.06,69,254,0.85,0.1,0.05,4.45,0.41,0.01,0.11,0.57,29.1,0.03,0.77,1.13,4,0.1,0.006364,0.02,0.02,0.09,2.81,16.18,9.14,3.39,4.57,6.4,4.74,3.54,4.02,4.95,3.63,5.71,3.45,5.65,3.77,0.03,0.04,0.5,-9999,-9999,-9999,-9999,-9999,-9999,-9999,-9999,Bulk Rain
8/3/2012 0:00,RainColl_HQ,JEMEZ_P132,PrcpColl_Auto,24,Automated,Precipitation,-9999,-9999,-9999,-9999,-9999,-9999,-9999,-9999,-9999,-9999,-9999,-9999,-9999,-9999,-9999,-9999,-9999,-9999,-9999,-9999,-9999,-9999,-9999,-9999,-9999,-9999,-9999,-9999,-9999,-9999,-9999,-9999,-9999,-9999,-9999,-9999,-9999,-9999,-9999,-9999,-9999,-9999,-9999,-9999,-9999,-9999,-9999,-9999,-9999,-9999,-9999,-9999,-9999,-9999,-9999,-27.97,-3.63,-9999,-9999,-9999,-9999,-9999,-9999,Isco
8/5/2012 0:00,RainColl_HQ,JEMEZ_P133,PrcpColl_Auto,24,Automated,Precipitation,-9999,-9999,-9999,-9999,-9999,-9999,-9999,-9999,-9999,-9999,-9999,-9999,-9999,-9999,-9999,-9999,-9999,-9999,-9999,-9999,-9999,-9999,-9999,-9999,-9999,-9999,-9999,-9999,-9999,-9999,-9999,-9999,-9999,-9999,-9999,-9999,-9999,-9999,-9999,-9999,-9999,-9999,-9999,-9999,-9999,-9999,-9999,-9999,-9999,-9999,-9999,-9999,-9999,-9999,-9999,-31.74,-4.92,-9999,-9999,-9999,-9999,-9999,-9999,Isco
8/6/2012 0:00,RainColl_HQ,JEMEZ_P134,PrcpColl_Auto,24,Automated,Precipitation,-9999,-9999,-9999,-9999,-9999,-9999,-9999,-9999,-9999,-9999,-9999,-9999,-9999,-9999,-9999,-9999,-9999,-9999,-9999,-9999,-9999,-9999,-9999,-9999,-9999,-9999,-9999,-9999,-9999,-9999,-9999,-9999,-9999,-9999,-9999,-9999,-9999,-9999,-9999,-9999,-9999,-9999,-9999,-9999,-9999,-9999,-9999,-9999,-9999,-9999,-9999,-9999,-9999,-9999,-9999,-24.54,-4.49,-9999,-9999,-9999,-9999,-9999,-9999,Isco
8/12/2012 0:00,RainColl_HQ,JEMEZ_P135,PrcpColl_Auto,24,Automated,Precipitation,-9999,-9999,-9999,-9999,-9999,-9999,-9999,-9999,-9999,-9999,-9999,-9999,-9999,-9999,-9999,-9999,-9999,-9999,-9999,-9999,-9999,-9999,-9999,-9999,-9999,-9999,-9999,-9999,-9999,-9999,-9999,-9999,-9999,-9999,-9999,-9999,-9999,-9999,-9999,-9999,-9999,-9999,-9999,-9999,-9999,-9999,-9999,-9999,-9999,-9999,-9999,-9999,-9999,-9999,-9999,7.52,1.5,-9999,-9999,-9999,-9999,-9999,-9999,Isco
8/16/2012 0:00,RainColl_HQ,JEMEZ_P136,PrcpColl_Auto,24,Automated,Precipitation,-9999,-9999,-9999,-9999,-9999,-9999,-9999,-9999,-9999,-9999,-9999,-9999,-9999,-9999,-9999,-9999,-9999,-9999,-9999,-9999,-9999,-9999,-9999,-9999,-9999,-9999,-9999,-9999,-9999,-9999,-9999,-9999,-9999,-9999,-9999,-9999,-9999,-9999,-9999,-9999,-9999,-9999,-9999,-9999,-9999,-9999,-9999,-9999,-9999,-9999,-9999,-9999,-9999,-9999,-9999,7.54,0.3,-9999,-9999,-9999,-9999,-9999,-9999,Isco
8/17/2012 0:00,RainColl_HQ,JEMEZ_P137,PrcpColl_Auto,24,Automated,Precipitation,-9999,-9999,-9999,-9999,-9999,-9999,-9999,-9999,-9999,-9999,-9999,-9999,-9999,-9999,-9999,-9999,-9999,-9999,-9999,-9999,-9999,-9999,-9999,-9999,-9999,-9999,-9999,-9999,-9999,-9999,-9999,-9999,-9999,-9999,-9999,-9999,-9999,-9999,-9999,-9999,-9999,-9999,-9999,-9999,-9999,-9999,-9999,-9999,-9999,-9999,-9999,-9999,-9999,-9999,-9999,9.07,0.89,-9999,-9999,-9999,-9999,-9999,-9999,Isco
8/18/2012 0:00,RainColl_HQ,JEMEZ_P138,PrcpColl_Auto,24,Automated,Precipitation,-9999,-9999,-9999,-9999,-9999,-9999,-9999,-9999,-9999,-9999,-9999,-9999,-9999,-9999,-9999,-9999,-9999,-9999,-9999,-9999,-9999,-9999,-9999,-9999,-9999,-9999,-9999,-9999,-9999,-9999,-9999,-9999,-9999,-9999,-9999,-9999,-9999,-9999,-9999,-9999,-9999,-9999,-9999,-9999,-9999,-9999,-9999,-9999,-9999,-9999,-9999,-9999,-9999,-9999,-9999,16.06,1.83,-9999,-9999,-9999,-9999,-9999,-9999,Isco
8/19/2012 0:00,RainColl_HQ,JEMEZ_P139,PrcpColl_Auto,24,Automated,Precipitation,-9999,-9999,-9999,-9999,-9999,-9999,-9999,-9999,-9999,-9999,-9999,-9999,-9999,-9999,-9999,-9999,-9999,-9999,-9999,-9999,-9999,-9999,-9999,-9999,-9999,-9999,-9999,-9999,-9999,-9999,-9999,-9999,-9999,-9999,-9999,-9999,-9999,-9999,-9999,-9999,-9999,-9999,-9999,-9999,-9999,-9999,-9999,-9999,-9999,-9999,-9999,-9999,-9999,-9999,-9999,7.92,1.2,-9999,-9999,-9999,-9999,-9999,-9999,Isco
8/12/2012 0:00,RainISCO_JC,JEMEZ_P140,PrcpColl_Auto,24,Automated,Precipitation,-9999,-9999,-9999,-9999,-9999,-9999,-9999,-9999,-9999,-9999,-9999,-9999,-9999,-9999,-9999,-9999,-9999,-9999,-9999,-9999,-9999,-9999,-9999,-9999,-9999,-9999,-9999,-9999,-9999,-9999,-9999,-9999,-9999,-9999,-9999,-9999,-9999,-9999,-9999,-9999,-9999,-9999,-9999,-9999,-9999,-9999,-9999,-9999,-9999,-9999,-9999,-9999,-9999,-9999,-9999,4.67,-0.77,-9999,-9999,-9999,-9999,-9999,-9999,Isco
8/14/2012 0:00,RainISCO_JC,JEMEZ_P141,PrcpColl_Auto,24,Automated,Precipitation,-9999,-9999,-9999,-9999,-9999,-9999,-9999,-9999,-9999,-9999,-9999,-9999,-9999,-9999,-9999,-9999,-9999,-9999,-9999,-9999,-9999,-9999,-9999,-9999,-9999,-9999,-9999,-9999,-9999,-9999,-9999,-9999,-9999,-9999,-9999,-9999,-9999,-9999,-9999,-9999,-9999,-9999,-9999,-9999,-9999,-9999,-9999,-9999,-9999,-9999,-9999,-9999,-9999,-9999,-9999,-11.57,-2.41,-9999,-9999,-9999,-9999,-9999,-9999,Isco
8/18/2012 0:00,RainISCO_JC,JEMEZ_P142,PrcpColl_Auto,24,Automated,Precipitation,-9999,-9999,-9999,-9999,-9999,-9999,-9999,-9999,-9999,-9999,-9999,-9999,-9999,-9999,-9999,-9999,-9999,-9999,-9999,-9999,-9999,-9999,-9999,-9999,-9999,-9999,-9999,-9999,-9999,-9999,-9999,-9999,-9999,-9999,-9999,-9999,-9999,-9999,-9999,-9999,-9999,-9999,-9999,-9999,-9999,-9999,-9999,-9999,-9999,-9999,-9999,-9999,-9999,-9999,-9999,-55.3,-7.63,-9999,-9999,-9999,-9999,-9999,-9999,Isco
8/19/2012 0:00,RainISCO_JC,JEMEZ_P143,PrcpColl_Auto,24,Automated,Precipitation,-9999,-9999,-9999,-9999,-9999,-9999,-9999,-9999,-9999,-9999,-9999,-9999,-9999,-9999,-9999,-9999,-9999,-9999,-9999,-9999,-9999,-9999,-9999,-9999,-9999,-9999,-9999,-9999,-9999,-9999,-9999,-9999,-9999,-9999,-9999,-9999,-9999,-9999,-9999,-9999,-9999,-9999,-9999,-9999,-9999,-9999,-9999,-9999,-9999,-9999,-9999,-9999,-9999,-9999,-9999,-42.71,-5.4,-9999,-9999,-9999,-9999,-9999,-9999,Isco
9/5/2012 0:00,RainColl_MCZOB,JEMEZ_P144,PrcpColl,371,Grab,Precipitation,-9999,2.438,2.106,1.185,7.81,1.67,0.95,29.12,9.54,0.725,0.0021215,84.45,65,58,9.17,1358.6713,220.14,427,387,1.04,0.1,0.04,0.98,2.93,0.02,0.31,0.66,13.64,0.1,0.01,1.84,2,0.05,0.02,0.01,0.0890955,2.52,8.73,9.68,6.08,0.91,4.12,2.85,2.48,2.7,0.73,1.79,0.7,1.69,0.59,1.41,0.55,0.0328805,0.01,0.7,-9999,-9999,-9999,-9999,-9999,-9999,-9999,-9999,bulk rain w/o oil
9/5/2012 0:00,RainColl_MCZOB,JEMEZ_P145,PrcpColl,339,Grab,Precipitation,-9999,-9999,-9999,-9999,-9999,-9999,-9999,-9999,-9999,-9999,-9999,-9999,-9999,-9999,-9999,-9999,-9999,-9999,-9999,-9999,-9999,-9999,-9999,-9999,-9999,-9999,-9999,-9999,-9999,-9999,-9999,-9999,-9999,-9999,-9999,-9999,-9999,-9999,-9999,-9999,-9999,-9999,-9999,-9999,-9999,-9999,-9999,-9999,-9999,-9999,-9999,-9999,-9999,-9999,-9999,-48.51,-7.26,-9999,-9999,-9999,-9999,-9999,-9999,bulk rain w/ oil
9/26/2012 0:00,RainColl_MCZOB,JEMEZ_P146,PrcpColl,504,Grab,Precipitation,-9999,7.366,13.943,1.185,0.41,1.67,0.95,15.55,5.14,0.725,0.0021215,83.6,48,39,7.38,1347.148,104.42,118,391,0.93,0.05,0.05,7.49,1.57,0.01,0.26,0.8,19.24,0.07,0.03,1.68,2,0.05,0.02,0.01,0.01,3.58,2.74,9.58,7.86,1.8,6.32,2.83,1,4.2,0.72,1.18,0.7,1.3,0.16,0.93,0.78,0.0328805,0.02,0.2,-9999,-9999,-9999,-9999,-9999,-9999,-9999,-9999,bulk rain w/o oil
9/26/2012 0:00,RainColl_MCZOB,JEMEZ_P147,PrcpColl,504,Grab,Precipitation,-9999,-9999,-9999,-9999,-9999,-9999,-9999,-9999,-9999,-9999,-9999,-9999,-9999,-9999,-9999,-9999,-9999,-9999,-9999,-9999,-9999,-9999,-9999,-9999,-9999,-9999,-9999,-9999,-9999,-9999,-9999,-9999,-9999,-9999,-9999,-9999,-9999,-9999,-9999,-9999,-9999,-9999,-9999,-9999,-9999,-9999,-9999,-9999,-9999,-9999,-9999,-9999,-9999,-9999,-9999,-95.05,-13.77,-9999,-9999,-9999,-9999,-9999,-9999,bulk rain w/ oil
9/20/2012 0:00,RainColl_UJ,JEMEZ_P148,PrcpColl,576,Grab,Precipitation,-9999,-9999,-9999,-9999,-9999,-9999,-9999,-9999,-9999,-9999,-9999,-9999,-9999,-9999,-9999,-9999,-9999,-9999,-9999,-9999,-9999,-9999,-9999,-9999,-9999,-9999,-9999,-9999,-9999,-9999,-9999,-9999,-9999,-9999,-9999,-9999,-9999,-9999,-9999,-9999,-9999,-9999,-9999,-9999,-9999,-9999,-9999,-9999,-9999,-9999,-9999,-9999,-9999,-9999,-9999,-90.95,-12.14,-9999,-9999,-9999,-9999,-9999,-9999,bulk rain w/ oil
9/20/2012 0:00,RainColl_UJ,JEMEZ_P149,PrcpColl,576,Grab,Precipitation,-9999,1.008,0.2586,1.185,0.41,1.67,0.95,14.26,0.42,0.725,0.0021215,81.79,36,27,3.86,1350.5764,87.82,40,268,0.89,0.17,0.09,3.26,0.45,0.02,0.01,0.16,21.79,0.03,0.09,1.3,1,0.07,0.02,0.019092,0.02,0.06,2.64,6,3.57,0.95,2.08,1.79,1.17,2.04,0.49,0.93,0.28,2.32,0.36,0.84,0.55,0.01,0.05,0.068246,-9999,-9999,-9999,-9999,-9999,-9999,-9999,-9999,bulk rain w/o oil
9/20/2012 0:00,RainColl_LLJ,JEMEZ_P150,PrcpColl,576,Grab,Precipitation,-9999,-9999,-9999,-9999,-9999,-9999,-9999,-9999,-9999,-9999,-9999,-9999,-9999,-9999,-9999,-9999,-9999,-9999,-9999,-9999,-9999,-9999,-9999,-9999,-9999,-9999,-9999,-9999,-9999,-9999,-9999,-9999,-9999,-9999,-9999,-9999,-9999,-9999,-9999,-9999,-9999,-9999,-9999,-9999,-9999,-9999,-9999,-9999,-9999,-9999,-9999,-9999,-9999,-9999,-9999,-90.89,-12.85,-9999,-9999,-9999,-9999,-9999,-9999,bulk rain w/ oil
9/20/2012 0:00,RainColl_LLJ,JEMEZ_P151,PrcpColl,576,Grab,Precipitation,-9999,3.869,0.4549,1.185,0.41,1.67,0.95,5.47,0.42,0.725,0.0021215,87.81,42,101,8.82,1524.2968,105.73,303,1500,0.93,0.12,0.01,10.22,11.02,0.02,0.33,0.78,6.57,0.1,0.03,2.89,3,0.07,0.01,0.09,0.0890955,0.07,4.54,8.15,5.11,0.86,3.42,1.64,1.25,4.85,0.43,1.86,0.38,1.3,0.59,1.21,0.99,0.0328805,0.02,0.2,-9999,-9999,-9999,-9999,-9999,-9999,-9999,-9999,bulk rain w/o oil
9/12/2012 0:00,RainColl_HQ,JEMEZ_P152,PrcpColl_Auto,24,Automated,Precipitation,-9999,-9999,-9999,-9999,-9999,-9999,-9999,-9999,-9999,-9999,-9999,-9999,-9999,-9999,-9999,-9999,-9999,-9999,-9999,-9999,-9999,-9999,-9999,-9999,-9999,-9999,-9999,-9999,-9999,-9999,-9999,-9999,-9999,-9999,-9999,-9999,-9999,-9999,-9999,-9999,-9999,-9999,-9999,-9999,-9999,-9999,-9999,-9999,-9999,-9999,-9999,-9999,-9999,-9999,-9999,-58.85,-8.87,-9999,-9999,-9999,-9999,-9999,-9999,Isco
9/13/2012 0:00,RainColl_HQ,JEMEZ_P153,PrcpColl_Auto,24,Automated,Precipitation,-9999,-9999,-9999,-9999,-9999,-9999,-9999,-9999,-9999,-9999,-9999,-9999,-9999,-9999,-9999,-9999,-9999,-9999,-9999,-9999,-9999,-9999,-9999,-9999,-9999,-9999,-9999,-9999,-9999,-9999,-9999,-9999,-9999,-9999,-9999,-9999,-9999,-9999,-9999,-9999,-9999,-9999,-9999,-9999,-9999,-9999,-9999,-9999,-9999,-9999,-9999,-9999,-9999,-9999,-9999,-108.6,-15.19,-9999,-9999,-9999,-9999,-9999,-9999,Isco
9/12/2012 0:00,RainISCO_JC,JEMEZ_P154,PrcpColl_Auto,24,Automated,Precipitation,-9999,-9999,-9999,-9999,-9999,-9999,-9999,-9999,-9999,-9999,-9999,-9999,-9999,-9999,-9999,-9999,-9999,-9999,-9999,-9999,-9999,-9999,-9999,-9999,-9999,-9999,-9999,-9999,-9999,-9999,-9999,-9999,-9999,-9999,-9999,-9999,-9999,-9999,-9999,-9999,-9999,-9999,-9999,-9999,-9999,-9999,-9999,-9999,-9999,-9999,-9999,-9999,-9999,-9999,-9999,-57.41,-8.23,-9999,-9999,-9999,-9999,-9999,-9999,Isco
9/13/2012 0:00,RainISCO_JC,JEMEZ_P155,PrcpColl_Auto,24,Automated,Precipitation,-9999,-9999,-9999,-9999,-9999,-9999,-9999,-9999,-9999,-9999,-9999,-9999,-9999,-9999,-9999,-9999,-9999,-9999,-9999,-9999,-9999,-9999,-9999,-9999,-9999,-9999,-9999,-9999,-9999,-9999,-9999,-9999,-9999,-9999,-9999,-9999,-9999,-9999,-9999,-9999,-9999,-9999,-9999,-9999,-9999,-9999,-9999,-9999,-9999,-9999,-9999,-9999,-9999,-9999,-9999,-88.37,-11.63,-9999,-9999,-9999,-9999,-9999,-9999,Isco
10/4/2012 0:00,RainColl_UJ,JEMEZ_P157,PrcpColl,336,Grab,Precipitation,-9999,9.801,14.885,1.185,54.91,1.67,0.95,67.85,47.22,28.85,-9999,-9999,-9999,-9999,-9999,-9999,-9999,-9999,-9999,-9999,-9999,-9999,-9999,-9999,-9999,-9999,-9999,-9999,-9999,-9999,-9999,-9999,-9999,-9999,-9999,-9999,-9999,-9999,-9999,-9999,-9999,-9999,-9999,-9999,-9999,-9999,-9999,-9999,-9999,-9999,-9999,-9999,-9999,-9999,-9999,-9999,-9999,-9999,-9999,-9999,-9999,-9999,-9999,bulk rain w/o oil
10/17/2012 0:00,RainColl_LLJ,JEMEZ_P159,PrcpColl,312,Grab,Precipitation,-9999,7.068,1.139,1.185,0.41,1.67,0.95,23.73,16.41,0.725,0.01,155.45,127,128,10.69,71.02,82.19,842,1695,1.17,0.43,0.25,15.12,9.99,0.02,0.85,0.99,7.18,0.17,0.04,4.3,12,0.16,0.006364,0.04,0.04,0.41,8.06,13.26,11.44,3.51,8.91,5.82,4.34,4.06,1.78,3.13,2.17,3.25,2,2.77,2.07,0.03,0.04,1.42,-9999,-9999,-9999,-9999,-9999,-9999,-9999,-9999,bulk rain w/o oil
