Study_ID,Comparison_ID,Pair_Burn,Pair_Unburn,pair_key,response_var,year,lnRR_mean,lnRR_sd,lnRR_n,lnRR_area_mean,lnRR_area_sd,lnRR_area_n,lnRR_var,lnRR_area_var
Burd et al 2018,Burd_et_al_2018_C1,Site_1,Control_1,Burd et al 2018 | Burd_et_al_2018_C1 | Site_1 | Control_1,DOC,2016,0.0634960942570269,0.12330123123185743,124,-0.8101052289220776,0.12330123123185745,124,1.226064001878385e-4,1.2260640018783855e-4
Coombs & Melack; 2013,Coombs_Melack_2013_C1,Site_1,Control_1_2_3,Coombs & Melack; 2013 | Coombs_Melack_2013_C1 | Site_1 | Control_1_2_3,NO3,2004,1.6413547247701965,0.19456485886664052,5,1.7286829083520532,0.1945648588666404,5,0.007571096861159149,0.007571096861159141
Coombs & Melack; 2013,Coombs_Melack_2013_C1,Site_1,Control_1_2_3,Coombs & Melack; 2013 | Coombs_Melack_2013_C1 | Site_1 | Control_1_2_3,NO3,2005,1.8620299825576918,0.4101347016309743,5,1.9493581661395485,0.4101347016309744,5,0.03364209469638567,0.033642094696385676
Coombs & Melack; 2013,Coombs_Melack_2013_C2,Site_2,Control_1_2_3,Coombs & Melack; 2013 | Coombs_Melack_2013_C2 | Site_2 | Control_1_2_3,NO3,2004,0.01022704586179528,0.3968979990243375,6,-2.1966296614251273,0.3968979990243375,6,0.026254670271587167,0.026254670271587167
Coombs & Melack; 2013,Coombs_Melack_2013_C2,Site_2,Control_1_2_3,Coombs & Melack; 2013 | Coombs_Melack_2013_C2 | Site_2 | Control_1_2_3,NO3,2005,0.5858263209295171,0.3964643661945609,5,-1.6210303863574052,0.3964643661945609,5,0.031436798732410974,0.031436798732410974
Coombs & Melack; 2013,Coombs_Melack_2013_C3,Site_3,Control_1_2_3,Coombs & Melack; 2013 | Coombs_Melack_2013_C3 | Site_3 | Control_1_2_3,NO3,2004,0.4754831500823841,0.12180331771670938,5,-0.16122271957260936,0.12180331771670937,5,0.00296720964135953,0.002967209641359529
Coombs & Melack; 2013,Coombs_Melack_2013_C3,Site_3,Control_1_2_3,Coombs & Melack; 2013 | Coombs_Melack_2013_C3 | Site_3 | Control_1_2_3,NO3,2005,1.0071823644981575,0.324931654240951,5,0.37047649484316414,0.324931654240951,5,0.021116115985552186,0.021116115985552186
Crandall et al. 2021,Crandall_et_al_2021_C1,Site_1,Control_1,Crandall et al. 2021 | Crandall_et_al_2021_C1 | Site_1 | Control_1,DOC,2018,0.5555476065256095,0.9952542302373352,39,0.5149638992934483,0.963548588734365,39,0.025398230328341296,0.023805791867999655
Crandall et al. 2021,Crandall_et_al_2021_C1,Site_1,Control_1,Crandall et al. 2021 | Crandall_et_al_2021_C1 | Site_1 | Control_1,NO3,2018,1.0975083119491864,2.1128499633329416,42,1.0505090481182087,2.0795363137902245,42,0.10628892779895269,0.10296360191362464
Crandall et al. 2021,Crandall_et_al_2021_C2,Site_2,Control_2,Crandall et al. 2021 | Crandall_et_al_2021_C2 | Site_2 | Control_2,DOC,2018,0.8593167500153459,0.9449470574411422,29,-0.11397485386716569,1.6823278204210812,29,0.030790515219540456,0.09759403087457744
Crandall et al. 2021,Crandall_et_al_2021_C2,Site_2,Control_2,Crandall et al. 2021 | Crandall_et_al_2021_C2 | Site_2 | Control_2,NO3,2018,-4.15558386727907,1.5978633379442335,53,-5.372906904125162,1.6961058868581493,53,0.04817296691974128,0.054278776970469234
Crandall et al. 2021,Crandall_et_al_2021_C3,Site_3,Control_3_4,Crandall et al. 2021 | Crandall_et_al_2021_C3 | Site_3 | Control_3_4,DOC,2018,0.6533721793909826,0.4440048997053352,22,0.6861243168490804,0.4440048997053352,22,0.008960925043742943,0.008960925043742943
Crandall et al. 2021,Crandall_et_al_2021_C3,Site_3,Control_3_4,Crandall et al. 2021 | Crandall_et_al_2021_C3 | Site_3 | Control_3_4,NO3,2018,0.32997546717003856,0.6630541840161758,24,0.36272760462813647,0.6630541840161758,24,0.018318368789223195,0.018318368789223195
Crandall et al. 2021,Crandall_et_al_2021_C4,Site_4,Control_3_4,Crandall et al. 2021 | Crandall_et_al_2021_C4 | Site_4 | Control_3_4,DOC,2018,1.3838448742729266,0.7498784836797308,17,1.4534840015380854,0.7498784836797308,17,0.03307751413445954,0.03307751413445954
Crandall et al. 2021,Crandall_et_al_2021_C4,Site_4,Control_3_4,Crandall et al. 2021 | Crandall_et_al_2021_C4 | Site_4 | Control_3_4,NO3,2018,-0.6965704876457572,1.3566730591590932,18,-0.6269313603805984,1.3566730591590932,18,0.10225343274711624,0.10225343274711624
Gerla & Galloway; 1998,Gerla_Galloway_1998_C1,Site_1,Control_1,Gerla & Galloway; 1998 | Gerla_Galloway_1998_C1 | Site_1 | Control_1,NO3,1989,-1.0698598048488752,1.1772685259237323,209,-1.331165934025306,1.1772685259237323,209,0.006631393215936065,0.006631393215936065
Gerla & Galloway; 1998,Gerla_Galloway_1998_C1,Site_1,Control_1,Gerla & Galloway; 1998 | Gerla_Galloway_1998_C1 | Site_1 | Control_1,NO3,1990,1.2920497232831936,1.7264804188034681,177,1.0307435941067626,1.7264804188034684,177,0.016840308680857622,0.016840308680857626
Gerla & Galloway; 1998,Gerla_Galloway_1998_C1,Site_1,Control_1,Gerla & Galloway; 1998 | Gerla_Galloway_1998_C1 | Site_1 | Control_1,NO3,1991,1.4389922147206464,1.3067346625830345,167,1.1776860855442153,1.3067346625830345,167,0.010224883104167647,0.010224883104167647
Gerla & Galloway; 1998,Gerla_Galloway_1998_C1,Site_1,Control_1,Gerla & Galloway; 1998 | Gerla_Galloway_1998_C1 | Site_1 | Control_1,NO3,1992,2.1267434839237955,0.6151249809600783,166,1.8654373547473644,0.6151249809600783,166,0.0022793900132598594,0.0022793900132598594
Gerla & Galloway; 1998,Gerla_Galloway_1998_C1,Site_1,Control_1,Gerla & Galloway; 1998 | Gerla_Galloway_1998_C1 | Site_1 | Control_1,NO3,1993,1.8053997625902403,0.8023089711978294,149,1.5440936334138093,0.8023089711978293,149,0.004320132115869259,0.004320132115869257
Gluns & Toews; 1989,Gluns_Toews_1989_C1,Site_1,Control_1_2,Gluns & Toews; 1989 | Gluns_Toews_1989_C1 | Site_1 | Control_1_2,NO3,1985,1.482217089339393,0.20171987115455325,59,2.0747770329941697,0.20171987115455325,59,6.896763799764333e-4,6.896763799764333e-4
Gluns & Toews; 1989,Gluns_Toews_1989_C1,Site_1,Control_1_2,Gluns & Toews; 1989 | Gluns_Toews_1989_C1 | Site_1 | Control_1_2,NO3,1986,1.0734730477169836,0.8473707147809391,198,1.6660329913717606,0.8473707147809391,198,0.0036264501427694927,0.0036264501427694927
Gluns & Toews; 1989,Gluns_Toews_1989_C1,Site_1,Control_1_2,Gluns & Toews; 1989 | Gluns_Toews_1989_C1 | Site_1 | Control_1_2,NO3,1987,1.5806680753649678,1.067195552936144,217,2.1732280190197444,1.067195552936144,217,0.005248416351182868,0.005248416351182868
Gluns & Toews; 1989,Gluns_Toews_1989_C1,Site_1,Control_1_2,Gluns & Toews; 1989 | Gluns_Toews_1989_C1 | Site_1 | Control_1_2,NO3,1988,1.006024676511833,1.058635623387954,152,1.5985846201666098,1.0586356233879541,152,0.007373088046750012,0.007373088046750014
Gluns & Toews; 1989,Gluns_Toews_1989_C2,Site_2,Control_1_2,Gluns & Toews; 1989 | Gluns_Toews_1989_C2 | Site_2 | Control_1_2,NO3,1985,1.4767485125948303,0.3007135093566447,92,1.5680982911830583,0.30071350935664465,92,9.829197251042265e-4,9.82919725104226e-4
Gluns & Toews; 1989,Gluns_Toews_1989_C2,Site_2,Control_1_2,Gluns & Toews; 1989 | Gluns_Toews_1989_C2 | Site_2 | Control_1_2,NO3,1986,1.2241910762403483,0.9289740284188026,227,1.315540854828576,0.9289740284188025,227,0.003801730156284838,0.003801730156284837
Gluns & Toews; 1989,Gluns_Toews_1989_C2,Site_2,Control_1_2,Gluns & Toews; 1989 | Gluns_Toews_1989_C2 | Site_2 | Control_1_2,NO3,1987,1.7403125674407716,0.9365726785975759,240,1.8316623460289994,0.9365726785975759,240,0.0036548682595643257,0.0036548682595643257
Gluns & Toews; 1989,Gluns_Toews_1989_C2,Site_2,Control_1_2,Gluns & Toews; 1989 | Gluns_Toews_1989_C2 | Site_2 | Control_1_2,NO3,1988,1.6162268949377576,0.7832334030501773,144,1.7075766735259854,0.7832334030501773,144,0.004260101136483066,0.004260101136483066
Hauer & Spencer 1998,Hauer_Spencer_1998_C1,Site_1,Control_1,Hauer & Spencer 1998 | Hauer_Spencer_1998_C1 | Site_1 | Control_1,NO3,1989,2.519831024407016,0.011969901236664247,24,2.7826155452370696,0.011969901236664249,24,5.9699389839790116e-06,5.969938983979013e-6
Hauer & Spencer 1998,Hauer_Spencer_1998_C1,Site_1,Control_1,Hauer & Spencer 1998 | Hauer_Spencer_1998_C1 | Site_1 | Control_1,NO3,1991,-0.2762309528734763,7.356138849316857e-4,20,-0.013446432043422673,7.35613884931701e-4,20,2.7056389385214368e-08,2.7056389385215496e-8
Hauer & Spencer 1998,Hauer_Spencer_1998_C1,Site_1,Control_1,Hauer & Spencer 1998 | Hauer_Spencer_1998_C1 | Site_1 | Control_1,NO3,1993,-0.5181461691129526,0.336625226727269,70,-0.255361648282899,0.336625226727269,70,0.0016188077609883612,0.0016188077609883612
Hauer & Spencer 1998,Hauer_Spencer_1998_C2,Site_2,Control_2,Hauer & Spencer 1998 | Hauer_Spencer_1998_C2 | Site_2 | Control_2,NO3,1989,0.8094199334499694,0.2535857292873179,25,2.0051872899784953,0.25358572928731793,25,0.0025722288839272345,0.0025722288839272354
Hauer & Spencer 1998,Hauer_Spencer_1998_C2,Site_2,Control_2,Hauer & Spencer 1998 | Hauer_Spencer_1998_C2 | Site_2 | Control_2,NO3,1991,1.3484728992566015,0.33177511706275337,21,2.544240255785127,0.3317751170627533,21,0.005241653728666843,0.005241653728666841
Hauer & Spencer 1998,Hauer_Spencer_1998_C2,Site_2,Control_2,Hauer & Spencer 1998 | Hauer_Spencer_1998_C2 | Site_2 | Control_2,NO3,1993,1.3404240621742258,0.15924695017203333,68,2.5361914187027512,0.15924695017203333,68,3.7293516381020685e-4,3.7293516381020685e-4
Hauer & Spencer 1998,Hauer_Spencer_1998_C3,Site_3,Control_3_4_5,Hauer & Spencer 1998 | Hauer_Spencer_1998_C3 | Site_3 | Control_3_4_5,NO3,1989,2.376176291505856,0.6554115699524804,26,3.1855326460859668,0.6554115699524806,26,0.01652170484721443,0.01652170484721444
Hauer & Spencer 1998,Hauer_Spencer_1998_C3,Site_3,Control_3_4_5,Hauer & Spencer 1998 | Hauer_Spencer_1998_C3 | Site_3 | Control_3_4_5,NO3,1990,1.7040711183337776,0.6519240230816853,100,2.5134274729138886,0.6519240230816853,100,0.004250049318710097,0.004250049318710097
Hauer & Spencer 1998,Hauer_Spencer_1998_C3,Site_3,Control_3_4_5,Hauer & Spencer 1998 | Hauer_Spencer_1998_C3 | Site_3 | Control_3_4_5,NO3,1991,2.5164534692131104,0.1147675870321102,19,3.325809823793221,0.1147675870321101,19,6.932420543775256e-4,6.932420543775245e-4
Hauer & Spencer 1998,Hauer_Spencer_1998_C3,Site_3,Control_3_4_5,Hauer & Spencer 1998 | Hauer_Spencer_1998_C3 | Site_3 | Control_3_4_5,NO3,1993,2.6736963655425976,1.3245291565569541,71,3.4830527201227084,1.3245291565569546,71,0.02470954206435882,0.02470954206435884
Hauer & Spencer 1998,Hauer_Spencer_1998_C4,Site_4,Control_3_4_5,Hauer & Spencer 1998 | Hauer_Spencer_1998_C4 | Site_4 | Control_3_4_5,NO3,1991,2.5826629593451162,0.18121099575286828,21,3.1867357602011777,0.18121099575286834,21,0.001563686903892669,0.0015636869038926696
Hauer & Spencer 1998,Hauer_Spencer_1998_C4,Site_4,Control_3_4_5,Hauer & Spencer 1998 | Hauer_Spencer_1998_C4 | Site_4 | Control_3_4_5,NO3,1993,1.164029945386817,2.290007498198566,70,1.768102746242878,2.290007498198566,70,0.07491620488293793,0.07491620488293793
Hauer & Spencer 1998,Hauer_Spencer_1998_C5,Site_5,Control_3_4_5,Hauer & Spencer 1998 | Hauer_Spencer_1998_C5 | Site_5 | Control_3_4_5,NO3,1989,2.700909626103924,0.2813231189740727,60,3.2587314093092292,0.2813231189740727,60,0.0013190449544883377,0.0013190449544883377
Hauer & Spencer 1998,Hauer_Spencer_1998_C5,Site_5,Control_3_4_5,Hauer & Spencer 1998 | Hauer_Spencer_1998_C5 | Site_5 | Control_3_4_5,NO3,1990,2.226833588382098,0.3512542647499728,19,2.7846553715874034,0.3512542647499728,19,0.006493660973949683,0.006493660973949683
Hauer & Spencer 1998,Hauer_Spencer_1998_C5,Site_5,Control_3_4_5,Hauer & Spencer 1998 | Hauer_Spencer_1998_C5 | Site_5 | Control_3_4_5,NO3,1991,2.4965759490770547,0.11855904136597012,14,3.0543977322823603,0.11855904136597008,14,0.001004017592115558,0.0010040175921155574
Hickenbottom et al. 2023,Hickenbottom_et_al_2023_C1,Site_1,Control_1,Hickenbottom et al. 2023 | Hickenbottom_et_al_2023_C1 | Site_1 | Control_1,DOC,2022,0.7906213914156167,0.16638024913375665,80,0.1765288445013663,0.16638024913375665,80,3.460298412726366e-4,3.460298412726366e-4
Hickenbottom et al. 2023,Hickenbottom_et_al_2023_C1,Site_1,Control_1,Hickenbottom et al. 2023 | Hickenbottom_et_al_2023_C1 | Site_1 | Control_1,NO3,2022,0.759694234359738,1.5210808963147875,64,0.14560168744548763,1.5210808963147877,64,0.036151360830215584,0.03615136083021559
Hickenbottom et al. 2023,Hickenbottom_et_al_2023_C2,Site_2,Control_2,Hickenbottom et al. 2023 | Hickenbottom_et_al_2023_C2 | Site_2 | Control_2,DOC,2022,0.8332892368696152,0.25623317796730466,4,0.25974572707899857,0.2562331779673047,4,0.016413860372806104,0.01641386037280611
Hickenbottom et al. 2023,Hickenbottom_et_al_2023_C2,Site_2,Control_2,Hickenbottom et al. 2023 | Hickenbottom_et_al_2023_C2 | Site_2 | Control_2,NO3,2022,-0.6608779199911599,1.8173100064290557,2,-1.2344214297817762,1.8173100064290555,2,1.6513078297335873,1.6513078297335868
Mast & Clow; 2008,Mast_Clow_2008_C1,Site_1,Control_1,Mast & Clow; 2008 | Mast_Clow_2008_C1 | Site_1 | Control_1,DOC,2004,0.383496715479039,0.2694123701519497,139,-0.3284991906395737,0.26941237015194963,139,5.221800373445406e-4,5.221800373445405e-4
Mast & Clow; 2008,Mast_Clow_2008_C1,Site_1,Control_1,Mast & Clow; 2008 | Mast_Clow_2008_C1 | Site_1 | Control_1,DOC,2005,0.7214406160987815,0.2957344767000377,221,0.009444709980168726,0.2957344767000377,221,3.957415416698876e-4,3.957415416698876e-4
Mast & Clow; 2008,Mast_Clow_2008_C1,Site_1,Control_1,Mast & Clow; 2008 | Mast_Clow_2008_C1 | Site_1 | Control_1,DOC,2006,0.3541993377364662,0.23712726085000757,234,-0.3577965683821465,0.23712726085000754,234,2.4029631554798092e-4,2.4029631554798084e-4
Mast & Clow; 2008,Mast_Clow_2008_C1,Site_1,Control_1,Mast & Clow; 2008 | Mast_Clow_2008_C1 | Site_1 | Control_1,DOC,2007,0.6843212665844314,0.0899570883086248,123,-0.027674639534181415,0.08995708830862481,123,6.57908759102904e-5,6.579087591029043e-5
Mast & Clow; 2008,Mast_Clow_2008_C1,Site_1,Control_1,Mast & Clow; 2008 | Mast_Clow_2008_C1 | Site_1 | Control_1,NO3,2004,1.5273101649022436,0.6035740141577578,215,0.8153142587836307,0.6035740141577578,215,0.0016944260026349267,0.0016944260026349267
Mast & Clow; 2008,Mast_Clow_2008_C1,Site_1,Control_1,Mast & Clow; 2008 | Mast_Clow_2008_C1 | Site_1 | Control_1,NO3,2005,1.2466948832010674,0.38707146658440916,316,0.5346989770824545,0.3870714665844092,316,4.7412759570824485e-4,4.74127595708245e-4
Mast & Clow; 2008,Mast_Clow_2008_C1,Site_1,Control_1,Mast & Clow; 2008 | Mast_Clow_2008_C1 | Site_1 | Control_1,NO3,2006,1.2252520883278786,0.4878243403289715,261,0.5132561822092658,0.4878243403289715,261,9.117723640513263e-4,9.117723640513263e-4
Mast & Clow; 2008,Mast_Clow_2008_C1,Site_1,Control_1,Mast & Clow; 2008 | Mast_Clow_2008_C1 | Site_1 | Control_1,NO3,2007,0.922578246187251,0.48041927403156687,138,0.21058234006863835,0.48041927403156687,138,0.0016724831801523024,0.0016724831801523024
Murphy et al. 2018,Murphy_et_al_2018_C1,Site_1,Control_1_2_3,Murphy et al. 2018 | Murphy_et_al_2018_C1 | Site_1 | Control_1_2_3,DOC,2011,0.031218434928070804,0.2543612347508,305,-0.32545650901066164,0.2543612347508,305,2.1212995981623474e-4,2.1212995981623474e-4
Murphy et al. 2018,Murphy_et_al_2018_C1,Site_1,Control_1_2_3,Murphy et al. 2018 | Murphy_et_al_2018_C1 | Site_1 | Control_1_2_3,DOC,2012,-0.009352976426713039,0.13188288101029458,264,-0.3660279203654455,0.13188288101029458,264,6.588293296808907e-5,6.588293296808907e-5
Murphy et al. 2018,Murphy_et_al_2018_C1,Site_1,Control_1_2_3,Murphy et al. 2018 | Murphy_et_al_2018_C1 | Site_1 | Control_1_2_3,DOC,2013,0.0018152434524691455,0.13889706116336978,213,-0.3548597004862633,0.13889706116336978,213,9.057461783953468e-5,9.057461783953468e-5
Murphy et al. 2018,Murphy_et_al_2018_C1,Site_1,Control_1_2_3,Murphy et al. 2018 | Murphy_et_al_2018_C1 | Site_1 | Control_1_2_3,DOC,2014,-0.04364970492250701,0.09724137704092652,173,-0.4003246488612395,0.09724137704092653,173,5.4658297160783994e-5,5.465829716078401e-5
Murphy et al. 2018,Murphy_et_al_2018_C1,Site_1,Control_1_2_3,Murphy et al. 2018 | Murphy_et_al_2018_C1 | Site_1 | Control_1_2_3,DOC,2015,0.009467226822968007,0.04573382891813926,207,-0.3472077171157644,0.04573382891813928,207,1.0104266219872614e-5,1.010426621987262e-5
Murphy et al. 2018,Murphy_et_al_2018_C1,Site_1,Control_1_2_3,Murphy et al. 2018 | Murphy_et_al_2018_C1 | Site_1 | Control_1_2_3,NO3,2011,0.44993447824482435,1.1454859233276251,305,0.09325953430609193,1.1454859233276251,305,0.004302091805054891,0.004302091805054891
Murphy et al. 2018,Murphy_et_al_2018_C1,Site_1,Control_1_2_3,Murphy et al. 2018 | Murphy_et_al_2018_C1 | Site_1 | Control_1_2_3,NO3,2012,0.6170858819718654,0.8206388354050939,264,0.2604109380331329,0.8206388354050937,264,0.002550939765814503,0.0025509397658145024
Murphy et al. 2018,Murphy_et_al_2018_C1,Site_1,Control_1_2_3,Murphy et al. 2018 | Murphy_et_al_2018_C1 | Site_1 | Control_1_2_3,NO3,2013,0.9276565210831899,0.7960273102020093,213,0.5709815771444574,0.7960273102020095,213,0.0029749271295185257,0.0029749271295185266
Murphy et al. 2018,Murphy_et_al_2018_C1,Site_1,Control_1_2_3,Murphy et al. 2018 | Murphy_et_al_2018_C1 | Site_1 | Control_1_2_3,NO3,2014,0.47063469787218154,0.4380754849707969,173,0.11395975393344918,0.4380754849707969,173,0.00110930711290404,0.00110930711290404
Murphy et al. 2018,Murphy_et_al_2018_C1,Site_1,Control_1_2_3,Murphy et al. 2018 | Murphy_et_al_2018_C1 | Site_1 | Control_1_2_3,NO3,2015,0.9746252383101225,0.5594267940982999,207,0.6179502943713903,0.5594267940982999,207,0.0015118760287686067,0.0015118760287686067
Murphy et al. 2018,Murphy_et_al_2018_C2,Site_2,Control_1_2_3,Murphy et al. 2018 | Murphy_et_al_2018_C2 | Site_2 | Control_1_2_3,DOC,2011,0.28028868712806826,0.40799573175040255,305,-0.37749134959458575,0.40799573175040255,305,5.457721873001523e-4,5.457721873001523e-4
Murphy et al. 2018,Murphy_et_al_2018_C2,Site_2,Control_1_2_3,Murphy et al. 2018 | Murphy_et_al_2018_C2 | Site_2 | Control_1_2_3,DOC,2012,0.18265869089499198,0.28588341822340985,264,-0.4751213458276621,0.28588341822340985,264,3.0958079096629187e-4,3.0958079096629187e-4
Murphy et al. 2018,Murphy_et_al_2018_C2,Site_2,Control_1_2_3,Murphy et al. 2018 | Murphy_et_al_2018_C2 | Site_2 | Control_1_2_3,DOC,2013,0.12305649912924103,0.2450291803948244,270,-0.5347235375934131,0.2450291803948244,270,2.2236777498133112e-4,2.2236777498133112e-4
Murphy et al. 2018,Murphy_et_al_2018_C2,Site_2,Control_1_2_3,Murphy et al. 2018 | Murphy_et_al_2018_C2 | Site_2 | Control_1_2_3,DOC,2014,0.04851044651433471,0.1587127732920856,173,-0.6092695902083194,0.1587127732920856,173,1.4560545899459517e-4,1.4560545899459517e-4
Murphy et al. 2018,Murphy_et_al_2018_C2,Site_2,Control_1_2_3,Murphy et al. 2018 | Murphy_et_al_2018_C2 | Site_2 | Control_1_2_3,DOC,2015,0.17774526497732746,0.24298370070634595,154,-0.4800347717453266,0.24298370070634595,154,3.833836286295526e-4,3.833836286295526e-4
Murphy et al. 2018,Murphy_et_al_2018_C2,Site_2,Control_1_2_3,Murphy et al. 2018 | Murphy_et_al_2018_C2 | Site_2 | Control_1_2_3,NO3,2011,1.436502945987974,1.700916045169087,305,0.7787229092653198,1.700916045169087,305,0.009485624238405403,0.009485624238405403
Murphy et al. 2018,Murphy_et_al_2018_C2,Site_2,Control_1_2_3,Murphy et al. 2018 | Murphy_et_al_2018_C2 | Site_2 | Control_1_2_3,NO3,2012,1.6261474792435584,1.142825096324876,264,0.9683674425209043,1.1428250963248763,264,0.004947156063598342,0.004947156063598343
Murphy et al. 2018,Murphy_et_al_2018_C2,Site_2,Control_1_2_3,Murphy et al. 2018 | Murphy_et_al_2018_C2 | Site_2 | Control_1_2_3,NO3,2013,1.7502398994205772,0.9554867122478168,270,1.0924598626979232,0.9554867122478168,270,0.003381314286230156,0.003381314286230156
Murphy et al. 2018,Murphy_et_al_2018_C2,Site_2,Control_1_2_3,Murphy et al. 2018 | Murphy_et_al_2018_C2 | Site_2 | Control_1_2_3,NO3,2014,0.8657917321847591,0.7772875395611802,173,0.208011695462105,0.7772875395611802,173,0.0034923463535090947,0.0034923463535090947
Murphy et al. 2018,Murphy_et_al_2018_C2,Site_2,Control_1_2_3,Murphy et al. 2018 | Murphy_et_al_2018_C2 | Site_2 | Control_1_2_3,NO3,2015,0.8387757385800513,0.9661294731903254,154,0.18099570185739694,0.9661294731903254,154,0.00606107895433127,0.00606107895433127
Murphy et al. 2018,Murphy_et_al_2018_C3,Site_3,Control_1_2_3,Murphy et al. 2018 | Murphy_et_al_2018_C3 | Site_3 | Control_1_2_3,DOC,2011,0.4012904353386797,0.3884411713753357,305,-0.4891873655029959,0.3884411713753358,305,4.947099790801406e-4,4.947099790801409e-4
Murphy et al. 2018,Murphy_et_al_2018_C3,Site_3,Control_1_2_3,Murphy et al. 2018 | Murphy_et_al_2018_C3 | Site_3 | Control_1_2_3,DOC,2012,0.25401774716919967,0.2668997804945673,264,-0.6364600536724758,0.2668997804945673,264,2.6983141222745535e-4,2.6983141222745535e-4
Murphy et al. 2018,Murphy_et_al_2018_C3,Site_3,Control_1_2_3,Murphy et al. 2018 | Murphy_et_al_2018_C3 | Site_3 | Control_1_2_3,DOC,2013,0.20062120160053448,0.2234969373486507,270,-0.689856599241141,0.22349693734865067,270,1.850032629786174e-4,1.8500326297861736e-4
Murphy et al. 2018,Murphy_et_al_2018_C3,Site_3,Control_1_2_3,Murphy et al. 2018 | Murphy_et_al_2018_C3 | Site_3 | Control_1_2_3,DOC,2014,0.10876719349817375,0.21357391646437401,173,-0.7817106073435017,0.21357391646437401,173,2.6366368667012373e-4,2.6366368667012373e-4
Murphy et al. 2018,Murphy_et_al_2018_C3,Site_3,Control_1_2_3,Murphy et al. 2018 | Murphy_et_al_2018_C3 | Site_3 | Control_1_2_3,DOC,2015,0.22757901283432688,0.23698152732788202,207,-0.6628987880073486,0.236981527327882,207,2.7130552799350575e-4,2.713055279935057e-4
Murphy et al. 2018,Murphy_et_al_2018_C3,Site_3,Control_1_2_3,Murphy et al. 2018 | Murphy_et_al_2018_C3 | Site_3 | Control_1_2_3,NO3,2011,0.6937520720033888,1.810957772764495,305,-0.19672572883828643,1.810957772764495,305,0.01075268214667587,0.01075268214667587
Murphy et al. 2018,Murphy_et_al_2018_C3,Site_3,Control_1_2_3,Murphy et al. 2018 | Murphy_et_al_2018_C3 | Site_3 | Control_1_2_3,NO3,2012,1.346287197338244,1.0580032181649628,264,0.4558093964965685,1.0580032181649628,264,0.004240040945634158,0.004240040945634158
Murphy et al. 2018,Murphy_et_al_2018_C3,Site_3,Control_1_2_3,Murphy et al. 2018 | Murphy_et_al_2018_C3 | Site_3 | Control_1_2_3,NO3,2013,1.5092732794213302,1.1667774701405746,270,0.6187954785796548,1.1667774701405742,270,0.005042109869731999,0.005042109869731994
Murphy et al. 2018,Murphy_et_al_2018_C3,Site_3,Control_1_2_3,Murphy et al. 2018 | Murphy_et_al_2018_C3 | Site_3 | Control_1_2_3,NO3,2014,0.526009703589153,1.0840693083810233,173,-0.3644680972525225,1.0840693083810233,173,0.006793099799848036,0.006793099799848036
Murphy et al. 2018,Murphy_et_al_2018_C3,Site_3,Control_1_2_3,Murphy et al. 2018 | Murphy_et_al_2018_C3 | Site_3 | Control_1_2_3,NO3,2015,0.7741934984396964,1.375217303067751,207,-0.11628430240197901,1.3752173030677508,207,0.009136341210903086,0.009136341210903082
Neary & Currier; 1982,Neary_Currier_1982_C1,Site_1,Control_1,Neary & Currier; 1982 | Neary_Currier_1982_C1 | Site_1 | Control_1,NO3,1978,0.9259049534099654,0.5843553370623037,237,1.4440432240222427,0.5843553370623038,237,0.0014408065820810064,0.0014408065820810073
Neary & Currier; 1982,Neary_Currier_1982_C1,Site_1,Control_1,Neary & Currier; 1982 | Neary_Currier_1982_C1 | Site_1 | Control_1,NO3,1979,0.41848557085366955,0.1301679914130511,41,0.9366238414659468,0.1301679914130511,41,4.132611216709304e-4,4.132611216709304e-4
Oliver et al. 2012,Oliver_et_al_2012_C1,Site_1,Control_1_2_3,Oliver et al. 2012 | Oliver_et_al_2012_C1 | Site_1 | Control_1_2_3,NO3,2008,0.8781560426632523,1.1802714314913338,132,-0.016716606303767777,1.1802714314913338,132,0.010553338272686381,0.010553338272686381
Oliver et al. 2012,Oliver_et_al_2012_C1,Site_1,Control_1_2_3,Oliver et al. 2012 | Oliver_et_al_2012_C1 | Site_1 | Control_1_2_3,NO3,2009,-0.13527642977524965,0.6808835196049504,86,-1.0301490787422696,0.6808835196049504,86,0.005390725200809592,0.005390725200809592
Oliver et al. 2012,Oliver_et_al_2012_C2,Site_2,Control_1_2_3,Oliver et al. 2012 | Oliver_et_al_2012_C2 | Site_2 | Control_1_2_3,NO3,2008,0.10459089657130487,1.2924144339670993,237,-1.0242103093864878,1.2924144339670995,237,0.007047827295892395,0.007047827295892398
Oliver et al. 2012,Oliver_et_al_2012_C2,Site_2,Control_1_2_3,Oliver et al. 2012 | Oliver_et_al_2012_C2 | Site_2 | Control_1_2_3,NO3,2009,-1.4283034293976016,1.0487353031564446,150,-2.557104635355394,1.0487353031564448,150,0.007332304907244265,0.007332304907244269
Oliver et al. 2012,Oliver_et_al_2012_C3,Site_3,Control_1_2_3,Oliver et al. 2012 | Oliver_et_al_2012_C3 | Site_3 | Control_1_2_3,NO3,2008,0.07154236880195668,1.6241205873805915,236,-1.640266520441604,1.6241205873805915,236,0.011176981704887616,0.011176981704887616
Oliver et al. 2012,Oliver_et_al_2012_C3,Site_3,Control_1_2_3,Oliver et al. 2012 | Oliver_et_al_2012_C3 | Site_3 | Control_1_2_3,NO3,2009,-0.4036728279971167,0.6983495560490598,141,-2.115481717240677,0.6983495560490597,141,0.0034588092371199922,0.003458809237119991
Rhea et al. 2021,Rhea_et_al_2021_C1,Site_1,Control_1,Rhea et al. 2021 | Rhea_et_al_2021_C1 | Site_1 | Control_1,DOC,2017,-0.3765358900490775,0.0733368609692013,86,0.7732111205392903,0.4460011637470679,86,6.253831600948794e-5,0.002312988814694638
Rhea et al. 2021,Rhea_et_al_2021_C1,Site_1,Control_1,Rhea et al. 2021 | Rhea_et_al_2021_C1 | Site_1 | Control_1,NO3,2017,2.809036020821759,0.8336878856988889,85,3.963215900077892,0.7122610076276988,85,0.008176888126600983,0.005968420505727352
Rhea et al. 2021,Rhea_et_al_2021_C2,Site_2,Control_2_3,Rhea et al. 2021 | Rhea_et_al_2021_C2 | Site_2 | Control_2_3,DOC,2017,-0.04851057405232688,0.1879980029108431,52,0.30816436988640555,0.18799800291084315,52,6.796778672781801e-4,6.796778672781805e-4
Rhea et al. 2021,Rhea_et_al_2021_C2,Site_2,Control_2_3,Rhea et al. 2021 | Rhea_et_al_2021_C2 | Site_2 | Control_2_3,NO3,2017,2.3840311527572897,0.7765286259403329,52,2.740706096696022,0.7765286259403328,52,0.011596090517399644,0.011596090517399639
Rhea et al. 2021,Rhea_et_al_2021_C3,Site_3,Control_2_3,Rhea et al. 2021 | Rhea_et_al_2021_C3 | Site_3 | Control_2_3,DOC,2017,0.18993653527450577,0.2733266946857957,52,0.22183528235521652,0.2733266946857956,52,0.001436682346689657,0.0014366823466896565
Rhea et al. 2021,Rhea_et_al_2021_C3,Site_3,Control_2_3,Rhea et al. 2021 | Rhea_et_al_2021_C3 | Site_3 | Control_2_3,NO3,2017,2.112654052418437,0.7697612748054063,52,2.144552799499148,0.7697612748054065,52,0.011394854234423928,0.011394854234423933
Tiedemann; 1973,Tiedemann_1973_C1,Site_1,Control_1,Tiedemann; 1973 | Tiedemann_1973_C1 | Site_1 | Control_1,NO3,1970,0.18837544879323387,0.3888493173891337,59,1.6036573467863768,0.3888493173891337,59,0.0025627761293897495,0.0025627761293897495
Tiedemann; 1973,Tiedemann_1973_C1,Site_1,Control_1,Tiedemann; 1973 | Tiedemann_1973_C1 | Site_1 | Control_1,NO3,1971,1.1765281902437335,1.323745645221181,241,2.591810088236876,1.323745645221181,241,0.007270964868224237,0.007270964868224237
Tiedemann; 1973,Tiedemann_1973_C1,Site_1,Control_1,Tiedemann; 1973 | Tiedemann_1973_C1 | Site_1 | Control_1,NO3,1972,0.6112709184610478,1.3095303867889225,124,2.026552816454191,1.3095303867889223,124,0.013829595434867299,0.013829595434867293
Uzun et al. 2020,Uzun_et_al_2020_C1,Site_1,Control_1_2,Uzun et al. 2020 | Uzun_et_al_2020_C1 | Site_1 | Control_1_2,DOC,2016,0.06724077620916645,0.39645074785841217,46,-3.588068636260303,0.39645074785841217,46,0.0034168085973368327,0.0034168085973368327
Uzun et al. 2020,Uzun_et_al_2020_C1,Site_1,Control_1_2,Uzun et al. 2020 | Uzun_et_al_2020_C1 | Site_1 | Control_1_2,DOC,2017,0.21782532280406663,0.3409113031402527,83,-3.4374840896654026,0.34091130314025275,83,0.0014002471880576537,0.0014002471880576544
Uzun et al. 2020,Uzun_et_al_2020_C1,Site_1,Control_1_2,Uzun et al. 2020 | Uzun_et_al_2020_C1 | Site_1 | Control_1_2,NO3,2016,1.0654343501501038,0.4289639671523293,17,-2.589875062319366,0.42896396715232926,17,0.010824122653827333,0.010824122653827331
Uzun et al. 2020,Uzun_et_al_2020_C1,Site_1,Control_1_2,Uzun et al. 2020 | Uzun_et_al_2020_C1 | Site_1 | Control_1_2,NO3,2017,1.1428787182729878,0.5162876246616855,82,-2.5124306941964814,0.5162876246616855,82,0.00325064526071714,0.00325064526071714
Uzun et al. 2020,Uzun_et_al_2020_C2,Site_2,Control_1_2,Uzun et al. 2020 | Uzun_et_al_2020_C2 | Site_2 | Control_1_2,DOC,2016,-0.11826825170284641,0.30593243305341206,46,-3.069091464084991,0.30593243305341206,46,0.002034666382477836,0.002034666382477836
Uzun et al. 2020,Uzun_et_al_2020_C2,Site_2,Control_1_2,Uzun et al. 2020 | Uzun_et_al_2020_C2 | Site_2 | Control_1_2,DOC,2017,0.0755102503897204,0.35978102493866704,83,-2.875312961992424,0.359781024938667,83,0.0015595468181435874,0.001559546818143587
Uzun et al. 2020,Uzun_et_al_2020_C2,Site_2,Control_1_2,Uzun et al. 2020 | Uzun_et_al_2020_C2 | Site_2 | Control_1_2,NO3,2016,1.342150927819966,0.2150550409235441,17,-1.6086722845621786,0.21505504092354408,17,0.002720510036860425,0.0027205100368604246
Uzun et al. 2020,Uzun_et_al_2020_C2,Site_2,Control_1_2,Uzun et al. 2020 | Uzun_et_al_2020_C2 | Site_2 | Control_1_2,NO3,2017,1.1077011200466436,0.5288043914555649,82,-1.843122092335501,0.528804391455565,82,0.003410171761252321,0.0034101717612523225
Wagner et al. 2015,Wagner_et_al_2015_C1,Site_1,Control_1_2,Wagner et al. 2015 | Wagner_et_al_2015_C1 | Site_1 | Control_1_2,DOC,2013,0.02423137593176489,0.0744463867793017,152,-0.4188594718953149,0.0744463867793017,152,3.646226647693017e-5,3.646226647693017e-5
Wagner et al. 2015,Wagner_et_al_2015_C2,Site_2,Control_1_2,Wagner et al. 2015 | Wagner_et_al_2015_C2 | Site_2 | Control_1_2,DOC,2013,0.10929191974859111,0.1270449934626906,152,-0.5984859294412769,0.12704499346269058,152,1.0618704186799406e-4,1.0618704186799402e-4
Writer et al. 2014,Writer_et_al_2014_C1,Site_1,Control_1_2,Writer et al. 2014 | Writer_et_al_2014_C1 | Site_1 | Control_1_2,DOC,2012,0.07278982952899715,0.10632993423307421,83,-0.6349880196608708,0.10632993423307412,83,1.3621752908445648e-4,1.3621752908445623e-4
Writer et al. 2014,Writer_et_al_2014_C1,Site_1,Control_1_2,Writer et al. 2014 | Writer_et_al_2014_C1 | Site_1 | Control_1_2,DOC,2013,0.21886121268497105,0.10135341005498513,61,-0.4889166365048968,0.10135341005498516,61,1.6840186442252395e-4,1.6840186442252406e-4
Writer et al. 2014,Writer_et_al_2014_C1,Site_1,Control_1_2,Writer et al. 2014 | Writer_et_al_2014_C1 | Site_1 | Control_1_2,NO3,2012,-0.31845373111853426,NA,1,-1.0262315803084023,NA,1,NA,NA
Writer et al. 2014,Writer_et_al_2014_C1,Site_1,Control_1_2,Writer et al. 2014 | Writer_et_al_2014_C1 | Site_1 | Control_1_2,NO3,2013,2.159484249353372,NA,1,1.4517064001635045,NA,1,NA,NA
Writer et al. 2014,Writer_et_al_2014_C2,Site_2,Control_1_2,Writer et al. 2014 | Writer_et_al_2014_C2 | Site_2 | Control_1_2,DOC,2012,0.04411273617214902,0.08231703116586928,83,-0.3989781116549308,0.08231703116586925,83,8.163968216822522e-5,8.163968216822517e-5
Writer et al. 2014,Writer_et_al_2014_C2,Site_2,Control_1_2,Writer et al. 2014 | Writer_et_al_2014_C2 | Site_2 | Control_1_2,DOC,2013,0.12448403651763092,0.062451598666632246,61,-0.3186068113094489,0.062451598666632246,61,6.39377405904607e-5,6.39377405904607e-5
Writer et al. 2014,Writer_et_al_2014_C2,Site_2,Control_1_2,Writer et al. 2014 | Writer_et_al_2014_C2 | Site_2 | Control_1_2,NO3,2012,0,NA,1,-0.4430908478270799,NA,1,NA,NA
Writer et al. 2014,Writer_et_al_2014_C2,Site_2,Control_1_2,Writer et al. 2014 | Writer_et_al_2014_C2 | Site_2 | Control_1_2,NO3,2013,1.1627565666335957,0.15525882594139367,61,0.7196657188065159,0.15525882594139365,61,3.9516890217540946e-4,3.9516890217540935e-4
